category,arabic_name,english_name
"makeup","5D مسكره مايت سينما","Might Cinema 5D Mascara"
"makeup","ايسين  س مسكره برنسيس خضراء اوريجنال","Essence Princess Mascara Green (Original)"
"makeup","ايسينس مسكره بنك اوريجنال","Essence Pink Mascara (Original)"
"makeup","ايشادو 25 لون كارلا روز","Karla Rose 25-Color Eyeshadow"
"makeup","ايشادو 32 لون كارلا روز","Karla Rose 32-Color Eyeshadow"
"makeup","ايشادو احترافي 35 لون","Professional 35-Color Eyeshadow"
"makeup","ايلاينر صبوحة","Sabouha Eyeliner"
"makeup","ايلاينر لكويد MN","MN Liquid Eyeliner"
"makeup","ايلاينر ووتر بروف","Waterproof Eyeliner"
"makeup","طقم فرشة مسكرة + ملقاط","Mascara Brush Set + Tweezers"
"makeup","قلم كحل ام.ان انصاص","M.N Half-Size Kohl Pencil"
"makeup","قلم كحلMN","MN Kohl Pencil"
"makeup","كارت رموش مع ايلاينر","False Lashes Card with Eyeliner"
"makeup","كحل ثابت شجلام","Sheglam Long-Lasting Kohl"
"makeup","كحل ثابت ماركات","Long-Lasting Kohl (Assorted Brands)"
"makeup","كحل روز بيري ابيض واسود","Rose Berry Kohl Black & White"
"makeup","كحل روز بيري اسود + دهبي 1015","Rose Berry Kohl Black + Gold 1015"
"makeup","كيس فرش ايشادو كينزي","Kinzy Eyeshadow Brush Bag"
"makeup","مسكرة + مشط MIGHT CINEMA","Might Cinema Mascara + Brow Comb"
"makeup","مسكرة شجلام","Sheglam Mascara"
"makeup","مسكرة شيكولاتة م.س","M.S Chocolate Mascara"
"makeup","مسكرة لاشر بيوتي اشكال","Lasher Beauty Mascara (Assorted)"
"makeup","مسكرة MIGHT CINEMA","Might Cinema Mascara"
"makeup","مسكره  روز جولد 238","Rose Gold Mascara 238"
"makeup","مسكره 3D","3D Mascara"
"makeup","مسكره 7 زيوت مايت سينما","Might Cinema 7-Oil Mascara"
"makeup","مسكره ام ان لاش دوبلينج","MN Lash Doubling Mascara"
"makeup","مسكره بيوتي موديل","Beauty Model Mascara"
"makeup","مسكره ثري دي م.س","M.S 3D Mascara"
"makeup","مسكره حواجب شفاف","Clear Brow Mascara"
"makeup","مسكره دبل اكستند مايت سينما","Might Cinema Double Extend Mascara"
"makeup","مسكره راوبي روز","Ruby Rose Mascara"
"makeup","مسكره روز جولد RG 2222","Rose Gold Mascara RG 2222"
"makeup","مسكره روز جولدRG218","Rose Gold Mascara RG218"
"makeup","مسكره ساسيمي 92013","Sasimi Mascara 92013"
"makeup","مسكره ساندرا 557/534","Sandra Mascara 557/534"
"makeup","مسكره شجلام 2*1","Sheglam 2-in-1 Mascara"
"makeup","مسكره شيجلام","Sheglam Mascara"
"makeup","مسكره شيجلام 182","Sheglam Mascara 182"
"makeup","مسكره ضد الماء","Waterproof Mascara"
"makeup","مسكره فايبر مايت سينما","Might Cinema Fiber Mascara"
"makeup","مسكره فوليوم روز بييري 0256","Rose Berry Volume Mascara 0256"
"makeup","مسكره كشخة ارجنال","Kashkha Mascara (Original)"
"makeup","مسكره كلينكو لونج","Clinco Long Mascara"
"makeup","مسكره لاست لوك 9002","Last Look Mascara 9002"
"makeup","مسكره لاست لوك 9004","Last Look Mascara 9004"
"makeup","مسكره لونج لاش وايت ايقر عنكبوتيه","White Eager Long Lash Spider-Effect Mascara"
"makeup","مسكره ليفر بيوتي 3D","Lever Beauty 3D Mascara"
"makeup","مسكره مايت سينما D3","Might Cinema 3D Mascara"
"makeup","مسكره FLY - HIGH","Fly-High Mascara"
"makeup","ميبيلين مسكره كولوسال اصفر","Maybelline Colossal Mascara (Yellow)"
"makeup","Art Skin قلم حواجب سنون","Art Skin Fork-Tip Brow Pen"
"makeup","Art Skin مسكره زرقاء","Art Skin Blue Mascara"
"makeup","Bissan Beauty مسكره فوليوم","Bissan Beauty Volume Mascara"
"makeup","Bonioijr كحل مط اسود","Bonioijr Matte Black Kohl"
"makeup","Boujonr كحل عادي","Boujonr Classic Kohl"
"makeup","D.B مسكرة تايجر","D.B Tiger Mascara"
"makeup","Ever Beauty ايلاينر 3D","Ever Beauty 3D Eyeliner"
"makeup","Ever Beauty ايلاينر فلوماستر","Ever Beauty Felt-Tip Eyeliner"
"makeup","Ever Beauty قلم حواجب","Ever Beauty Eyebrow Pencil"
"makeup","Ever Beauty ماسكرا","Ever Beauty Mascara"
"makeup","ُEver Beauty ماسكرا","Ever Beauty Mascara"
"makeup","Ever Beauty ماسكرا اسود","Ever Beauty Black Mascara"
"makeup","Ever Beauty مسكرا","Ever Beauty Mascara"
"makeup","Ever Beauty مسكرة","Ever Beauty Mascara"
"makeup","Ever Beauty مسكره","Ever Beauty Mascara"
"makeup","Ever Beauty مسكره 4D","Ever Beauty 4D Mascara"
"makeup","Face Charm كحل","Face Charm Kohl"
"makeup","Flormar كحل/ايلاينر","Flormar Kohl / Eyeliner"
"makeup","Gloria ايشادو 32 لون","Gloria 32-Color Eyeshadow"
"makeup","Gold Beauty ايلاينر فلوماستر دبل طباعة","Gold Beauty Double-Print Felt-Tip Eyeliner"
"makeup","Gold Beauty مسكرا","Gold Beauty Mascara"
"makeup","Gold Beauty مسكره","Gold Beauty Mascara"
"makeup","Gold Beauty مسكره دبل 4D","Gold Beauty Double 4D Mascara"
"makeup","IClass قلم حواجب بفرشه","IClass Eyebrow Pencil with Brush"
"makeup","Karite ايلاينر 2*1","Karite 2-in-1 Eyeliner"
"makeup","Karite قلم حواجب","Karite Eyebrow Pencil"
"makeup","Kiko كحل ثابت","Kiko Long-Lasting Kohl"
"makeup","Kiss Beauty ايلاينر","Kiss Beauty Eyeliner"
"makeup","Kiss Beauty مسكرة فوليوم","Kiss Beauty Volume Mascara"
"makeup","Lady Model مسكرة فحم","Lady Model Charcoal Mascara"
"makeup","Lady Model مسكره","Lady Model Mascara"
"makeup","Lady Model مسكره فحم","Lady Model Charcoal Mascara"
"makeup","Last Look مسكره اتش دي","Last Look HD Mascara"
"makeup","Luul Caty ايشادو 16لون","Luul Caty 16-Color Eyeshadow"
"makeup","M.Cinema ايلاينر","M.Cinema Eyeliner"
"makeup","M.Cinema مسكرة","M.Cinema Mascara"
"makeup","M.Cinema مسكرة سموكي","M.Cinema Smoky Mascara"
"makeup","M.N ايشادو 41 لون","M.N 41-Color Eyeshadow"
"makeup","M.N ايلاينر دايناميك","M.N Dynamic Eyeliner"
"makeup","M.N ايلاينر قلم","M.N Eyeliner Pen"
"makeup","M.N قلم ايلاينر","M.N Eyeliner Pencil"
"makeup","M.N قلم كحل","M.N Kohl Pencil"
"makeup","M.N قلم كحل بسفنجه","M.N Kohl Pencil with Sponge"
"makeup","M.Nباليت ايشادو 21لون","M.N 21-Color Eyeshadow Palette"
"makeup","Maybelline مسكره سكاي هاي","Maybelline Sky High Mascara"
"makeup","Might .C ايشادو 50 لون","Might Cinema 50-Color Eyeshadow"
"makeup","Might Cinema ايشادو 80 لون","Might Cinema 80-Color Eyeshadow"
"makeup","Might Cinema ايلاينر","Might Cinema Eyeliner"
"makeup","Might Cinema مسكرة","Might Cinema Mascara"
"makeup","Might Cinema مسكره","Might Cinema Mascara"
"makeup","Might.C ايشادو 48لون","Might Cinema 48-Color Eyeshadow"
"makeup","Might.C مسكرة 3D","Might Cinema 3D Mascara"
"makeup","Might.C مسكرة الترا بلاك","Might Cinema Ultra Black Mascara"
"makeup","Migth cinema ايشادو","Might Cinema Eyeshadow"
"makeup","Miss Demi قلم كحل مشط","Miss Demi Kohl Pencil with Comb"
"makeup","Miss Demi كحل","Miss Demi Kohl"
"makeup","Monaya ايشادو 20لون","Monaya 20-Color Eyeshadow"
"makeup","Monaya كحل ثابت + قلم حواجب","Monaya Long-Lasting Kohl + Eyebrow Pencil"
"makeup","Monaya ماسكرا زرقاء","Monaya Blue Mascara"
"makeup","Monaya مسكرا دبل","Monaya Double Mascara"
"makeup","Monaya مسكره","Monaya Mascara"
"makeup","Monaya مسكره ازرق","Monaya Blue Mascara"
"makeup","Ms ايلاينر","Ms Eyeliner"
"makeup","Pretty Woman ايشادو سائل","Pretty Woman Liquid Eyeshadow"
"makeup","Qiawes قلم حواجب سنون","Qiawes Fork-Tip Brow Pen"
"makeup","R.B قلم حواجب","R.B Eyebrow Pencil"
"makeup","R.B كحل ثابت","R.B Long-Lasting Kohl"
"makeup","R.B ماسكرا تايجر","R.B Tiger Mascara"
"makeup","R.B BLACK ماسكرا","R.B Black Mascara"
"makeup","Romantic Bright مسكره","Romantic Bright Mascara"
"makeup","Romantic Bright مسكره 5D","Romantic Bright 5D Mascara"
"makeup","Rose Berry ايشادو","Rose Berry Eyeshadow"
"makeup","Rose Berry قلم حواجب سنون","Rose Berry Fork-Tip Brow Pen"
"makeup","Rose Berry كحل تحديد ثابت","Rose Berry Long-Lasting Eyeliner Pencil"
"makeup","Rose Berry كحل ثابت","Rose Berry Long-Lasting Kohl"
"makeup","Rose Berry كحل فردي","Rose Berry Single Kohl"
"makeup","Rose berry ماسكرا","Rose Berry Mascara"
"makeup","Rose Gold ايشادو 15لون","Rose Gold 15-Color Eyeshadow"
"makeup","Rose Gold ايشادو 25 لون","Rose Gold 25-Color Eyeshadow"
"makeup","Rose Gold ايلاينر","Rose Gold Eyeliner"
"makeup","Rose Gold ايلاينر فلوماستر","Rose Gold Felt-Tip Eyeliner"
"makeup","Rose Gold مسكره","Rose Gold Mascara"
"makeup","Rose Gold مسكره 5D","Rose Gold 5D Mascara"
"makeup","RoseGold ايشادو 41 لون","Rose Gold 41-Color Eyeshadow"
"makeup","Ruby Rose ايشادو 26 لون","Ruby Rose 26-Color Eyeshadow"
"makeup","Ruby Rose ايشادو 36 لون","Ruby Rose 36-Color Eyeshadow"
"makeup","Sandra ايشادو 10لون","Sandra 10-Color Eyeshadow"
"makeup","Sandra ايشادو 16لون","Sandra 16-Color Eyeshadow"
"makeup","Sandra ايشادو 18لون","Sandra 18-Color Eyeshadow"
"makeup","Sandra ايشادو 48 لون","Sandra 48-Color Eyeshadow"
"makeup","Sandra بوك ايشادو 4*1","Sandra 4-in-1 Eyeshadow Book"
"makeup","Sandra مسكره","Sandra Mascara"
"makeup","Sephora قلم كحل ثابت","Sephora Long-Lasting Kohl Pencil"
"makeup","Sheglam ايلاينر 4D","Sheglam 4D Eyeliner"
"makeup","Sheglam ايلاينر فلوماستر","Sheglam Felt-Tip Eyeliner"
"makeup","Sheglam مسكره دبل","Sheglam Double Mascara"
"makeup","Sheglam مسكره ذهبي","Sheglam Gold Mascara"
"makeup","Sheglam.ايلاينر فلوماستر","Sheglam Felt-Tip Eyeliner"
"makeup","Shine Queen مسكرة حواجب","Shine Queen Brow Mascara"
"makeup","Snow Bright ايشادو 15لون","Snow Bright 15-Color Eyeshadow"
"makeup","Sugar ايلاينر فلوماستر","Sugar Felt-Tip Eyeliner"
"makeup","Suger ايلاينر فلوماستر","Sugar Felt-Tip Eyeliner"
"makeup","Top Skin قلم كحل ثابت","Top Skin Long-Lasting Kohl Pencil"
"makeup","Wet Ever ايشادو","Wet Ever Eyeshadow"
"makeup","3Q Beauty هايلايتر سائل","3Q Beauty Liquid Highlighter"
"makeup","ايشادو 12 لون BB Rose","BB Rose 12-Color Eyeshadow"
"makeup","برايمر بخاخ م.س","M.S Primer Spray"
"makeup","برايمر بيبي سكين","Baby Skin Primer"
"makeup","بلاشر  روز بيري","Rose Berry Blush"
"makeup","بلاشر 2 لون روز بيري","Rose Berry 2-Color Blush"
"makeup","بلاشر 4لون ساندر598","Sandra 4-Color Blush 598"
"makeup","بلاشر جولد روز","Gold Rose Blush"
"makeup","بلاشر سائل","Liquid Blush"
"makeup","بلاشر سائل جولد روز","Gold Rose Liquid Blush"
"makeup","بلاشر سائل tcontc+بينفت","Liquid Blush tcontc + Benefit"
"makeup","بلاشر ستيك لوك 5008","Look Blush Stick 5008"
"makeup","بلاشر فردي BB Rose","BB Rose Single Blush"
"makeup","بلاشر كارلا روز 8لون","Karla Rose 8-Color Blush"
"makeup","بلاشر ليكود ساندرا","Sandra Liquid Blush"
"makeup","بلاشر MIGHT CINEMA","Might Cinema Blush"
"makeup","بيوتي بلندر+2ميني+كونسيلر+سفنجة+مسكرة","Beauty Blender + 2 Minis + Concealer + Sponge + Mascara"
"makeup","فاونديشن مايت سينما","Might Cinema Foundation"
"makeup","فاونديشن مايت سينما مط","Might Cinema Matte Foundation"
"makeup","فاونديشن مط مايت سينما","Might Cinema Matte Foundation"
"makeup","فاونديشن ووتر بروف م.س","M.S Waterproof Foundation"
"makeup","فرشة بلاشر 2*1 لوكس","Luxe 2-in-1 Blush Brush"
"makeup","فرشة بلاشر احترافية","Professional Blush Brush"
"makeup","فرشة بلاشر قاعدة برونز","Blush Brush with Bronze Base"
"makeup","فرشة بلاشر لوكس","Luxe Blush Brush"
"makeup","فرشة بلاشر مقاسات","Blush Brush (Assorted Sizes)"
"makeup","كونتور  4 الوان","4-Color Contour"
"makeup","كونسيلر سائل جولد بيوتي","Gold Beauty Liquid Concealer"
"makeup","كونسيلر سائل روز بيري","Rose Berry Liquid Concealer"
"makeup","كونسيلر سائل روز بيري R","Rose Berry Liquid Concealer R"
"makeup","كونسيلر ساندرا 708a","Sandra Concealer 708a"
"makeup","كونسيلر مايت سينما 1050","Might Cinema Concealer 1050"
"makeup","لكويد فاونديشن م.س","M.S Liquid Foundation"
"makeup","لكويد فاونديشن مط","Matte Liquid Foundation"
"makeup","BB Rose ايشادو","BB Rose Eyeshadow"
"makeup","BB Rose ايشادو 16لون","BB Rose 16-Color Eyeshadow"
"makeup","BB Rose ايشادوو","BB Rose Eyeshadow"
"makeup","BB Rose ايلاينر","BB Rose Eyeliner"
"makeup","BB Rose ايلاينر دبل بي","BB Rose Double-Ended Eyeliner"
"makeup","BB Rose ايلاينر فلوماستر","BB Rose Felt-Tip Eyeliner"
"makeup","BB Rose برايمر","BB Rose Primer"
"makeup","BB Rose بلاشر 8لون","BB Rose 8-Color Blush"
"makeup","BB Rose بلاشر كريمي","BB Rose Cream Blush"
"makeup","BB Rose روج سائل","BB Rose Liquid Lipstick"
"makeup","BB Rose روج شايني","BB Rose Shiny Lipstick"
"makeup","BB Rose روج مط","BB Rose Matte Lipstick"
"makeup","BB Rose فاونديشن","BB Rose Foundation"
"makeup","BB Rose كحل الوان","BB Rose Colored Kohl"
"makeup","BB Rose كريم اساس","BB Rose Foundation Cream"
"makeup","BB Rose كريم اساس.","BB Rose Foundation Cream"
"makeup","BB Rose كونسيلر","BB Rose Concealer"
"makeup","BB Rose لوس باودر","BB Rose Loose Powder"
"makeup","BB Rose ليفتر","BB Rose Lifter"
"makeup","BB Rose مصحح حواجب","BB Rose Brow Corrector"
"makeup","BB Rose مصحح حواجب تكات","BB Rose Brow Corrector (Click Pen)"
"makeup","Ever Beauty برايمر","Ever Beauty Primer"
"makeup","Ever beauty فاونديشن","Ever Beauty Foundation"
"makeup","Ever Beauty.برايمر","Ever Beauty Primer"
"makeup","EverBeauty برايمر","Ever Beauty Primer"
"makeup","EverBeauty.برايمر","Ever Beauty Primer"
"makeup","Gold Beauty برايمر","Gold Beauty Primer"
"makeup","Gold Beauty بلاشر فردي","Gold Beauty Single Blush"
"makeup","Gold Beauty بلاشر هايلايتر","Gold Beauty Blush & Highlighter"
"makeup","Gold Beauty كونسيلر","Gold Beauty Concealer"
"makeup","Gold Beauty هايلايتر","Gold Beauty Highlighter"
"makeup","Gold Beauty هايلايتر + بلاشر 3D","Gold Beauty Highlighter + Blush 3D"
"makeup","Gold Beauty هايلايتر 4لون","Gold Beauty 4-Color Highlighter"
"makeup","Gold Beauty هايلايتر فردي","Gold Beauty Single Highlighter"
"makeup","Gold.Beauty كونسيلر","Gold Beauty Concealer"
"makeup","Golf Gitrl لوس باودر","Golf Girl Loose Powder"
"makeup","Last Look كونسيلر سائل","Last Look Liquid Concealer"
"makeup","Lchear كونسيلر سائل","Lchear Liquid Concealer"
"makeup","M.Cinema بلاشر سائل","M.Cinema Liquid Blush"
"makeup","M.Cinema بلاشر فردي","M.Cinema Single Blush"
"makeup","M.Cinema لوس باودر","M.Cinema Loose Powder"
"makeup","Might Cinema برايمر","Might Cinema Primer"
"makeup","Might Cinema كونسيلر","Might Cinema Concealer"
"makeup","Might Cinema لوس باودر","Might Cinema Loose Powder"
"makeup","Miss Pretty برايمر","Miss Pretty Primer"
"makeup","Monaya باليت هايلايتر + كنتور","Monaya Highlighter + Contour Palette"
"makeup","Monaya بلاشر","Monaya Blush"
"makeup","Monaya بلاشر + هايلايتر","Monaya Blush + Highlighter"
"makeup","Monaya بلاشر بودر","Monaya Powder Blush"
"makeup","Monaya لوس باودر","Monaya Loose Powder"
"makeup","Monaya هايلايتر سائل","Monaya Liquid Highlighter"
"makeup","Nude بلاشر & هايلايتر","Nude Blush & Highlighter"
"makeup","Pixi بلاشر","Pixi Blush"
"makeup","Pretty Women لوس باودر بنانا","Pretty Women Banana Loose Powder"
"makeup","Pretty Women هايلايتر 4لون 3D","Pretty Women 4-Color 3D Highlighter"
"makeup","Romantic كونسيلر","Romantic Concealer"
"makeup","RomanticBird باليت ايشادو + هايلايتر + بلاشر","Romantic Bird Eyeshadow + Highlighter + Blush Palette"
"makeup","Rose Berry برايمر","Rose Berry Primer"
"makeup","Rose Berry برايمر جل","Rose Berry Gel Primer"
"makeup","Rose Berry كونسيلر","Rose Berry Concealer"
"makeup","Rose Berry كونسيلر سائل","Rose Berry Liquid Concealer"
"makeup","Rose Berry هايلايتر زجاج","Rose Berry Glass Highlighter"
"makeup","Rose Berry.برايمر","Rose Berry Primer"
"makeup","Rose Berryبرايمر","Rose Berry Primer"
"makeup","Rose Gold بلاشر","Rose Gold Blush"
"makeup","Rose Gold بلاشر 6لون","Rose Gold 6-Color Blush"
"makeup","Rose Gold بلاشر فردي","Rose Gold Single Blush"
"makeup","Rose Gold بلاشر مدور","Rose Gold Round Blush"
"makeup","Rose Gold روج سائل وبلاشر","Rose Gold Liquid Lipstick & Blush"
"makeup","Rose Gold كونسيلر","Rose Gold Concealer"
"makeup","Rose Gold كونسيلر سائل","Rose Gold Liquid Concealer"
"makeup","Rose Gold كونسيلر ستيك","Rose Gold Concealer Stick"
"makeup","Rose Gold كونسيلر.سائل","Rose Gold Liquid Concealer"
"makeup","Rose Gold هايلايتر","Rose Gold Highlighter"
"makeup","Rose Gold هايلايتر سائل","Rose Gold Liquid Highlighter"
"makeup","Rose Gold.كونسيلر سائل","Rose Gold Liquid Concealer"
"makeup","Rose Gold.هايلايتر","Rose Gold Highlighter"
"makeup","Rose.Berry برايمر","Rose Berry Primer"
"makeup","Ruby Rose كونتور 6لون","Ruby Rose 6-Color Contour"
"makeup","Sandra برايمر","Sandra Primer"
"makeup","Sandra بلاشر ستيك","Sandra Blush Stick"
"makeup","Sandra فاونديشن 2*1","Sandra 2-in-1 Foundation"
"makeup","Sandra كونسيلر","Sandra Concealer"
"makeup","Sandra كونسيلر سائل","Sandra Liquid Concealer"
"makeup","Sandra لوس باودر","Sandra Loose Powder"
"makeup","Sandra هايلايتر 4لون","Sandra 4-Color Highlighter"
"makeup","Sandra BB كريم اساس","Sandra BB Foundation Cream"
"makeup","Sandra.كونسيلر","Sandra Concealer"
"makeup","Sheglam بلاشر سائل","Sheglam Liquid Blush"
"makeup","Sheglam كونسيلر","Sheglam Concealer"
"makeup","Sheglam هايلايتر + تنت","Sheglam Highlighter + Tint"
"makeup","Sheglam Org كونسيلر","Sheglam Original Concealer"
"makeup","Shine Queen بلاشر سائل","Shine Queen Liquid Blush"
"makeup","ٍSnow Bright برايمر","Snow Bright Primer"
"makeup","Suger فاونديشن","Sugar Foundation"
"makeup","TaiLaiMei كونسيلر دبل","TaiLaiMei Double Concealer"
"makeup","Top Skin برايمر","Top Skin Primer"
"makeup","Top Skin هايلايتر","Top Skin Highlighter"
"makeup",".روج مط  MIGHT CINEMA","Might Cinema Matte Lipstick"
"makeup","بكرات روج 100مل","Lip Rollers 100ml"
"makeup","روج خشب برايه شجلام","Sheglam Lip Pencil with Sharpener"
"makeup","روج خشب شجلام عادي","Sheglam Classic Lip Pencil"
"makeup","روج خشب-Flormar","Flormar Lip Pencil"
"makeup","روج سائل جولوس","Gloss Liquid Lipstick"
"makeup","روج سائل دبل روز جولد","Rose Gold Double Liquid Lipstick"
"makeup","روج سائل روز جولد RG543","Rose Gold Liquid Lipstick RG543"
"makeup","روج سايل ساندرا فوشه عريضه","Sandra Liquid Lipstick Fuchsia (Wide Applicator)"
"makeup","روج ستيك روز جولد","Rose Gold Lipstick"
"makeup","روج ستيك روز جولد RG5170","Rose Gold Lipstick RG5170"
"makeup","روج لفتر MIGTH CINEMA","Might Cinema Lip Lifter"
"makeup","روج مط MIGHT CINEMA","Might Cinema Matte Lipstick"
"makeup","روج مط SANDRA","Sandra Matte Lipstick"
"makeup","ليب جلوس روزجولد","Rose Gold Lip Gloss"
"makeup","ليب جلوس مط 5دي","5D Matte Lip Gloss"
"makeup","Findy Beauty روج سائل","Findy Beauty Liquid Lipstick"
"makeup","Findy Beauty ليفتر","Findy Beauty Lip Lifter"
"makeup","Flormar روج خشب ببرايه","Flormar Lip Pencil with Sharpener"
"makeup","Gold Beauty  روج سائل","Gold Beauty Liquid Lipstick"
"makeup","Gold Beauty روج سائل","Gold Beauty Liquid Lipstick"
"makeup","Gold Beauty روج ماط","Gold Beauty Matte Lipstick"
"makeup","Gold Beauty ليب جلوس مط","Gold Beauty Matte Lip Gloss"
"makeup","Gold Beuty ديبلاينر","Gold Beauty Lip Liner"
"makeup","Golden Rose قلم روج خشب","Golden Rose Lip Pencil"
"makeup","Karite روج سائل","Karite Liquid Lipstick"
"makeup","Karite.روج سائل","Karite Liquid Lipstick"
"makeup","Kiko روج خشب","Kiko Lip Pencil"
"makeup","Kiko.m روج ثابت","Kiko Long-Lasting Lipstick"
"makeup","Kiss Beauty روج سائل","Kiss Beauty Liquid Lipstick"
"makeup","Kiss Beauty.روج سائل","Kiss Beauty Liquid Lipstick"
"makeup","M.Cinema روج مط","M.Cinema Matte Lipstick"
"makeup","M.Cinema روج مط ميني","M.Cinema Mini Matte Lipstick"
"makeup","M.Cinema ليفتر سائل","M.Cinema Liquid Lip Lifter"
"makeup","M.N ديب ديبلاينر","M.N Deep Lip Liner"
"makeup","M.N ديبلاينر","M.N Lip Liner"
"makeup","M.N ديبلاينر فضي","M.N Silver Lip Liner"
"makeup","Miabella روج سائل ثابت","Miabella Long-Lasting Liquid Lipstick"
"makeup","Miabella روج سائل دبل","Miabella Double Liquid Lipstick"
"makeup","Might Cinema ليفتر 3*1","Might Cinema 3-in-1 Lip Lifter"
"makeup","Might Cinema ليفتر سائل","Might Cinema Liquid Lip Lifter"
"makeup","Might.C روج سائل 4*1","Might Cinema 4-in-1 Liquid Lipstick"
"makeup","Miss Bretty روجس سائل جلوس","Miss Pretty Liquid Gloss Lipstick"
"makeup","Monaya روج سائل","Monaya Liquid Lipstick"
"makeup","Monaya روج سائل.","Monaya Liquid Lipstick"
"makeup","Monaya روج ماتيك","Monaya Lipstick"
"makeup","Monaya روج مط","Monaya Matte Lipstick"
"makeup","Monaya ليفتر سائل","Monaya Liquid Lip Lifter"
"makeup","Note روج خشب جديد","Note Lip Pencil (New)"
"makeup","Pretty Women روج دابل مط","Pretty Women Double Matte Lipstick"
"makeup","R.B ليب لاينر","R.B Lip Liner"
"makeup","Romantic روج جيلاتيني","Romantic Jelly Lipstick"
"makeup","Romantic روج سائل","Romantic Liquid Lipstick"
"makeup","Rose Berry ليب لاينر","Rose Berry Lip Liner"
"makeup","Rose Gold ليب جلوس","Rose Gold Lip Gloss"
"makeup","Rose Gold ليب جلوس ليفتر","Rose Gold Lip Gloss Lifter"
"makeup","Rose Gold ليب جلوس مط","Rose Gold Matte Lip Gloss"
"makeup","Rose Gold ليب جلوس مط.","Rose Gold Matte Lip Gloss"
"makeup","Rose Gold ليفتر","Rose Gold Lip Lifter"
"makeup","Rose Gold ليفتر سائل","Rose Gold Liquid Lip Lifter"
"makeup","Rose Gold ماجيك ليب جلوس","Rose Gold Magic Lip Gloss"
"makeup","Rose. Gold ليب جلوس","Rose Gold Lip Gloss"
"makeup","Sandra روج سائل","Sandra Liquid Lipstick"
"makeup","Sandra روج مط","Sandra Matte Lipstick"
"makeup","Sandra ليب جلوس","Sandra Lip Gloss"
"makeup","Sandra ليب جلوس جل","Sandra Gel Lip Gloss"
"makeup","Sandra ليب جلوس مط","Sandra Matte Lip Gloss"
"makeup","Sasimi روج سائل","Sasimi Liquid Lipstick"
"makeup","Shine Queen روج سائل","Shine Queen Liquid Lipstick"
"makeup","Shine Queen ليفتر","Shine Queen Lip Lifter"
"makeup","Tarte روج خشب","Tarte Lip Pencil"
"makeup","Think Pink روج سائل جلوس","Think Pink Liquid Gloss Lipstick"
"makeup","Top Skin روج سائل","Top Skin Liquid Lipstick"
"makeup","كريم اساس روابي رواز","Ruby Rose Foundation Cream"
"makeup","كريم اساس مايت سينما","Might Cinema Foundation Cream"
"makeup","نوت كريم اساس نيو اير","Note New Air Foundation"
"makeup","نوت كريم اساس نيو اير د 100","Note New Air Foundation D100"
"makeup","نوت كريم اساس نيو اير د 110","Note New Air Foundation D110"
"makeup","Anastasia مصحح","Anastasia Brow Corrector"
"makeup","Bissan Beauty قلم سنون","Bissan Beauty Fork-Tip Brow Pen"
"makeup","Bissan Beauty قلم سنون فلوماستر","Bissan Beauty Fork-Tip Felt Brow Pen"
"makeup","Bissan Beauty قلم مصحح حواجب تاتو","Bissan Beauty Brow Tattoo Pen"
"makeup","Ever Beauty قلم سنون","Ever Beauty Fork-Tip Brow Pen"
"makeup","Ever Beauty كريم اساس","Ever Beauty Foundation Cream"
"makeup","Ever Beauty كريم اساس 3*1","Ever Beauty 3-in-1 Foundation Cream"
"makeup","Ever Beauty كريم اساس 3D","Ever Beauty 3D Foundation Cream"
"makeup","Ever Beauty كريم اساس زجاج","Ever Beauty Glass Foundation Cream"
"makeup","ForEver ليبلاينر","ForEver Lip Liner"
"makeup","Gold Beauty كريم اساس","Gold Beauty Foundation Cream"
"makeup","Gold Beauty كريم اساس مضغوط","Gold Beauty Compact Foundation"
"makeup","Kiko-m كريم اساس","Kiko Foundation Cream"
"makeup","Last Look مصحح حواجب","Last Look Brow Corrector"
"makeup","M.C كريم اساس","M.C Foundation Cream"
"makeup","Might.C كريم اساس","Might Cinema Foundation Cream"
"makeup","Might.Cinema كريم اساس","Might Cinema Foundation Cream"
"makeup","Might.Cinema.كريم اساس","Might Cinema Foundation Cream"
"makeup","Monaya مصحح حواجب","Monaya Brow Corrector"
"makeup","Pretty Woman مصحح جل+فرشة","Pretty Woman Brow Gel + Brush"
"makeup","Pretty Women مصحح بودر + جل","Pretty Women Brow Powder + Gel"
"makeup","Rose Gold مصحح دابل 2*1","Rose Gold Double 2-in-1 Corrector"
"makeup","Sandra كريم اساس","Sandra Foundation Cream"
"makeup","Sandra. كريم اساس","Sandra Foundation Cream"
"makeup","Sheglam قلم سنون","Sheglam Fork-Tip Brow Pen"
"makeup","Sheglam كريم اساس","Sheglam Foundation Cream"
"makeup","Sheglam كريم مصحح","Sheglam Color Corrector Cream"
"makeup","Sheglam ليبلاينر","Sheglam Lip Liner"
"makeup","Sheglam ليبلاينر كريمي","Sheglam Creamy Lip Liner"
"makeup","SHEGLAM LIP GLOSS دهبي","Sheglam Lip Gloss Gold"
"makeup","Shegllam مصحح جل","Sheglam Brow Gel"
"makeup","Shine Queen مصحح حواجب","Shine Queen Brow Corrector"
"makeup","Sugar كريم اساس","Sugar Foundation Cream"
"makeup","Suger كريم اساس","Sugar Foundation Cream"
"makeup","Suger Nude كريم اساس","Sugar Nude Foundation Cream"
"makeup","WetEver مصحح حواجب بالمثبت","Wet Ever Brow Corrector with Fixer"
"skincare","اسبلاش تيد بيكر 60مل","Ted Baker Body Splash 60ml"
"skincare","ايفا زيت صبار 170مل","Eva Aloe Vera Oil 170ml"
"skincare","ايفا زيت صبار 255 مل","Eva Aloe Vera Oil 255ml"
"skincare","ايفا زيت صبار 85 مل","Eva Aloe Vera Oil 85ml"
"skincare","ايفا زيت صبار وزيتون 255مل","Eva Aloe Vera & Olive Oil 255ml"
"skincare","ايفا سكين كير لوشن 240مل","Eva Skin Care Lotion 240ml"
"skincare","ايفا شاور جيل 1 ليتر","Eva Shower Gel 1L"
"skincare","ايفا كريم استحمام 370مل","Eva Shower Cream 370ml"
"skincare","بادي سبلاش 200 ملي Diamond","Diamond Body Splash 200ml"
"skincare","بدي سبلاش اماندا","Amanda Body Splash"
"skincare","بدي لوشن 240مل - ايفا","Eva Body Lotion 240ml"
"skincare","بودره معطره 125مل اصلي - Enchanteur","Enchanteur Perfumed Talc 125ml (Original)"
"skincare","بودي لوشن صغير Amor","Amor Body Lotion (Small)"
"skincare","بودي لوشن كبير Amor","Amor Body Lotion (Large)"
"skincare","بوله ايس كريم يد خشب","Ice Cream Scoop with Wooden Handle"
"skincare","جليسوليد لوشن 200 مل احمر","Glysolid Lotion 200ml (Red)"
"skincare","خمرة سبلاش - دبي 200مل","Khamrah Body Splash - Dubai 200ml"
"skincare","سبلاش امور وسط","Amor Body Splash (Medium)"
"skincare","سبلاش ايفا 250مل","Eva Body Splash 250ml"
"skincare","سبلاش ايفا 85مل","Eva Body Splash 85ml"
"skincare","سبلاش جليتر جامبو","Glitter Body Splash (Jumbo)"
"skincare","سبلاش جليتر صغير Amor","Amor Glitter Body Splash (Small)"
"skincare","سبلاش جليتر كبير - امور","Amor Glitter Body Splash (Large)"
"skincare","سبلاش جليتر وسط Amor","Amor Glitter Body Splash (Medium)"
"skincare","سبلاش دون 60مل","Don Body Splash 60ml"
"skincare","سبلاش صغير Amor","Amor Body Splash (Small)"
"skincare","سبلاش عادس وسط Amor","Amor Classic Body Splash (Medium)"
"skincare","شاور جل بيندولين 300مل","Pendoline Shower Gel 300ml"
"skincare","صابون مغربي افريكانا","Africana Moroccan Soap"
"skincare","صابون مغربي بوبانا 500جم","Bobana Moroccan Soap 500g"
"skincare","صابون مغربي كيلوباترا 500مل","Cleopatra Moroccan Soap 500ml"
"skincare","صابونة  - روكا","Roca Soap Bar"
"skincare","صابونة Star Ville","Star Ville Soap Bar"
"skincare","صابونه حواجب شي  جلام كبيره","Sheglam Brow Soap (Large)"
"skincare","طقم سبلاش 2قطعة - Orchida","Orchida Body Splash Set (2 Pieces)"
"skincare","عرض لوشن -انشانتر 2*1 250مل","Enchanteur Lotion 2-for-1 Offer 250ml"
"skincare","فازلسين لوشن 200مل","Vaseline Lotion 200ml"
"skincare","كريم ترطيب الليل - اماندا","Amanda Night Moisturizing Cream"
"skincare","كريم ترطيب Fred","Fred Moisturizing Cream"
"skincare","كريم تفتيح - جو","Jo Brightening Cream"
"skincare","كريم تفتيح ديزار","Disaar Brightening Cream"
"skincare","كريم تفتيح Dear","Dear Brightening Cream"
"skincare","كليوباترا صابون مغربي250 مل","Cleopatra Moroccan Soap 250ml"
"skincare","كليوباترا صابون مغربي500 مل","Cleopatra Moroccan Soap 500ml"
"skincare","كولاجرا صابون تفتيح 10جم","Kolagra Brightening Soap 10g"
"skincare","لوشن افريكانا 250مل","Africana Lotion 250ml"
"skincare","لوشن جليتر","Glitter Lotion"
"skincare","ليزا صابون الفحم 80 جرام","Liza Charcoal Soap 80g"
"skincare","ليزا صابون القهوه 70 جرام","Liza Coffee Soap 70g"
"skincare","ليزا صابون الكركم","Liza Turmeric Soap"
"skincare","ليزا صابون بشجره الشاي 70 ج","Liza Tea Tree Soap 70g"
"skincare","ليزا صابون جلسرين 75 مل","Liza Glycerin Soap 75ml"
"skincare","ليزا صابون كبريت 75 جرام","Liza Sulfur Soap 75g"
"skincare","ليزا صابون لبان الدكر 70 جرام","Liza Frankincense Soap 70g"
"skincare","نتائج الطبيعية كريم تفتيح 100مل","Natural Results Brightening Cream 100ml"
"skincare","هاي لايف كريم تفتيح","High Life Brightening Cream"
"skincare","BleuFleur صابون جلسرين بيبي+جوزالهند","BleuFleur Baby Glycerin Soap + Coconut"
"skincare","BleuFleur صابون لبان الدكر","BleuFleur Frankincense Soap"
"skincare","BlueFleur صابون فحم+حبة البركة","BleuFleur Charcoal + Black Seed Soap"
"skincare","Bo bana بادي لوشن 240 ملي","Bobana Body Lotion 240ml"
"skincare","Boon شاور جل 500مل","Boon Shower Gel 500ml"
"skincare","Boon لوشن سبراي 250مل","Boon Lotion Spray 250ml"
"skincare","Care&More لوشن 150مل","Care&More Lotion 150ml"
"skincare","Coco بودي سبلاش 250مل","Coco Body Splash 250ml"
"skincare","Coco بودي سبلاش لوكس","Coco Luxe Body Splash"
"skincare","Dityo بادي اسبلاش 200 ملي","Dityo Body Splash 200ml"
"skincare","Dollar سبلاش 250مل","Dollar Body Splash 250ml"
"skincare","Don بودي سبلاش 250مل","Don Body Splash 250ml"
"skincare","Dorall بادي سبلاش","Dorall Body Splash"
"skincare","Dosh شاور جل","Dosh Shower Gel"
"skincare","Dove صابون 90جم","Dove Soap 90g"
"skincare","Eva معطر جسم 240مل","Eva Body Mist 240ml"
"skincare","Frida شاور جل 250مل","Frida Shower Gel 250ml"
"skincare","GB بودره معطره للجسم","GB Perfumed Body Powder"
"skincare","GLYSOLID كريم يد 80مل","Glysolid Hand Cream 80ml"
"skincare","LUNA صابونه جلسرين 115 جم","Luna Glycerin Soap 115g"
"skincare","Marolina شاور جل 1لتر","Marolina Shower Gel 1L"
"skincare","Memwa بادي سبلاش 200 ملي","Memwa Body Splash 200ml"
"skincare","Moist كريم ترطيب 100مل","Moist Moisturizing Cream 100ml"
"skincare","Mood سبلاش 220مل","Mood Body Splash 220ml"
"skincare","Mood شاور جل 750 مل","Mood Shower Gel 750ml"
"skincare","Nevia Soft كريم ترطيب 100مل","Nivea Soft Moisturizing Cream 100ml"
"skincare","Nevia Soft كريم ترطيب 200مل","Nivea Soft Moisturizing Cream 200ml"
"skincare","Nivea Soft كريم ترطيب","Nivea Soft Moisturizing Cream"
"skincare","Note صابونة حواجب","Note Brow Soap"
"skincare","Rose Berry صابونة حواجب","Rose Berry Brow Soap"
"skincare","Sheglam صابونة حواجب","Sheglam Brow Soap"
"skincare","Sheglam صابونة حواجب.","Sheglam Brow Soap"
"skincare","Starky صابون تفتيح 100جم","Starky Brightening Soap 100g"
"skincare","Vitaity بادي سبلاش","Vitality Body Splash"
"skincare","Vitalty سبلاش 250مل","Vitality Body Splash 250ml"
"skincare","ايقاغسول مقشر 150 مل","Eva Exfoliating Cleanser 150ml"
"skincare","بريانكا مجموعه غسول +جل 250م","Priyanka Cleanser + Gel Set 250ml"
"skincare","ستارفل-غسول 100مل","Starville Cleanser 100ml"
"skincare","سفنجة غسول","Face Wash Sponge"
"skincare","عرض غسول + سيرم Kolagra","Kolagra Cleanser + Serum Offer"
"skincare","عرض غسول + صن بلوك Kolagra","Kolagra Cleanser + Sunblock Offer"
"skincare","غسول بوبانا 50مل","Bobana Cleanser 50ml"
"skincare","غسول ترطيب بوبانا 150مل","Bobana Moisturizing Cleanser 150ml"
"skincare","غسول حليب الامارات 200مل","Emirates Milk Cleanser 200ml"
"skincare","غسول ستارفيل 200مل","Starville Cleanser 200ml"
"skincare","غسول ستارفيل 400مل","Starville Cleanser 400ml"
"skincare","غسول ستارفيل تفتيح400مل","Starville Brightening Cleanser 400ml"
"skincare","غسول للبشره الدهنيه 200مل","Cleanser for Oily Skin 200ml"
"skincare","غسول نسائي شان","Shan Feminine Wash"
"skincare","غسول وجه بلكولاجين - ايفا 150مل","Eva Collagen Face Wash 150ml"
"skincare","فاكيشن غسول سبيو جل 200م","Vacation Sebo-Gel Cleanser 200ml"
"skincare","Beesline روتين تفتيح غسول+كريم","Beesline Brightening Routine Cleanser + Cream"
"skincare","Beesline غسول 5*1 اناره فوريه","Beesline 5-in-1 Instant Glow Cleanser"
"skincare","Beesline غسول لتفتيح الوجه + تونر","Beesline Brightening Face Wash + Toner"
"skincare","BLANKIE شامبو +بلسم+غسول منظف للجسم 200مل","Blankie Shampoo + Conditioner + Body Wash 200ml"
"skincare","Brillante غسول 200مل","Brillante Cleanser 200ml"
"skincare","Care&More غسول 150مل","Care&More Cleanser 150ml"
"skincare","Dear غسول البشره الدهنيه 200مل","Dear Cleanser for Oily Skin 200ml"
"skincare","Dermactive عرض سيريوس غسول فوم 150مل","Dermactive Serious Foam Cleanser Offer 150ml"
"skincare","Dermactive غسول جل للبشره الدهنيه 200مل","Dermactive Gel Cleanser for Oily Skin 200ml"
"skincare","Disaar غسول فيتامين سي","Disaar Vitamin C Cleanser"
"skincare","Don غسول وجه","Don Face Wash"
"skincare","Drakon غسول العنايه الشخصيه","Drakon Intimate Wash"
"skincare","Drakon غسول بخاخ 200 ملي","Drakon Spray Cleanser 200ml"
"skincare","Drakon غسول بفرشه 175 ملي","Drakon Cleanser with Brush 175ml"
"skincare","EVA غسول وجه  للبشره الدهنيه 100مل","Eva Face Wash for Oily Skin 100ml"
"skincare","Eva غسول وجه بحمض الهيالورونيك","Eva Hyaluronic Acid Face Wash"
"skincare","Eva غسول وجه ومزيل ميكب","Eva Face Wash & Makeup Remover"
"skincare","EVA غسول ومقشر  150 م","Eva Cleanser & Exfoliator 150ml"
"skincare","Eva كريم ليلي + غسول 30 مل","Eva Night Cream + Cleanser 30ml"
"skincare","Eva كريم نهاري + غسول 30 مل","Eva Day Cream + Cleanser 30ml"
"skincare","Evona غسول بشره 300مل","Evona Skin Cleanser 300ml"
"skincare","Garnier غسول 100 مل","Garnier Cleanser 100ml"
"skincare","Garnier غسول 50 مل","Garnier Cleanser 50ml"
"skincare","Himalaya غسول 100مل","Himalaya Cleanser 100ml"
"skincare","INFINITY سيرم فيتامين سي+غسول","Infinity Vitamin C Serum + Cleanser"
"skincare","INFINITY غسول بشره 150+50مل","Infinity Skin Cleanser 150ml + 50ml"
"skincare","INFINITY غسول بشره 150مل +50مل","Infinity Skin Cleanser 150ml + 50ml"
"skincare","Moist-1 غسول فوم 150مل","Moist-1 Foam Cleanser 150ml"
"skincare","Moist-1 غسول ميلكي 200مل","Moist-1 Milky Cleanser 200ml"
"skincare","StaVille غسول تفتيح 100مل","Starville Brightening Cleanser 100ml"
"skincare","StaVille غسول تفتيح 100مل.","Starville Brightening Cleanser 100ml"
"skincare","StaVille غسول تفتيح 200مل","Starville Brightening Cleanser 200ml"
"skincare","بريانكا مقشر شفايف 50جم","Priyanka Lip Scrub 50g"
"skincare","بوبانا شيت ماسك فحم ورمان وفيتامين سي","Bobana Charcoal, Pomegranate & Vitamin C Sheet Mask"
"skincare","شيت ماسك برون + وايتينج StarVille","Starville Bronze + Whitening Sheet Mask"
"skincare","كريم تبيض وتقشير Dove","Dove Whitening & Exfoliating Cream"
"skincare","كريم تبيض وتقشير Fructis","Fructis Whitening & Exfoliating Cream"
"skincare","كريم تبيض وتقشير-Loreal","L'Oréal Whitening & Exfoliating Cream"
"skincare","مقشر النيله الزرقا-Evona","Evona Blue Nila Scrub"
"skincare","Dermactive سيريوس كريم مقشر","Dermactive Serious Exfoliating Cream"
"skincare","EVA كريم مقشر وجه 100مل","Eva Face Scrub Cream 100ml"
"skincare","Evona ماسك طمي","Evona Clay Mask"
"skincare","ايفا كولاجين 150مل","Eva Collagen 150ml"
"skincare","بلوب هيداوي كريم بشره 100مل","Blob Hydra Skin Cream 100ml"
"skincare","جو كريم بشرة 60جم","Jo Skin Cream 60g"
"skincare","خلطة حليب الامارات بالكولاجين","Emirates Milk Collagen Mix"
"skincare","زيت السعد د فيلر 130مل+30مل كولاجين","Dr. Filler Nutgrass Oil 130ml + 30ml Collagen"
"skincare","زيت توم130مل+30مل كولاجين د فيلر","Dr. Filler Garlic Oil 130ml + 30ml Collagen"
"skincare","كريم بشرة 250مل- Byphasse","Byphasse Skin Cream 250ml"
"skincare","كريم كولاجين-ايفونا","Evona Collagen Cream"
"skincare","كريم مرطب 200جم Dear","Dear Moisturizing Cream 200g"
"skincare","كير اند مور كريم بشره 250مل","Care&More Skin Cream 250ml"
"skincare","ليب بالم فواكه","Fruit Lip Balm"
"skincare","ماء ميسيلار + وايتينج ستارفيل 100مل","Starville Micellar Water + Whitening 100ml"
"skincare","ماء ميسيلار منظف 100مل - Garnier","Garnier Micellar Cleansing Water 100ml"
"skincare","مرطب شفاه - Moist","Moist Lip Balm"
"skincare","مرطب شفاه جو","Jo Lip Balm"
"skincare","مرطب شفاه سحري","Magic Lip Balm"
"skincare","مرطب شفاه فواكه","Fruit Lip Balm"
"skincare","مرطب شفايف سحري","Magic Lip Balm"
"skincare","مرطب للجسم روائح 200مل - Mood","Mood Scented Body Moisturizer 200ml"
"skincare","ميسيلار بلزيوت 100مل - Garnier","Garnier Oil-Infused Micellar Water 100ml"
"skincare","هاي لايف سوفت كريم مرطب","High Life Soft Moisturizing Cream"
"skincare","BB Rose مرطب شفاه","BB Rose Lip Balm"
"skincare","BLANKIE كريم مرطب 40مل","Blankie Moisturizing Cream 40ml"
"skincare","Dear جل مرطب 200جم","Dear Moisturizing Gel 200g"
"skincare","Dermactive سيريوس كريم مرطب","Dermactive Serious Moisturizing Cream"
"skincare","Dermactive ليب بالم 15مل","Dermactive Lip Balm 15ml"
"skincare","Eva عسل كريم مرطب 55مل","Eva Honey Moisturizing Cream 55ml"
"skincare","Evona كريم بشرة 50مل","Evona Skin Cream 50ml"
"skincare","Gold Beauty ليب بالم","Gold Beauty Lip Balm"
"skincare","INFINITY مارين كولاجين 1+1","Infinity Marine Collagen 1+1"
"skincare","Karite مرطب شفايف بالعسل","Karite Honey Lip Balm"
"skincare","Kiss Beauty ليب بالم","Kiss Beauty Lip Balm"
"skincare","Moist مرطب+سنتيلا  للبشرة الجافه","Moist Moisturizer + Centella for Dry Skin"
"skincare","Rose Gold ليب بالم","Rose Gold Lip Balm"
"skincare","Shaan جل مرطب 120مل","Shaan Moisturizing Gel 120ml"
"skincare","Shaan كريم مرطب 120مل","Shaan Moisturizing Cream 120ml"
"skincare","Starky كريم مرطب 150 ملي","Starky Moisturizing Cream 150ml"
"skincare","TetraHydro جل مرطب 75مل","TetraHydro Moisturizing Gel 75ml"
"skincare","TetraHydro سيراميد جل مرطب","TetraHydro Ceramide Moisturizing Gel"
"skincare","TetraHydro كريم مرطب باليوريا","TetraHydro Urea Moisturizing Cream"
"skincare","بريانكا كريم تين شوكي 250مل","Priyanka Prickly Pear Cream 250ml"
"skincare","سيرام فيتامين سي ديزار اوريجنال","Disaar Vitamin C Serum (Original)"
"skincare","عرض كولاجار فيتامين سي 30مل","Kolagra Vitamin C Offer 30ml"
"skincare","كريم وايتي بانثينول 40جم","Whity Panthenol Cream 40g"
"skincare","كليوباترا تنت املاح باديكير 500م","Cleopatra Pedicure Salts 500ml"
"skincare","سيرم 100مل Clary","Clary Serum 100ml"
"skincare","سيرم 125 Boutique","Boutique Serum 125ml"
"skincare","سيرم 30مل - Moist","Moist Serum 30ml"
"skincare","سيرم ارجان اصلي 125مل","Original Argan Serum 125ml"
"skincare","سيرم اماندا ميلانو 40مل","Amanda Milano Serum 40ml"
"skincare","سيرم انتي فريز 100مل","Anti-Frizz Serum 100ml"
"skincare","سيرم انرجي كرستال 60مل","Energy Crystal Serum 60ml"
"skincare","سيرم بشرة ايفا 30مل","Eva Skin Serum 30ml"
"skincare","سيرم سم النحل د فيلر 130مل +30مل كولاجين","Dr. Filler Bee Venom Serum 130ml + 30ml Collagen"
"skincare","سيرم فيتامين سي ديزار","Disaar Vitamin C Serum"
"skincare","سيرم للشعر 125مل Shiny Star","Shiny Star Hair Serum 125ml"
"skincare","Baki سيرم 75مل","Baki Serum 75ml"
"skincare","BObana سيرم 100 ملي","Bobana Serum 100ml"
"skincare","Devi سيرم 100ملي","Devi Serum 100ml"
"skincare","Garnier سيرم برايت 30 ملي","Garnier Bright Serum 30ml"
"skincare","Karseell سيرم للشعر التالف 50مل","Karseell Serum for Damaged Hair 50ml"
"skincare","Loreal سيرم 100 ملي","L'Oréal Serum 100ml"
"skincare","Lova  سيرم للشعر 90مل","Lova Hair Serum 90ml"
"skincare","Ruska سيرم","Ruska Serum"
"skincare","Sheglam سيرم رموش","Sheglam Lash Serum"
"skincare","Vera سيرم ارجان للتغذيه 100مل","Vera Nourishing Argan Serum 100ml"
"skincare","Vera سيرم حراري قبل المكواه 100مل","Vera Heat Protection Serum Before Straightening 100ml"
"skincare","انفينتي صن سكرين جيل  عرض 1+","Infinity Sunscreen Gel Offer 1+1"
"skincare","انفينتي صن سكرين لوشن عرض 1+1","Infinity Sunscreen Lotion Offer 1+1"
"skincare","بوباي صن سكرين جل 60ج","Bobai Sunscreen Gel 60g"
"skincare","بوباي صن سكرين جل تنتد","Bobai Tinted Sunscreen Gel"
"skincare","بوباي صن سكرين كريم 50م","Bobai Sunscreen Cream 50ml"
"skincare","بوباي صن سكرين لوشن حمايه 120م","Bobai Protection Sunscreen Lotion 120ml"
"skincare","بوباي صن سكرين50ج 1+1","Bobai Sunscreen 50g 1+1"
"skincare","دراكون صن سكرين كريم 150+ صن سكرين حمايه","Drakon Sunscreen Cream 150 + Protection Sunscreen"
"skincare","دراكون صن سكرين كريم50+عرض","Drakon Sunscreen Cream 50 + Offer"
"skincare","عرض دراكون صن سكرين 1+1","Drakon Sunscreen Offer 1+1"
"skincare","فاكيشن صن سكرين اسبراي 200م","Vacation Sunscreen Spray 200ml"
"skincare","ماش صن سكرين ترطيب 125ج","Mash Moisturizing Sunscreen 125g"
"skincare","ماش صن سكرين ترطيب يومي 125ج","Mash Daily Moisturizing Sunscreen 125g"
"skincare","ClaraPiel صن سكرين لوشن 60مل","ClaraPiel Sunscreen Lotion 60ml"
"skincare","Kolagra صن سكرين لوشن 2*1  120مل","Kolagra Sunscreen Lotion 2-in-1 120ml"
"skincare","Melatime صن سكرين +50  60مل","Melatime Sunscreen SPF 50+ 60ml"
"skincare","Melatime صن سكرين تنتد 60جم","Melatime Tinted Sunscreen 60g"
"skincare","Melatime صن سكرين جل حماية   120مل","Melatime Protection Sunscreen Gel 120ml"
"skincare","Melatime صن سكرين جل شفاف 50جم","Melatime Clear Sunscreen Gel 50g"
"skincare","Melatime صن سكرين سبراي  150مل","Melatime Sunscreen Spray 150ml"
"haircare","بايو سوفت حمام كريم","Bio Soft Hair Cream Bath"
"haircare","بريانكا بلسم فوت بالم 250جم","Priyanka Foot Balm 250g"
"haircare","بلسم بلوب 850مل","Blob Conditioner 850ml"
"haircare","بلوب حمام كريم","Blob Hair Cream Bath"
"haircare","بوبات حمام كريم 500م","Bobana Hair Cream Bath 500ml"
"haircare","بوبانا حمام كريم 500 ملي","Bobana Hair Cream Bath 500ml"
"haircare","جونسون بلسم 500مل","Johnson's Conditioner 500ml"
"haircare","حمام كريم 400 مل Ruska","Ruska Hair Cream Bath 400ml"
"haircare","حمام كريم ارجان 50مل","Argan Hair Cream Bath 50ml"
"haircare","حمام كريم بلوب 1كجم","Blob Hair Cream Bath 1kg"
"haircare","حمام كريم بيندولين للاطفال","Pendoline Kids Hair Cream Bath"
"haircare","حمام كريم حليب الامارات","Emirates Milk Hair Cream Bath"
"haircare","حمام كريم مينك 800مل","Mink Hair Cream Bath 800ml"
"haircare","رويال بلسم  هيالورن  بيور 360 ملي","L'Oréal Hyaluron Pure Conditioner 360ml"
"haircare","فاتيكا كريم شعر 125 ملي","Vatika Hair Cream 125ml"
"haircare","فيانسه حمام كريم 7*1 950 مل","Fiancée 7-in-1 Hair Cream Bath 950ml"
"haircare","فيانسيه حمام كريم 7*1 450مل","Fiancée 7-in-1 Hair Cream Bath 450ml"
"haircare","فيانسيه كريم شعر يخاخ 240مل","Fiancée Hair Cream Spray 240ml"
"haircare","كريم شعر - Kuza","Kuza Hair Cream"
"haircare","كريم شعر 200جم- فلافي","Fluffy Hair Cream 200g"
"haircare","كريم شعر بندولين للشعر الويفي","Pendoline Hair Cream for Wavy Hair"
"haircare","كريم شعر بيندولين بالمورينجا 150مل","Pendoline Moringa Hair Cream 150ml"
"haircare","كليوباترا بلسم500 مل","Cleopatra Conditioner 500ml"
"haircare","لوفا بلسم 400 مل","Lova Conditioner 400ml"
"haircare","نتائج طبيعية حمام كريم 500 مل","Natural Results Hair Cream Bath 500ml"
"haircare","نتائج طبيعية حمام كريم 750مل","Natural Results Hair Cream Bath 750ml"
"haircare","نتائج طبيعية حمام كريم 750مل.","Natural Results Hair Cream Bath 750ml"
"haircare","Amla اسبراي اطفال 200مل لا تشابك","Amla Kids No-Tangle Spray 200ml"
"haircare","Baki حمام كريم 5500مل","Baki Hair Cream Bath 5500ml"
"haircare","BLANKIE كريم شعر 150مل","Blankie Hair Cream 150ml"
"haircare","BLANKIE كريم شعر اطفال120 مل","Blankie Kids Hair Cream 120ml"
"haircare","Blueline بلسم 1لتر","Blueline Conditioner 1L"
"haircare","Bobana بلسم400مل","Bobana Conditioner 400ml"
"haircare","Boon بلسم 250مل","Boon Conditioner 250ml"
"haircare","Capixy كريم لتساقط الشعر 120مل","Capixy Anti Hair-Fall Cream 120ml"
"haircare","Devi حمام كريم","Devi Hair Cream Bath"
"haircare","Eva كريم شعر كيرلز","Eva Curls Hair Cream"
"haircare","Everest بلسم 1 لتر","Everest Conditioner 1L"
"haircare","Karseell بلسم 500مل","Karseell Conditioner 500ml"
"haircare","Leaves بلسم لتساقط الشعر 200مل","Leaves Anti Hair-Fall Conditioner 200ml"
"haircare","Leaves كريم تساقط وهيشان للشعر","Leaves Anti Hair-Fall & Frizz Cream"
"haircare","Leven حمام كريم 500 مل","Leven Hair Cream Bath 500ml"
"haircare","Lorael بلسم اسود 200 ملي","L'Oréal Black Conditioner 200ml"
"haircare","Loreal بلسم جاف دهبي 200 ملي","L'Oréal Gold Dry-Hair Conditioner 200ml"
"haircare","Loreal بلسم جليكولك 360 ملي","L'Oréal Glycolic Conditioner 360ml"
"haircare","Loreal بلسم دريم لونج 200 ملي","L'Oréal Dream Long Conditioner 200ml"
"haircare","Loreal بلسم هيالورون 200 م","L'Oréal Hyaluron Conditioner 200ml"
"haircare","Lova حمام كريم 500م","Lova Hair Cream Bath 500ml"
"haircare","Marolina بلسم 1لتر","Marolina Conditioner 1L"
"haircare","Mink بلسم 400مل","Mink Conditioner 400ml"
"haircare","Mink بلسم 700مل","Mink Conditioner 700ml"
"haircare","Mink بلسم 800مل","Mink Conditioner 800ml"
"haircare","Mink حمام كريم 400جم","Mink Hair Cream Bath 400g"
"haircare","Mink كريم بلبلسم 200مل","Mink Conditioning Cream 200ml"
"haircare","Pantene بلسم 1","Pantene Conditioner 1L"
"haircare","Sky حمام كريم 1ك","Sky Hair Cream Bath 1kg"
"haircare","Sun silk بلسم 350 ملي","Sunsilk Conditioner 350ml"
"haircare","TRESemme بلسم 600مل","TRESemmé Conditioner 600ml"
"haircare","Vatika حمام كريم 225 ملي","Vatika Hair Cream Bath 225ml"
"haircare","Vatika حمام كريم 450مل","Vatika Hair Cream Bath 450ml"
"haircare","Vatika حمام كريم 900مل","Vatika Hair Cream Bath 900ml"
"haircare","Vatika كريم شعر 190مل","Vatika Hair Cream 190ml"
"haircare","Vatika كريم شعر 65مل","Vatika Hair Cream 65ml"
"haircare","Vera بلسم 250مل","Vera Conditioner 250ml"
"haircare","Vera حمام كريم 400مل","Vera Hair Cream Bath 400ml"
"haircare","Wily حمام كريم 1000 جرام","Wily Hair Cream Bath 1000g"
"haircare","Wily حمام كريم 800مل","Wily Hair Cream Bath 800ml"
"haircare","AMLA زيت شعر ياسمين 180 مل","Amla Jasmine Hair Oil 180ml"
"haircare","BLANKIE زيت شعر اطفال 100مل","Blankie Kids Hair Oil 100ml"
"haircare","Emami زيت شعر 100مل","Emami Hair Oil 100ml"
"haircare","Emami زيت شعر 200مل","Emami Hair Oil 200ml"
"haircare","Emami زيت شعر 300مل","Emami Hair Oil 300ml"
"haircare","كريم لتصفيف الشعر - ايفا 200مل","Eva Hair Styling Cream 200ml"
"haircare","ايفا شامبو  ريبسي350مل","Eva Recipe Shampoo 350ml"
"haircare","جونسون شامبو 100مل","Johnson's Shampoo 100ml"
"haircare","جونسون شامبو 200مل","Johnson's Shampoo 200ml"
"haircare","جونسون شامبو 750مل ميجا","Johnson's Mega Shampoo 750ml"
"haircare","جونسون شامبو اطفال 300مل مستورد","Johnson's Baby Shampoo 300ml (Imported)"
"haircare","دوف  شامبو 350ملي عادي كبير","Dove Classic Shampoo 350ml (Large)"
"haircare","دوف شامبو 180","Dove Shampoo 180ml"
"haircare","دوف شامبو 600 ملي كبير","Dove Shampoo 600ml (Large)"
"haircare","روريال شامبو 400 ملي اسود","L'Oréal Black Shampoo 400ml"
"haircare","رويال شامبو للشعر التالف الجاف 400 ملي","L'Oréal Shampoo for Dry Damaged Hair 400ml"
"haircare","سباركل شامبو 170مل","Sparkle Shampoo 170ml"
"haircare","سباركل شامبو 600مل","Sparkle Shampoo 600ml"
"haircare","سباركل شامبو 600مل احمر","Sparkle Shampoo 600ml (Red)"
"haircare","شامبو اطفال بيندولين 250مل","Pendoline Kids Shampoo 250ml"
"haircare","شامبو ببندوابن 450مل","Pendoline Shampoo 450ml"
"haircare","شامبو بلوب 850مل","Blob Shampoo 850ml"
"haircare","شامبو سانوسان 500ملي","Sanosan Shampoo 500ml"
"haircare","شامبو كلاري 300 مل","Clary Shampoo 300ml"
"haircare","شامبو كلينك-ايفا","Eva Clinic Shampoo"
"haircare","شامبو وبلسم ارجان الاصلي 500مل","Original Argan Shampoo & Conditioner 500ml"
"haircare","شامبو/بلسم سوارية 500مل","Soirée Shampoo / Conditioner 500ml"
"haircare","عرض شامبو وبلسم - Leven","Leven Shampoo & Conditioner Offer"
"haircare","عرض شامبو وبلسم تريزمي","TRESemmé Shampoo & Conditioner Offer"
"haircare","عرض شامبو sunsilk + بلسم 350 ملي","Sunsilk Shampoo + Conditioner Offer 350ml"
"haircare","فرشة شامبو + خزنه","Shampoo Brush with Reservoir"
"haircare","فيانسيه  شامبو 340مل","Fiancée Shampoo 340ml"
"haircare","فيانسيه شامبو 170مل","Fiancée Shampoo 170ml"
"haircare","كلير شامبو حريمي 600مل","Clear Women's Shampoo 600ml"
"haircare","كلير شامبو رجالي 180ملي","Clear Men's Shampoo 180ml"
"haircare","كلير شامبو للتساقط الشعر 360مل","Clear Anti Hair-Fall Shampoo 360ml"
"haircare","كلير شامبو للرحال 600مل","Clear Men's Shampoo 600ml"
"haircare","كليوباترا شامبو 500 مل","Cleopatra Shampoo 500ml"
"haircare","لوريال شامبو  دريم لونج موف 400 مل 3650","L'Oréal Dream Long Shampoo Purple 400ml 3650"
"haircare","لوريال شامبو 400 ملي دريم لونج","L'Oréal Dream Long Shampoo 400ml"
"haircare","لوريال شامبو 400مل","L'Oréal Shampoo 400ml"
"haircare","لوريال شامبو 400ملي هاليورن","L'Oréal Hyaluron Shampoo 400ml"
"haircare","لوريال شامبو جلايكوليك 400مل","L'Oréal Glycolic Shampoo 400ml"
"haircare","لوفا شامبو 400 مل","Lova Shampoo 400ml"
"haircare","نتائج الطبيعه شامبو 500 مل","Natural Results Shampoo 500ml"
"haircare","نونو شامبو 300مل","Nono Shampoo 300ml"
"haircare","Amla شامبو اطفال 200مل","Amla Kids Shampoo 200ml"
"haircare","Baki شامبو 500مل","Baki Shampoo 500ml"
"haircare","Blueline شامبو 1لتر","Blueline Shampoo 1L"
"haircare","Bobana شامبو 400مل","Bobana Shampoo 400ml"
"haircare","Bobana شامبو 400مل ارجان","Bobana Argan Shampoo 400ml"
"haircare","Boon شامبو 250مل","Boon Shampoo 250ml"
"haircare","Capixy شامبو لتساقط الشعر 250مل","Capixy Anti Hair-Fall Shampoo 250ml"
"haircare","Devi شامبو+ بلسم 500 مل","Devi Shampoo + Conditioner 500ml"
"haircare","Eva شامبو جولد","Eva Gold Shampoo"
"haircare","Eva شامبو كيرز زبدة شيا وبذور كتان 230مل","Eva Curls Shampoo with Shea Butter & Flaxseed 230ml"
"haircare","Everest شامبو 1لتر","Everest Shampoo 1L"
"haircare","FlyBaby شامبو 100مل","FlyBaby Shampoo 100ml"
"haircare","FlyBaby شامبو 450مل","FlyBaby Shampoo 450ml"
"haircare","INFINITY ترياتو شامبو +بلسم","Infinity Triato Shampoo + Conditioner"
"haircare","kamena شامبو 750مل","Kamena Shampoo 750ml"
"haircare","Karseell شامبو 500مل","Karseell Shampoo 500ml"
"haircare","Leaves شامبو وبلسم 250مل","Leaves Shampoo & Conditioner 250ml"
"haircare","Loreal شامبو جلايكوليك 200 ملي","L'Oréal Glycolic Shampoo 200ml"
"haircare","Loreal شامبو دريم لونج 200 م","L'Oréal Dream Long Shampoo 200ml"
"haircare","Loreal شامبو دهبي فاتح 200 ملي","L'Oréal Light Gold Shampoo 200ml"
"haircare","Loreal شامبو هيالورون 200 مل","L'Oréal Hyaluron Shampoo 200ml"
"haircare","Loreal شامبو هيالورون موف 200 مل","L'Oréal Hyaluron Shampoo Purple 200ml"
"haircare","Marolina شامبو 1لتر","Marolina Shampoo 1L"
"haircare","Mink شامبو 400مل","Mink Shampoo 400ml"
"haircare","Mink شامبو 700مل","Mink Shampoo 700ml"
"haircare","Mink شامبو 800مل","Mink Shampoo 800ml"
"haircare","Mink شامبو800مل","Mink Shampoo 800ml"
"haircare","Nono شامبو 750مل عرض زيت","Nono Shampoo 750ml + Oil Offer"
"haircare","Nono شامبو عرض 2*1 750مل","Nono Shampoo 2-for-1 Offer 750ml"
"haircare","Nunu شامبو 400مل عرض زيت","Nunu Shampoo 400ml + Oil Offer"
"haircare","Nunu شامبو 500مل عرض شاور","Nunu Shampoo 500ml + Shower Gel Offer"
"haircare","Nunu شامبو400 مل عرض شامبو","Nunu Shampoo 400ml + Shampoo Offer"
"haircare","Pantene شامبو 200مل","Pantene Shampoo 200ml"
"haircare","Pantene شامبو 400مل","Pantene Shampoo 400ml"
"haircare","Pantene شامبو 600مل","Pantene Shampoo 600ml"
"haircare","Ruska شامبو + بلسم 400مل","Ruska Shampoo + Conditioner 400ml"
"haircare","Starky شامبو 400 مل","Starky Shampoo 400ml"
"haircare","Sun silk شامبو 350 ملي","Sunsilk Shampoo 350ml"
"haircare","Sun silk شامبو 600 ملي","Sunsilk Shampoo 600ml"
"haircare","Sun silk شامبو 600 ملي.","Sunsilk Shampoo 600ml"
"haircare","TRESemme شامبو 400مل","TRESemmé Shampoo 400ml"
"haircare","TRESemme شامبو 600مل","TRESemmé Shampoo 600ml"
"haircare","TRESemme شامبو تحكم بلتطاير 400مل","TRESemmé Frizz Control Shampoo 400ml"
"haircare","vatika شامبو افوكادو 425مل","Vatika Avocado Shampoo 425ml"
"haircare","كريم فرد بلوب هير واي 500جم","Blob Hair Way Straightening Cream 500g"
"haircare","Bigen صبغة شعر بودرة","Bigen Powder Hair Dye"
"haircare","High life كريم فرد 325 مل","High Life Straightening Cream 325ml"
"perfume","ارماف فيونكه 200مل","Armaf Bow 200ml"
"perfume","اسبراي كوري لتفتيح البشرة 150مل","Korean Skin-Brightening Spray 150ml"
"perfume","أسد - لطافة 100مل","Lattafa Asad 100ml"
"perfume","اظافر شريط كات اي برنت","Cat Eye Print Nail Strips"
"perfume","اظافر هارد جيل جليتر","Glitter Hard Gel Press-On Nails"
"perfume","اكلادور Si 18ml","Si Nail Polish 18ml"
"perfume","العقيق-رغبة مخلط 100مل","Al Aqeeq Raghba Mukhallat 100ml"
"perfume","العقيق-مسك فانيلا 100مل","Al Aqeeq Vanilla Musk 100ml"
"perfume","العقيق-مسك كاندي 100مل","Al Aqeeq Candy Musk 100ml"
"perfume","النجاح 100ملي","Al Najah 100ml"
"perfume","امير العود 100ملي بني","Ameer Al Oud 100ml (Brown)"
"perfume","اميرة العرب سعودي 100مل","Ameerat Al Arab (Saudi) 100ml"
"perfume","ايس كريم 100مل","Ice Cream 100ml"
"perfume","ايس كريم لطافة 75مل","Lattafa Ice Cream 75ml"
"perfume","برفان خشب العود 100مل","Khashab Al Oud Perfume 100ml"
"perfume","برفان مسك الطهارة 60مل","Musk Al Tahara Perfume 60ml"
"perfume","برفان مشهور 100مل","Mashhoor Perfume 100ml"
"perfume","تيتانيوم بلو 100مل","Titanium Blue 100ml"
"perfume","حريه Paris Corner","Paris Corner Hurriya"
"perfume","حمراء 100مل","Hamra 100ml"
"perfume","حياة عمري 100مل","Hayat Omri 100ml"
"perfume","خشب العود 2*1 200مل","Khashab Al Oud 2-in-1 200ml"
"perfume","خمرة - العلا 100مل","Khamrah - Al Ula 100ml"
"perfume","خمرة 100مل","Khamrah 100ml"
"perfume","خمرة-الزهراء 100مل","Khamrah - Al Zahraa 100ml"
"perfume","دانهيل دبي 30مل","Dunhill Dubai 30ml"
"perfume","روعة - الهدى 100مل","Rawaa - Al Huda 100ml"
"perfume","ريمبري بلو 100مل","Rimbry Blue 100ml"
"perfume","عشق العود - 100مل","Eshq Al Oud 100ml"
"perfume","فخر العلا 100مل","Fakhr Al Ula 100ml"
"perfume","فكتوريا جوهرة 100مل","Victoria Jawhara 100ml"
"perfume","لارا-كاندي","Lara Candy"
"perfume","لطافة-خمرة 100مل","Lattafa Khamrah 100ml"
"perfume","لونار 100مل","Lunar 100ml"
"perfume","ليالي الحلمية - Spray","Layali Al Helmiya Spray"
"perfume","مثيرة 100مل","Mutheera 100ml"
"perfume","مرسيدس بينز 100مل","Mercedes-Benz 100ml"
"perfume","مسك ابراق 3قطع","Ebraq Musk (3 Pieces)"
"perfume","مسك الرمان 100مل","Pomegranate Musk 100ml"
"perfume","مسك الطهارة -العقيق 88مل","Al Aqeeq Musk Al Tahara 88ml"
"perfume","مسك خاص 100مل","Special Musk 100ml"
"perfume","معطر فم بخاخ - فريش","Fresh Mouth Spray"
"perfume","ميجا بلو 100مل","Mega Blue 100ml"
"perfume","هاشتاج ليبرتي 85مل","Hashtag Liberty 85ml"
"perfume","يارا - العلا 100مل","Yara - Al Ula 100ml"
"perfume","يارا - ياقوت 100مل","Yara - Yaqout 100ml"
"perfume","Armory اسبراي تركي 150مل","Armory Turkish Spray 150ml"
"perfume","D&G - ليل ساطع 100مل","D&G Bright Night 100ml"
"perfume","Khadlaj-لك وحدك 100مل","Khadlaj Lak Wahdak 100ml"
"perfume","Ossum اسبراي 120مل","Ossum Spray 120ml"
"perfume","Ozareej حكاية only","Ozareej Hekaya Only"
"perfume","Ozareej حكاية Siwar","Ozareej Hekaya Siwar"
"perfume","Ozzareej حكاية فيولت","Ozareej Hekaya Violet"
"perfume","طقم 3 قطع أسد","Asad Set (3 Pieces)"
"perfume","طقم 3قطع يارا","Yara Set (3 Pieces)"
"perfume","طقم اطفال فله 5قطع","Fulla Kids Set (5 Pieces)"
"perfume","طقم برفان 3 قطع سوبر","Super Perfume Set (3 Pieces)"
"perfume","طقم برفان 4قطع لوكس","Luxe Perfume Set (4 Pieces)"
"perfume","طقم خمره 3قطع","Khamrah Set (3 Pieces)"
"perfume","طقم لطافه 3*1","Lattafa 3-in-1 Set"
"perfume","طقم مسك الطهارة رومان","Musk Al Tahara Set - Pomegranate"
"perfume","طقم مسك الطهارة فانيليا","Musk Al Tahara Set - Vanilla"
"hijab","بونيه خلية نحل","Honeycomb Bonnet"
"hijab","بونيه ساتان","Satin Bonnet"
"hijab","بونيه ستان + توكه","Satin Bonnet + Hair Clip"
"hijab","بونيه ستان +توكه لوكس","Luxe Satin Bonnet + Hair Clip"
"hijab","بونيه سوري مفتوح-كيان","Kayan Open Syrian Bonnet"
"hijab","بونيه شاور لوكس","Luxe Shower Cap"
"hijab","بونيه شعر منقط","Polka Dot Hair Bonnet"
"hijab","بونيه عروسة - Yalla","Yalla Doll Bonnet"
"hijab","بونيه مشمع - Yalla","Yalla Waterproof Bonnet"
"hijab","بونيه EVA","Eva Bonnet"
"hijab","فوطه بونيه","Towel Bonnet"
"hijab","حجاب لافويل","La Voile Hijab"
"hijab","تلبيسه بالكابيشو","Underscarf with Hood"
"hijab","تلبيسه كامله -لافوال","La Voile Full Underscarf"
"hijab","دبل فيس طرحه","Double-Face Scarf"
"hijab","طرحة اورجانزا","Organza Scarf"
"hijab","طرحة تايجر بالبندانه","Tiger Scarf with Bandana"
"hijab","طرحة تايلاندي فلورا","Flora Thai Scarf"
"hijab","طرحة جل - Applescarf","Applescarf Jel Scarf"
"hijab","طرحة جل ببندانه-المدينة","Al Madina Jel Scarf with Bandana"
"hijab","طرحة دوبيتا تيلاندي","Thai Dupatta Scarf"
"hijab","طرحة سفنجه-","Sponge Scarf"
"hijab","طرحة كويتي","Kuwaiti Scarf"
"hijab","طرحة مودال قطن","Modal Cotton Scarf"
"hijab","طرحة هاند ميد فلورا","Flora Handmade Scarf"
"hijab","طرحه ايراني سلسله","Iranian Chain Scarf"
"hijab","طرحه ايما ابل","Emma Apple Scarf"
"hijab","طرحه تايلاندي فلورا اوريجنال","Flora Thai Scarf (Original)"
"hijab","طرحه تايلاندي مطرز","Embroidered Thai Scarf"
"hijab","طرحه جيل ابل","Apple Jel Scarf"
"hijab","طرحه دماس","Damask Scarf"
"hijab","طرحه ديجيتال لازورد","Lazord Digital Print Scarf"
"hijab","طرحه سفنجه ديجيتال","Digital Print Sponge Scarf"
"hijab","طرحه شيفون ساده","Plain Chiffon Scarf"
"hijab","طرحه كتان مطرز ايراني","Iranian Embroidered Linen Scarf"
"hijab","طرحه كرستاله","Crystal Scarf"
"hijab","طرحه كوبي ايما ابل","Emma Apple Scarf (Copy)"
"hijab","طرحه كومفرت","Comfort Scarf"
"hijab","طرحه ماركات","Designer-Style Scarf"
"hijab","طرحه مركات","Designer-Style Scarf"
"hijab","كارت دبوس طرحة 6*1","Scarf Pins Card (6 Pieces)"
"hijab","LV طرحه ماركات","LV Designer-Style Scarf"
"bags","Coach شنطة","Coach Bag"
"bags","Coach شنطة ك","Coach Bag (Large)"
"bags","DIESEL شنطة","Diesel Bag"
"bags","Dolce Gabbana شنطة","Dolce & Gabbana Bag"
"bags","Gucci شنطة","Gucci Bag"
"bags","Gucci.شنطة","Gucci Bag"
"bags","Jacobs شنطة","Jacobs Bag"
"bags","اباجوره اطفال","Kids Night Lamp"
"bags","شنطه بناتي  قطه","Girls' Cat Bag"
"bags","شنطه بناتي لولوي","Girls' Lolwi Bag"
"bags","شنطة مكياج","Makeup Bag"
"bags","شنطة مكياج","Makeup Bag"
"bags","شنطة مكياج بلاستك","Plastic Makeup Bag"
"bags","شنطة مكياج بينكي باج","Pinky Bag Makeup Bag"
"bags","شنطة مكياج شبك","Mesh Makeup Bag"
"bags","شنطة مكياج شبكه Yalla","Yalla Mesh Makeup Bag"
"bags","شنطة مكياج مخطط - Yalla","Yalla Striped Makeup Bag"
"bags","شنطه مكياج ماركات","Designer-Style Makeup Bag"
"bags","جراب غساله","Washing Machine Cover"
"bags","حافظ طعام بالشنطه 4ق","Food Containers with Bag (4 Pieces)"
"bags","شنطة  غسيل احذية","Shoe Laundry Bag"
"bags","شنطة الوان","Colorful Bag"
"bags","شنطة توك استك الوان","Bag of Colorful Hair Ties"
"bags","شنطة توك مشكل","Bag of Assorted Hair Clips"
"bags","شنطة توكه شفاف","Clear Bag of Hair Clips"
"bags","شنطة سفنج بودر 2ق","Powder Puff Bag (2 Pieces)"
"bags","شنطة ميكب ك","Makeup Bag (Large)"
"bags","شنطه","Bag"
"bags","شنطه الاموره","Al Amoura Bag"
"bags","شنطه الوان","Colorful Bag"
"bags","شنطه بطانيه","Blanket Bag"
"bags","شنطه بمب","Puffer Bag"
"bags","شنطه جامبو","Jumbo Bag"
"bags","شنطه صيفي","Summer Bag"
"bags","شنطه كيان","Kayan Bag"
"bags","شنطه لوزه","Lozah Bag"
"bags","ميداليه شنطه","Bag Charm Keychain"
"bags","Losyahs شنطه","Losyahs Bag"
"bags","Sishang شنطة","Sishang Bag"
"bags","V شنطة","V Bag"
"kitchen","ساطور استلس","Stainless Steel Cleaver"
"kitchen","ساطور لوكس استلس","Luxe Stainless Steel Cleaver"
"kitchen","سكينه مقاس .8","Knife Size 8"
"kitchen","سكينه مقاس 8","Knife Size 8"
"kitchen","سكينه مقاس 8 مشرشر","Serrated Knife Size 8"
"kitchen","سكينه يد خشب ص","Knife with Wooden Handle (Small)"
"kitchen","سكينه يد خشب ك","Knife with Wooden Handle (Large)"
"kitchen","طاسه 12سم","Frying Pan 12cm"
"kitchen","طاسه 14 سم","Frying Pan 14cm"
"kitchen","طاسه 16 سم","Frying Pan 16cm"
"kitchen","طاسه 18 سم","Frying Pan 18cm"
"kitchen","طاسه 20سم","Frying Pan 20cm"
"kitchen","طاسه 22سم","Frying Pan 22cm"
"kitchen","طاسه 26 سم","Frying Pan 26cm"
"kitchen","طاسه 28سم","Frying Pan 28cm"
"kitchen","طاسه كريب 30سم","Crepe Pan 30cm"
"kitchen","طاسه كريب 34سم","Crepe Pan 34cm"
"kitchen","طاسه مقاس 24","Frying Pan Size 24"
"kitchen","طاسه مقاس 26","Frying Pan Size 26"
"kitchen","طاسه مقاس 28","Frying Pan Size 28"
"kitchen","طاسه مقاس 28.","Frying Pan Size 28"
"kitchen","طقم سكينه 6*1 الوان","Colorful Knife Set (6 Pieces)"
"kitchen","طقم سكينه لوره","Lora Knife Set"
"kitchen","طقم مقلابه برولي 3 ق","Broly Skillet Set (3 Pieces)"
"kitchen","مقلابه اسود مقاس 20 سم","Black Skillet 20cm"
"kitchen","مقلابه اسود مقاس 22سم","Black Skillet 22cm"
"kitchen","مقلابه اسود مقاس 24سم","Black Skillet 24cm"
"kitchen","مقلابه اسود مقاس 26 سم","Black Skillet 26cm"
"kitchen","مقلابه بني مقاس 20سم","Brown Skillet 20cm"
"kitchen","-سلسله استانلس","Stainless Steel Chain Necklace"
"kitchen","اظافر فو ايقر ساسله","Forever Chain-Design Press-On Nails"
"kitchen","زباله جرند روكا الوطنيه 50لتر","Al Wataniya Grand Roca Trash Bin 50L"
"kitchen","زباله دريم 1ستيل الوطنيه","Al Wataniya Dream Steel Trash Bin (Size 1)"
"kitchen","زباله دريم 2ستيل الوطنيه","Al Wataniya Dream Steel Trash Bin (Size 2)"
"kitchen","زباله راتان 1 الوطنيه","Al Wataniya Rattan Trash Bin (Size 1)"
"kitchen","زباله راتان 2 الوطنيه","Al Wataniya Rattan Trash Bin (Size 2)"
"kitchen","زباله راتان 3 الوطنيه","Al Wataniya Rattan Trash Bin (Size 3)"
"kitchen","زباله روكي الوطنيه 35 لتر","Al Wataniya Rocky Trash Bin 35L"
"kitchen","زباله كليك 1 الوطنيه","Al Wataniya Click Trash Bin (Size 1)"
"kitchen","زباله كليك 2 الوطنيه","Al Wataniya Click Trash Bin (Size 2)"
"kitchen","زباله نيو روكا الوطنيه","Al Wataniya New Roca Trash Bin"
"kitchen","زباله يوناني 1 الوطنيه","Al Wataniya Greek Trash Bin (Size 1)"
"kitchen","زباله يوناني 2 الوطنيه","Al Wataniya Greek Trash Bin (Size 2)"
"kitchen","زباله يوناني 3 الوطنيه","Al Wataniya Greek Trash Bin (Size 3)"
"kitchen","سلسلة تايجر شانيل","Chanel Tiger Chain Necklace"
"kitchen","سلسلة ستانلس اشكال","Stainless Steel Chain Necklace (Assorted)"
"kitchen","سلسلة ضهر حيه","Snake Chain Necklace"
"kitchen","سلسلة ظهر حيه 6مل","Snake Chain Necklace 6mm"
"kitchen","سلسله  اطفال 2*1","Kids Chain Necklace 2-in-1"
"kitchen","سلسله استانلس","Stainless Steel Chain Necklace"
"kitchen","سلسله استانلس","Stainless Steel Chain Necklace"
"kitchen","سلسله استانلس - INSTA","Insta Stainless Steel Chain Necklace"
"kitchen","سلسله استانلس بليكا","Stainless Steel Plaque Chain Necklace"
"kitchen","سلسله استانلس فرز اول","Stainless Steel Chain Necklace (Premium Grade)"
"kitchen","سلسله استانلس قطه","Stainless Steel Cat Chain Necklace"
"kitchen","سلسله استانلس لوكس","Luxe Stainless Steel Chain Necklace"
"kitchen","سلسله استانلس ماجيك","Magic Stainless Steel Chain Necklace"
"kitchen","سلسله استانلس Org","Stainless Steel Chain Necklace (Original)"
"kitchen","سلسله استانلس.","Stainless Steel Chain Necklace"
"kitchen","سلسله حمصه","Ball Chain Necklace"
"kitchen","سلسله خرز اطفال","Kids Beaded Necklace"
"kitchen","سلسله خرز فاخر","Premium Beaded Necklace"
"kitchen","سلسله داليه","Dalia Necklace"
"kitchen","سلسله100","Chain Necklace 100"
"kitchen","سله بلايا الوطنيه","Al Wataniya Playa Basket"
"kitchen","سله روتانا 1  الوطنيه","Al Wataniya Rotana Basket (Size 1)"
"kitchen","سله روتانا 2  الوطنيه","Al Wataniya Rotana Basket (Size 2)"
"kitchen","سله روتانا 3 الوطنيه","Al Wataniya Rotana Basket (Size 3)"
"kitchen","سله روتانا 4  الوطنيه","Al Wataniya Rotana Basket (Size 4)"
"kitchen","سله ريكا   الوطنيه","Al Wataniya Rika Basket"
"kitchen","سله فيلو مدوره  الوطنيه","Al Wataniya Velo Round Basket"
"kitchen","سله فيلو مربعه  الوطنيه","Al Wataniya Velo Square Basket"
"kitchen","كرسي حمام راتان","Rattan Bath Stool"
"kitchen","كرسي حمام سندباد","Sinbad Bath Stool"
"kitchen","كرسي حمام كلاسيك صغير الوطنيه","Al Wataniya Classic Bath Stool (Small)"
"kitchen","كرسي حمام كلاسيك كبير  الوطنيه","Al Wataniya Classic Bath Stool (Large)"
"kitchen","كرسي حمام كيمو 2لون التعلب","El Taalab Kimo Two-Tone Bath Stool"
"kitchen","مجموعة اطفال حلق + خاتم + سلسلة","Kids Set: Earrings + Ring + Necklace"
"kitchen","Org سلسله استانلس","Stainless Steel Chain Necklace (Original)"
"kitchen","كوب خزف بالشليموه","Ceramic Cup with Straw"
"kitchen","كوب خزف بالشيموه غطاء","Ceramic Cup with Straw & Lid"
"kitchen","كوب خزف بشاليموه","Ceramic Cup with Straw"
"kitchen","كوب فاميلي  لمسه","Lamsa Family Cup"
"kitchen","مج","Mug"
"kitchen","مج +سخان","Mug + Warmer"
"kitchen","مج +معلقه سميل اصفر","Yellow Smile Mug + Spoon"
"kitchen","مج 1","Mug 1"
"kitchen","مج 2كوب لوكس","Luxe 2-Cup Mug Set"
"kitchen","مج استانلس 800مل","Stainless Steel Mug 800ml"
"kitchen","مج المزاج","Mood Mug"
"kitchen","مج ايس كوفي فرتشه ك","Iced Coffee Mug (Large)"
"kitchen","مج برسلين فيونكه","Porcelain Bow Mug"
"kitchen","مج بغطاء","Mug with Lid"
"kitchen","مج بورسالين بغطا لونين 1210","Two-Tone Porcelain Mug with Lid 1210"
"kitchen","مج بورسلين بالطبق   0","Porcelain Mug with Saucer"
"kitchen","مج بورسلين tt-1098","Porcelain Mug TT-1098"
"kitchen","مج بورسلين tt-1854","Porcelain Mug TT-1854"
"kitchen","مج بورسلين tt-1862","Porcelain Mug TT-1862"
"kitchen","مج بورسلين tt-1863","Porcelain Mug TT-1863"
"kitchen","مج بورسلين tt-1867","Porcelain Mug TT-1867"
"kitchen","مج جود مورنينج  غط خشب","Good Morning Mug with Wooden Lid"
"kitchen","مج حبل لابوبو","Labubu Rope Mug"
"kitchen","مج حراري","Thermal Mug"
"kitchen","مج حراري 1000","Thermal Mug 1000ml"
"kitchen","مج حراري 800","Thermal Mug 800ml"
"kitchen","مج خزف","Ceramic Mug"
"kitchen","مج خزف ايس كوفي الوان","Colorful Ceramic Iced Coffee Mug"
"kitchen","مج خزف بشاليموه بيد بينك","Pink Ceramic Mug with Straw & Handle"
"kitchen","مج خزف ورده","Ceramic Flower Mug"
"kitchen","مج رابر اسود","Black Rubber Mug"
"kitchen","مج زجاج فيونكه","Glass Bow Mug"
"kitchen","مج ستار باكسي","Starbucks-Style Mug"
"kitchen","مج ستيتش الوان","Colorful Stitch Mug"
"kitchen","مج ستيتش وانجل","Stitch & Angel Mug"
"kitchen","مج سحابه حلزوني","Spiral Cloud Mug"
"kitchen","مج سنبله عادي","Classic Wheat Mug"
"kitchen","مج شي ان ا","Shein Mug"
"kitchen","مج شي ان كريز بالطبق","Shein Cherry Mug with Saucer"
"kitchen","مج طويل عسلي 1527","Tall Amber Mug 1527"
"kitchen","مج عسلي","Amber Mug"
"kitchen","مج غطاء اكلارك","Mug with Acrylic Lid"
"kitchen","مج غطاء خشب لوك","Look Mug with Wooden Lid"
"kitchen","مج غطاء سلكون","Mug with Silicone Lid"
"kitchen","مج غطاع خشب","Mug with Wooden Lid"
"kitchen","مج فراوله","Strawberry Mug"
"kitchen","مج فلور","Flower Mug"
"kitchen","مج فينكه","Bow Mug"
"kitchen","مج فيونكه غطا خشب","Bow Mug with Wooden Lid"
"kitchen","مج قهوه ص","Coffee Mug (Small)"
"kitchen","مج كريمي الوان","Colorful Cream Mug"
"kitchen","مج كريمي ص","Cream Mug (Small)"
"kitchen","مج لابوبو الوان","Colorful Labubu Mug"
"kitchen","مج لوكس","Luxe Mug"
"kitchen","مج لوكس 0","Luxe Mug"
"kitchen","مج لوكس 1","Luxe Mug 1"
"kitchen","مج لوكس ك0003","Luxe Mug (Large) 0003"
"kitchen","مج لوكس121","Luxe Mug 121"
"kitchen","مج مديني صغير","Madini Mug (Small)"
"kitchen","مج مديني كبير","Madini Mug (Large)"
"kitchen","مج مشكل","Assorted Mug"
"kitchen","مج مشكل لوكس","Luxe Assorted Mug"
"kitchen","مج ميدليه استش","Stitch Mug with Keychain"
"kitchen","مج نايس","Nice Mug"
"kitchen","مج نجمه","Star Mug"
"kitchen","مج owalaaاشكال","Owala Mug (Assorted Designs)"
"kitchen","نظارة حريمي مركات كوبي","Women's Designer-Style Sunglasses (Copy)"
"kitchen","Crown مج ايس كوفي","Crown Iced Coffee Mug"
"kitchen","More مج استانلس","More Stainless Steel Mug"
"kitchen","Sohappy مج","Sohappy Mug"
"kitchen","Well مج 550 مل","Well Mug 550ml"
"kitchen","جزامه راتان 4د الوطنيه","Al Wataniya Rattan Shoe Rack (4 Shelves)"
"kitchen","جزامه كلاسيك 5د  الوطنيه","Al Wataniya Classic Shoe Rack (5 Shelves)"
"kitchen","جزامه كلاسيك 6د  الوطنيه","Al Wataniya Classic Shoe Rack (6 Shelves)"
"kitchen","دواسه 2*1 شي ان","Shein Doormat 2-in-1"
"kitchen","دواسه ص","Doormat (Small)"
"kitchen","دواسه وسط","Doormat (Medium)"
"kitchen","رول مناديل مطبخ قلي لمسه","Lamsa Kitchen Paper Roll for Frying"
"kitchen","زجاجه مياه","Water Bottle"
"kitchen","زجاجه مياه فيونكه","Bow Water Bottle"
"kitchen","زجاجه مياه ورده فيلوباتير","Philopateer Flower Water Bottle"
"kitchen","شياله +عجله بيتزا  استالس يد خشب","Stainless Steel Pizza Server + Pizza Cutter with Wooden Handle"
"kitchen","صينية استانلس فاخر","Premium Stainless Steel Tray"
"kitchen","طفاية زجاج","Glass Ashtray"
"kitchen","طفاية زجاج  عسلي","Amber Glass Ashtray"
"kitchen","طفاية زجاج .","Glass Ashtray"
"kitchen","طفاية زجاج ..","Glass Ashtray"
"kitchen","طفاية زجاج عسلي ..","Amber Glass Ashtray"
"kitchen","طفاية زجاج فامية","Smoky Glass Ashtray"
"kitchen","طفاية زجاج فامية .","Smoky Glass Ashtray"
"kitchen","طفايه زجاج /","Glass Ashtray"
"kitchen","طقم قالب ثلج بالغطاء 2*1 لمسه","Lamsa Ice Cube Tray Set with Lid 2-in-1"
"kitchen","عجلة بيتزا لوكس","Luxe Pizza Cutter"
"kitchen","عجله بيتزا","Pizza Cutter"
"kitchen","عجله بيتزا  استالس يد خشب","Stainless Steel Pizza Cutter with Wooden Handle"
"kitchen","غلايه قهوه كهرباء سينكو","Sinco Electric Coffee Kettle"
"kitchen","فوطه مطبخ الوان لوكس","Luxe Colorful Kitchen Towel"
"kitchen","فوطه مطبخ ل1","Kitchen Towel L1"
"kitchen","فوطه مطبخ لوكس","Luxe Kitchen Towel"
"kitchen","قالب ثلج 2*1","Ice Cube Tray 2-in-1"
"kitchen","قالب ثلج سلكون مدور","Round Silicone Ice Cube Tray"
"kitchen","قالب ثلج سليكون خليه","Honeycomb Silicone Ice Cube Tray"
"kitchen","قالب ثلج لوكس","Luxe Ice Cube Tray"
"kitchen","قطاعه بيض اسود لوكس","Luxe Black Egg Slicer"
"kitchen","كبشه ستانلس","Stainless Steel Ladle"
"kitchen","كبشه سيلكون","Silicone Ladle"
"kitchen","كبشه سيليكون","Silicone Ladle"
"kitchen","لانش بوكس","Lunch Box"
"kitchen","مطبقيه الجوكر الوطنيه","Al Wataniya Joker Dish Rack"
"kitchen","مطبقيه برو الاشفاء","Al Shifaa Pro Dish Rack"
"kitchen","مطبقيه راتان الوطنيه","Al Wataniya Rattan Dish Rack"
"kitchen","مطبقيه لؤلؤه الوطنيه","Al Wataniya Pearl Dish Rack"
"kitchen","مطبقيه معدن اسود دهبي","Black & Gold Metal Dish Rack"
"kitchen","منظم 2 لون كبير 24قالوطنيه","Al Wataniya Two-Tone Organizer (Large, 24 Pcs)"
"kitchen","منظم 2لون  صغير 24 ق الوطنيه","Al Wataniya Two-Tone Organizer (Small, 24 Pcs)"
"kitchen","منظم اكسسوار","Accessory Organizer"
"kitchen","منظم بولات ميرا الوطنيه","Al Wataniya Mira Bowl Organizer"
"kitchen","منظم توابل","Spice Organizer"
"kitchen","منظم راتان صغير الوطنيه","Al Wataniya Rattan Organizer (Small)"
"kitchen","منظم راتان كبير الوطنيه","Al Wataniya Rattan Organizer (Large)"
"kitchen","منظم مكياج كريستال","Crystal Makeup Organizer"
"kitchen","طقم عجان استلس بالمبشره","Stainless Steel Mixing Bowl Set with Grater"
"kitchen","قشارة","Peeler"
"kitchen","قشارة استانلس","Stainless Steel Peeler"
"kitchen","قشارة بطاطس","Potato Peeler"
"kitchen","قشاره","Peeler"
"kitchen","قشاره  استالس عريضه","Wide Stainless Steel Peeler"
"kitchen","قشاره  استالس يد خشب","Stainless Steel Peeler with Wooden Handle"
"kitchen","قشاره  استالس يد خشب .","Stainless Steel Peeler with Wooden Handle"
"kitchen","قشاره استالس قلم اسود يد خشب","Black Pen-Style Stainless Steel Peeler with Wooden Handle"
"kitchen","مبشرة ..","Grater"
"kitchen","مبشرة قدم","Foot File"
"kitchen","مبشرة قدم 2*1","Foot File 2-in-1"
"kitchen","مبشرة قدم فسفوري","Neon Foot File"
"kitchen","مبشرة قدم ليزر","Laser Foot File"
"kitchen","مبشرة قدم ليزر 2*1 بلاستيك","Laser Foot File 2-in-1 (Plastic)"
"kitchen","مبشرة مقاس 8","Grater Size 8"
"kitchen","مبشرة مقاس 9","Grater Size 9"
"kitchen","مبشرة مقاس 9.","Grater Size 9"
"kitchen","مبشرة مقاس 9لوكس ...","Luxe Grater Size 9"
"kitchen","مبشره استالس يد خشب كبيره","Large Stainless Steel Grater with Wooden Handle"
"kitchen","مبشره قدم فسفوري","Neon Foot File"
"kitchen","مبشره كف","Palm Grater"
"kitchen","مصفاه استالس اسود مقاس 10-12-14","Black Stainless Steel Strainer Set Sizes 10-12-14"
"kitchen","مصفاه استالس اسود مقاس 14-16-18","Black Stainless Steel Strainer Set Sizes 14-16-18"
"kitchen","مصفاه استالس اسود مقاس 16-20-24","Black Stainless Steel Strainer Set Sizes 16-20-24"
"kitchen","مصفاه استالس اسود مقاس8-10-12","Black Stainless Steel Strainer Set Sizes 8-10-12"
"kitchen","مصفاه استالس اسود يد خشب","Black Stainless Steel Strainer with Wooden Handle"
"kitchen","مصفاه استالس فضي مقاس 10-12-14","Silver Stainless Steel Strainer Set Sizes 10-12-14"
"kitchen","مصفاه استالس يد خشب","Stainless Steel Strainer with Wooden Handle"
"kitchen","مصفاه اسود بيدين 25.5","Black Two-Handle Strainer 25.5cm"
"kitchen","مصفاه اسود بيدين مقاس .22.5سم","Black Two-Handle Strainer 22.5cm"
"kitchen","مصفاه اسود مقاس 34 سم","Black Strainer 34cm"
"kitchen","مصفاه بلاسيتك 4*1","Plastic Strainer Set (4 Pieces)"
"kitchen","مصفاه معدن اسود 29","Black Metal Strainer 29cm"
"kitchen","مصفاهاستالس مقاس 10","Stainless Steel Strainer Size 10"
"kitchen","مصفاهاستالس مقاس 14","Stainless Steel Strainer Size 14"
"kitchen","مصفاهاستالس مقاس 18","Stainless Steel Strainer Size 18"
"kitchen","مصفاهاستالس مقاس 20","Stainless Steel Strainer Size 20"
"kitchen","مصفاهاستالس مقاس 22","Stainless Steel Strainer Size 22"
"kitchen","برطمان 1250فيلوباتير","Philopateer Jar 1250"
"kitchen","برطمان 330 فيلوباتير","Philopateer Jar 330"
"kitchen","برطمان 660 فيلوباتير","Philopateer Jar 660"
"kitchen","برطمان توك 2*1","Hair Clips Jar 2-in-1"
"kitchen","برطمان ثماني كلاسيك لمسه","Lamsa Classic Octagonal Jar"
"kitchen","برطمان رويال باليد لمسه","Lamsa Royal Jar with Handle"
"kitchen","برطمان غطاء فراوله 1250 فيلوباتير","Philopateer Strawberry-Lid Jar 1250"
"kitchen","برطمان غطاء فراوله 212 فيلوباتير","Philopateer Strawberry-Lid Jar 212"
"kitchen","برطمان غطاء فراوله 660 فيلوباتير","Philopateer Strawberry-Lid Jar 660"
"kitchen","برطمان غطاء مجدول 1250 فيلوباتير","Philopateer Braided-Lid Jar 1250"
"kitchen","برطمان لوكس2000 لمسه","Lamsa Luxe Jar 2000"
"kitchen","برطمان لومينا رباعي لمسه","Lamsa Lumina Square Jar"
"kitchen","بيوتي بلندر برطمان 6*1","Beauty Blender Jar (6 Pieces)"
"kitchen","جردل +مساحه","Bucket + Mop"
"kitchen","جردل التر فيدا الوطنيه","Al Wataniya Ultra Vida Bucket"
"kitchen","جردل اوتوماتك الوطنيه","Al Wataniya Automatic Bucket"
"kitchen","جردل اوسكار 18لتر بيدمعدن الوطنيه","Al Wataniya Oscar Bucket 18L with Metal Handle"
"kitchen","جردل اوفال ماكس","Oval Max Bucket"
"kitchen","جردل تورنيدو الوطنيه","Al Wataniya Tornado Bucket"
"kitchen","جردل جرانيت استلس","Granite Stainless Steel Bucket"
"kitchen","جردل دلوعه استلس الوطنيه","Al Wataniya Dalou'a Stainless Steel Bucket"
"kitchen","جردل رويال الوطنيه","Al Wataniya Royal Bucket"
"kitchen","جردل سوبر كلين الوطنيه","Al Wataniya Super Clean Bucket"
"kitchen","جردل فرنساوي  استلس الوطنيه","Al Wataniya French Stainless Steel Bucket"
"kitchen","جردل كلينو مدور شفاف 15لتر لمسه","Lamsa Klino Round Clear Bucket 15L"
"kitchen","جردل كيمو بالعجل الوطنيه","Al Wataniya Kimo Bucket with Wheels"
"kitchen","علب حفظ طعام .لوكس","Luxe Food Storage Containers"
"kitchen","علب حفظ طعام 850+1500+3750ملي","Food Storage Containers 850 + 1500 + 3750ml"
"kitchen","COCO شمع خرز برطمان 350جم","Coco Wax Beads Jar 350g"
"kitchen","Evona جل صبار برطمان","Evona Aloe Vera Gel Jar"
"accessories","3 توكه الوان","Colorful Hair Clips (3 Pieces)"
"accessories","استك شعر العاب","Kids Toy-Charm Hair Ties"
"accessories","استك شعر العاب 5*1","Kids Toy-Charm Hair Ties (5 Pieces)"
"accessories","استك ضفيره/عادي","Braid / Regular Hair Ties"
"accessories","استك ماركات","Designer-Style Hair Ties"
"accessories","استك منديل كروهات","Checkered Scarf Scrunchie"
"accessories","استك mka","MKA Hair Tie"
"accessories","استك Ny 287","Hair Tie NY 287"
"accessories","استك Ny 812","Hair Tie NY 812"
"accessories","استك Ny203","Hair Tie NY203"
"accessories","استك Ny205","Hair Tie NY205"
"accessories","توك شعر مشبك صغيرة","Small Hair Claw Clips"
"accessories","توك كلبس / استك","Hair Clips / Hair Ties"
"accessories","توكة رأس دبدوب كبير","Teddy Bear Headband (Large)"
"accessories","توكة رأس دبدوب وسط","Teddy Bear Headband (Medium)"
"accessories","توكة رأس طوق","Headband"
"accessories","توكه 1مشبك فاخر","Premium Claw Clip 1"
"accessories","توكه استك","Hair Tie"
"accessories","توكه استك 00","Hair Tie 00"
"accessories","توكه استك شعر","Hair Tie"
"accessories","توكه استك فراشه مطرز","Embroidered Butterfly Hair Tie"
"accessories","توكه استك فرو","Fur Hair Tie"
"accessories","توكه استك فيونكه","Bow Hair Tie"
"accessories","توكه استك فيونكه لميع","Shiny Bow Hair Tie"
"accessories","توكه استك قماش","Fabric Hair Tie"
"accessories","توكه استك لامع","Shiny Hair Tie"
"accessories","توكه استك لوكال","Local Hair Tie"
"accessories","توكه استك لوكس","Luxe Hair Tie"
"accessories","توكه استك لوكس .","Luxe Hair Tie"
"accessories","توكه استك مكه","MKA Hair Tie"
"accessories","توكه استك نجمه دهبي","Gold Star Hair Tie"
"accessories","توكه استك Ny580","Hair Tie NY580"
"accessories","توكه استك.","Hair Tie"
"accessories","توكه استكفوينكه .","Bow Hair Tie"
"accessories","توكه استيك اورجانزا","Organza Hair Tie"
"accessories","توكه استيك فيونكه","Bow Hair Tie"
"accessories","توكه استيك Ny303","Hair Tie NY303"
"accessories","توكه اطفال حديث الولاده","Newborn Baby Hair Clip"
"accessories","توكه الوان بندانا فيونكه","Colorful Bandana Bow Hair Clip"
"accessories","توكه باندانا","Bandana Hair Clip"
"accessories","توكه توك خرز","Beaded Hair Clips"
"accessories","توكه جبير","Large Hair Clip"
"accessories","توكه شوكه فيونكه","Bow Hair Fork"
"accessories","توكه طوق + استك 2*1","Headband + Hair Tie 2-in-1"
"accessories","توكه طوق 2*1","Headband 2-in-1"
"accessories","توكه طوق اطفالي","Kids Headband"
"accessories","توكه طوق الوان","Colorful Headband"
"accessories","توكه طوق بلاستك","Plastic Headband"
"accessories","توكه طوق سوبر لوكس","Super Luxe Headband"
"accessories","توكه طوق صغيرة","Small Headband"
"accessories","توكه طوق فاخر","Premium Headband"
"accessories","توكه طوق فاخر3*1","Premium Headband 3-in-1"
"accessories","توكه طوق فاخر3*1 .","Premium Headband 3-in-1"
"accessories","توكه طوق فيروز","Turquoise Headband"
"accessories","توكه طوق فيونكه","Bow Headband"
"accessories","توكه طوق فيونكه سوري","Syrian Bow Headband"
"accessories","توكه طوق فيونكه قماش","Fabric Bow Headband"
"accessories","توكه طوق فيونكه لوكس","Luxe Bow Headband"
"accessories","توكه طوق فيونكه لوكس0","Luxe Bow Headband"
"accessories","توكه طوق فيونكه Change","Change Bow Headband"
"accessories","توكه طوق قماش","Fabric Headband"
"accessories","توكه طوق قماش لوكس","Luxe Fabric Headband"
"accessories","توكه طوق كريز لوكس","Luxe Cherry Headband"
"accessories","توكه طوق كيتي","Kitty Headband"
"accessories","توكه طوق لوكس","Luxe Headband"
"accessories","توكه طوق لوكس 0","Luxe Headband"
"accessories","توكه طوق لوكس خرؤج","Luxe Going-Out Headband"
"accessories","توكه طوق لوكس خرؤج111","Luxe Going-Out Headband 111"
"accessories","توكه طوق لوكس1","Luxe Headband 1"
"accessories","توكه طوق ملكي","Royal Headband"
"accessories","توكه طوق ورد","Flower Headband"
"accessories","توكه طوق Sh10","Headband SH10"
"accessories","توكه طوق1","Headband 1"
"accessories","توكه ع الكرت","Hair Clips on Card"
"accessories","توكه علبه اطفال","Kids Hair Clips Box"
"accessories","توكه فراشه خرز","Beaded Butterfly Hair Clip"
"accessories","توكه فوينكه لوكس خرؤج","Luxe Going-Out Bow Hair Clip"
"accessories","توكه فيونكه 111","Bow Hair Clip 111"
"accessories","توكه فيونكه اطفالي","Kids Bow Hair Clip"
"accessories","توكه فيونكه ب ورده","Bow Hair Clip with Flower"
"accessories","توكه فيونكه ساده الوان","Plain Colorful Bow Hair Clip"
"accessories","توكه فيونكه قماش لامع","Shiny Fabric Bow Hair Clip"
"accessories","توكه فيونكه مشبك1","Bow Claw Clip 1"
"accessories","توكه كرت  نجمه 3*1","Star Hair Clips Card (3 Pieces)"
"accessories","توكه كرت 11*1","Hair Clips Card (11 Pieces)"
"accessories","توكه كلبس 0","Hair Clip 0"
"accessories","توكه كلبس فيونكه","Bow Hair Clip"
"accessories","توكه كلبس لوكس .","Luxe Hair Clip"
"accessories","توكه مشبك","Claw Clip"
"accessories","توكه مشبك  ورده بلاستيك صغيرة","Small Plastic Flower Claw Clip"
"accessories","توكه مشبك ....","Claw Clip"
"accessories","توكه مشبك .ص","Claw Clip (Small)"
"accessories","توكه مشبك + استك 4*1","Claw Clip + Hair Tie Set (4 Pieces)"
"accessories","توكه مشبك 111","Claw Clip 111"
"accessories","توكه مشبك 2","Claw Clip 2"
"accessories","توكه مشبك 2111","Claw Clip 2111"
"accessories","توكه مشبك 3*1","Claw Clip Set (3 Pieces)"
"accessories","توكه مشبك 3*1 الزهراء","Al Zahraa Claw Clip Set (3 Pieces)"
"accessories","توكه مشبك 35","Claw Clip 35"
"accessories","توكه مشبك اشكال لوكس","Luxe Claw Clip (Assorted Designs)"
"accessories","توكه مشبك اطفال","Kids Claw Clip"
"accessories","توكه مشبك اطفال .","Kids Claw Clip"
"accessories","توكه مشبك الملكه","Queen Claw Clip"
"accessories","توكه مشبك بشريط 3*1","Ribbon Claw Clip Set (3 Pieces)"
"accessories","توكه مشبك بلاستيك","Plastic Claw Clip"
"accessories","توكه مشبك بلاستيك لوكس","Luxe Plastic Claw Clip"
"accessories","توكه مشبك بلاستيك0","Plastic Claw Clip"
"accessories","توكه مشبك جرافته","Tie Claw Clip"
"accessories","توكه مشبك دهبي","Gold Claw Clip"
"accessories","توكه مشبك دهبي/فضي","Gold / Silver Claw Clip"
"accessories","توكه مشبك ذهبي","Gold Claw Clip"
"accessories","توكه مشبك سنيور","Senior Claw Clip"
"accessories","توكه مشبك سواريه","Soirée Claw Clip"
"accessories","توكه مشبك طويل","Long Claw Clip"
"accessories","توكه مشبك طويل.","Long Claw Clip"
"accessories","توكه مشبك فاخر","Premium Claw Clip"
"accessories","توكه مشبك فراشة صغيرة","Small Butterfly Claw Clip"
"accessories","توكه مشبك فرو","Fur Claw Clip"
"accessories","توكه مشبك فيونكه اسود واحمر","Black & Red Bow Claw Clip"
"accessories","توكه مشبك فيونكه خرز","Beaded Bow Claw Clip"
"accessories","توكه مشبك فيونكه دنتلا","Lace Bow Claw Clip"
"accessories","توكه مشبك فيونكه ساتان","Satin Bow Claw Clip"
"accessories","توكه مشبك فيونكه طويل","Long Bow Claw Clip"
"accessories","توكه مشبك فيونكه طويله","Long Bow Claw Clip"
"accessories","توكه مشبك كريز","Cherry Claw Clip"
"accessories","توكه مشبك كريستال","Crystal Claw Clip"
"accessories","توكه مشبك لوكس","Luxe Claw Clip"
"accessories","توكه مشبك ماجيك","Magic Claw Clip"
"accessories","توكه مشبك ماجيك وسط","Magic Claw Clip (Medium)"
"accessories","توكه مشبك ورد","Flower Claw Clip"
"accessories","توكه مشبك ورده","Flower Claw Clip"
"accessories","توكه مشبك ورده بلاستيك","Plastic Flower Claw Clip"
"accessories","توكه مشبك ورده صغيره","Small Flower Claw Clip"
"accessories","توكه ورده لوكس","Luxe Flower Hair Clip"
"accessories","توكه mka غرز","MKA Stitched Hair Clip"
"accessories","توكه mka هاند ميد","MKA Handmade Hair Clip"
"accessories","توكه Ny280","Hair Clip NY280"
"accessories","توكه Ny72","Hair Clip NY72"
"accessories","توكه.استك","Hair Tie"
"accessories","جل بومباستك 500مل","Bombastic Hair Gel 500ml"
"accessories","دبوس مشبك خرز","Beaded Clip Pin"
"accessories","دستة مشط","Dozen Combs"
"accessories","دستة مشط Co284","Dozen Combs CO284"
"accessories","سلاكه حوض بلاستك","Plastic Sink Drain Unclogger"
"accessories","طقم توكه فيونكه دهبي 3*1","Gold Bow Hair Clip Set (3 Pieces)"
"accessories","طقم حمام بلاستك .","Plastic Bathroom Set"
"accessories","علبة توك استك","Box of Hair Ties"
"accessories","علبة توك استك الوان","Box of Colorful Hair Ties"
"accessories","علبة توك استك لوك","Look Box of Hair Ties"
"accessories","علبه بلاستك للتلاجه","Plastic Fridge Container"
"accessories","علبه بلاستك للتلاجه .","Plastic Fridge Container"
"accessories","فرشة شعر","Hair Brush"
"accessories","فرشة شعر اطفالي","Kids Hair Brush"
"accessories","فرشة شعر اطفالي العاب","Kids Toy-Charm Hair Brush"
"accessories","فرشة شعر اطفالي ماجيك","Kids Magic Hair Brush"
"accessories","فرشة شعر باربي","Barbie Hair Brush"
"accessories","فرشة شعر بيبي هير لوكس","Luxe Baby Hair Brush"
"accessories","فرشة شعر بيد اشكال فاكيوم","Vacuum Hair Brush with Shaped Handle"
"accessories","فرشة شعر تركي فاكيوم","Turkish Vacuum Hair Brush"
"accessories","فرشة شعر تشابك","Detangling Hair Brush"
"accessories","فرشة شعر تشابك لوكس","Luxe Detangling Hair Brush"
"accessories","فرشة شعر خشب","Wooden Hair Brush"
"accessories","فرشة شعر ضفيره","Braiding Hair Brush"
"accessories","فرشة شعر فاكيوم","Vacuum Hair Brush"
"accessories","فرشة شعر فيونكه","Bow Hair Brush"
"accessories","فرشة شعر مفرغة - Yalla","Yalla Vented Hair Brush"
"accessories","فرشة شعر Qian Wel","Qian Wel Hair Brush"
"accessories","كارت 2 توكه لوكس","Luxe Hair Clips Card (2 Pieces)"
"accessories","كارت 4*1 كلبس/استك","Clips / Hair Ties Card (4 Pieces)"
"accessories","كارت استك/كلبس","Hair Ties / Clips Card"
"accessories","كارت توك 16 قطعه","Hair Clips Card (16 Pieces)"
"accessories","كارت توك 4 قطع","Hair Clips Card (4 Pieces)"
"accessories","كارت توك 4*1","Hair Clips Card (4 Pieces)"
"accessories","كارت توك 4قطع ورد","Flower Hair Clips Card (4 Pieces)"
"accessories","كارت توك 5قطع","Hair Clips Card (5 Pieces)"
"accessories","كارت توك 6*1","Hair Clips Card (6 Pieces)"
"accessories","كارت توك 8*1","Hair Clips Card (8 Pieces)"
"accessories","كارت توك 9قطع","Hair Clips Card (9 Pieces)"
"accessories","كارت توك اشكار 5قطع","Hair Clips Card (Assorted, 5 Pieces)"
"accessories","كارت توك اشكال","Hair Clips Card (Assorted Designs)"
"accessories","كارت توك خرز  فيونكه","Beaded Bow Hair Clips Card"
"accessories","كارت توك دوبل","Double Hair Clips Card"
"accessories","كارت توك فيونكه ستان","Satin Bow Hair Clips Card"
"accessories","كارت توك لوكس  فيونكه.","Luxe Bow Hair Clips Card"
"accessories","كارت توك لوكس 6*0.1","Luxe Hair Clips Card (6 Pieces)"
"accessories","كارت توك لوكس 6*1","Luxe Hair Clips Card (6 Pieces)"
"accessories","كارت توك مشبك  11*1","Claw Clips Card (11 Pieces)"
"accessories","كارت توك مشبك 10*1","Claw Clips Card (10 Pieces)"
"accessories","كارت توك مشبك 4 قطع","Claw Clips Card (4 Pieces)"
"accessories","كارت توك مشبك 6*1","Claw Clips Card (6 Pieces)"
"accessories","كارت توك مشبك اطفال 10*1","Kids Claw Clips Card (10 Pieces)"
"accessories","كارت توك مشبك/4*1","Claw Clips Card (4 Pieces)"
"accessories","كارت توك مشبك/استك 3*1","Claw Clips / Hair Ties Card (3 Pieces)"
"accessories","كارت توك مشكل","Assorted Hair Clips Card"
"accessories","كارت توك مشكل 6*1","Assorted Hair Clips Card (6 Pieces)"
"accessories","كارت توك مشيك نجمه","Star Claw Clips Card"
"accessories","كارت توك Do","Hair Clips Card Do"
"accessories","كارت توك8*1","Hair Clips Card (8 Pieces)"
"accessories","كارت توكه","Hair Clip Card"
"accessories","كارت توكه 2مشبك","Hair Clip Card (2 Claw Clips)"
"accessories","كارت توكه 3*1 ساده الوان","Plain Colorful Hair Clips Card (3 Pieces)"
"accessories","كارت توكه اطفال لوكس","Luxe Kids Hair Clip Card"
"accessories","كارت توكه فراشه","Butterfly Hair Clip Card"
"accessories","كارت توكه فيوكه","Bow Hair Clip Card"
"accessories","كارت توكه لوكس","Luxe Hair Clip Card"
"accessories","كارت توكه لوكس لبوبو","Luxe Labubu Hair Clip Card"
"accessories","كارت توكه مشبك 4*1","Claw Clips Card (4 Pieces)"
"accessories","كارت توكه مشبك فراشه 2*1","Butterfly Claw Clips Card (2 Pieces)"
"accessories","كارت توكه مشبك ورده 2* 1","Flower Claw Clips Card (2 Pieces)"
"accessories","كارت توكه واحد مشبك","Single Claw Clip Card"
"accessories","كارت دبوس مشبك","Clip Pins Card"
"accessories","كارت مشبك 2*1 فيونكه","Bow Claw Clips Card (2 Pieces)"
"accessories","كارت مشبك 3*1 ورده كلاسيك","Classic Flower Claw Clips Card (3 Pieces)"
"accessories","كارت مشبك 6قطع صغير","Small Claw Clips Card (6 Pieces)"
"accessories","كيس فيوتكه تزك استك","Bag of Bow Hair Ties"
"accessories","مجموعة مشط 6*1","Comb Set (6 Pieces)"
"accessories","مجموعة مشط 8*1","Comb Set (8 Pieces)"
"accessories","مجموعة مشط اطفال 2*1","Kids Comb Set (2 Pieces)"
"accessories","مجموعة مشط شعر لوكس","Luxe Hair Comb Set"
"accessories","مجموعة مشط شعر لوكس 1*4","Luxe Hair Comb Set (4 Pieces)"
"accessories","مشبك 3قطع فواكه","Fruit Claw Clips (3 Pieces)"
"accessories","مشبك خشاب","Wooden Claw Clip"
"accessories","مشبك دهبي","Gold Claw Clip"
"accessories","مشبك فرو /فيونكه","Fur / Bow Claw Clip"
"accessories","مشبك فرو 4 قطع","Fur Claw Clips (4 Pieces)"
"accessories","مشبك فيونكه بيوتي","Beauty Bow Claw Clip"
"accessories","مشبك فيونكه كريز","Cherry Bow Claw Clip"
"accessories","مشبك كلاسيك 2*1","Classic Claw Clip 2-in-1"
"accessories","مشبكين فيونكه فرشه","Bow Claw Clips (2 Pieces)"
"accessories","مشبكين ورد خرز","Beaded Flower Claw Clips (2 Pieces)"
"accessories","مشط 8*1","Comb Set (8 Pieces)"
"accessories","مشط شعر لوكس","Luxe Hair Comb"
"accessories","مشط عسلي مجوز","Amber Comb Pair"
"accessories","مشط Co283","Comb CO283"
"accessories","مشط Co289","Comb CO289"
"accessories","مشط Co290","Comb CO290"
"accessories","مشط Co291","Comb CO291"
"accessories","مشط Co295","Comb CO295"
"accessories","مشط kenzy","Kenzy Comb"
"accessories","مشط+مبرد","Comb + Nail File"
"accessories","مصفي بطاطس بيد بلاستك","Potato Strainer with Plastic Handle"
"accessories","مصفي بلاستك مربعه 4*1","Square Plastic Strainer Set (4 Pieces)"
"accessories","Aishu مشط","Aishu Comb"
"accessories","Coco فرشة شعر","Coco Hair Brush"
"accessories","Coco فرشة شعر بامبو","Coco Bamboo Hair Brush"
"accessories","Coco فرشة شعر بيضاوي","Coco Oval Hair Brush"
"accessories","Coco فرشة شعر كف","Coco Palm Hair Brush"
"accessories","Coco فرشة شعر كف.","Coco Palm Hair Brush"
"accessories","Coco.فرشة شعر","Coco Hair Brush"
"accessories","Copybara  مشط","Capybara Comb"
"accessories","Jolly فرشة شعر كيرلي","Jolly Curly Hair Brush"
"accessories","اساور 3*1","Bangles (3 Pieces)"
"accessories","اسوره استاليس 2628","Stainless Steel Bangle 2628"
"accessories","اسوره استانلس","Stainless Steel Bangle"
"accessories","اسوره استانلس .","Stainless Steel Bangle"
"accessories","اسوره استانلس ..","Stainless Steel Bangle"
"accessories","اسوره استانلس بشريطه","Stainless Steel Bangle with Ribbon"
"accessories","اسوره استانلس لؤلؤ","Stainless Steel Pearl Bangle"
"accessories","اسوره اية الكرسي","Ayat Al-Kursi Bangle"
"accessories","اسوره بحر..","Sea Bangle"
"accessories","اسوره ستانلس","Stainless Steel Bangle"
"accessories","اسوره ستانلس أصلي","Stainless Steel Bangle (Original)"
"accessories","اسوره ستانلس لوكس","Luxe Stainless Steel Bangle"
"accessories","اسوره مسمار","Nail Bangle"
"accessories","اسوره مسمار جولد","Gold Nail Bangle"
"accessories","اسوره مسمار فصوص 23131","Nail Bangle with Stones 23131"
"accessories","اسوره مفتوحه 2295","Open Bangle 2295"
"accessories","انسيال  نجمه","Star Bracelet"
"accessories","انسيال 3 1964","3-Piece Bracelet 1964"
"accessories","انسيال 3 3 %1964","3-Piece Bracelet 1964"
"accessories","انسيال 3 دور 0665","3-Layer Bracelet 0665"
"accessories","انسيال استانلس 2500","Stainless Steel Bracelet 2500"
"accessories","انسيال استانلس جنزير","Stainless Steel Chain Bracelet"
"accessories","انسيال استانلس حجر","Stainless Steel Stone Bracelet"
"accessories","انسيال استانلس فاكتوري","Stainless Steel Factory Bracelet"
"accessories","انسيال استانلس فصوص","Stainless Steel Bracelet with Stones"
"accessories","انسيال استانلس لوكس","Luxe Stainless Steel Bracelet"
"accessories","انسيال استانلس لوكس اشكال","Luxe Stainless Steel Bracelet (Assorted Designs)"
"accessories","انسيال استانلس Org","Stainless Steel Bracelet (Original)"
"accessories","انسيال استنالس العين","Stainless Steel Evil Eye Bracelet"
"accessories","انسيال اشكال 2616","Bracelet (Assorted Designs) 2616"
"accessories","انسيال اشكال تنس","Tennis Bracelet (Assorted Designs)"
"accessories","انسيال الشمس","Sun Bracelet"
"accessories","انسيال بجت اشكال","Baguette Bracelet (Assorted Designs)"
"accessories","انسيال تتس اشكال 2386","Tennis Bracelet (Assorted Designs) 2386"
"accessories","انسيال تتنس0664","Tennis Bracelet 0664"
"accessories","انسيال تنس","Tennis Bracelet"
"accessories","انسيال تنس 3 دور","3-Layer Tennis Bracelet"
"accessories","انسيال تنس اشكال","Tennis Bracelet (Assorted Designs)"
"accessories","انسيال تنس الجديد","Tennis Bracelet (New)"
"accessories","انسيال تنس الوان","Colorful Tennis Bracelet"
"accessories","انسيال تنس صف","Single-Row Tennis Bracelet"
"accessories","انسيال تنس وسط","Tennis Bracelet (Medium)"
"accessories","انسيال جروميت عريض","Wide Gourmette Bracelet"
"accessories","انسيال ح ل","Bracelet HL"
"accessories","انسيال حريمي Bosimat","Bosimat Women's Bracelet"
"accessories","انسيال حريمي Michaelkors","Michael Kors Women's Bracelet"
"accessories","انسيال ذيل فار","Rat-Tail Chain Bracelet"
"accessories","انسيال سكارف","Scarf Bracelet"
"accessories","انسيال سي دي جنزير","CD Chain Bracelet"
"accessories","انسيال ظهر حيه","Snake Chain Bracelet"
"accessories","انسيال ظهر حيهى","Snake Chain Bracelet"
"accessories","انسيال فراشة حمصة","Butterfly Ball Chain Bracelet"
"accessories","انسيال فيرزتشي","Versace Bracelet"
"accessories","انسيال قفل سيلفر","Silver Lock Bracelet"
"accessories","انسيال قلب","Heart Bracelet"
"accessories","انسيال قوقعة","Seashell Bracelet"
"accessories","انسيال كابلز جديد","Couples Bracelet (New)"
"accessories","انسيال كرتير تنس","Cartier Tennis Bracelet"
"accessories","انسيال كوينز","Coins Bracelet"
"accessories","انسيال كوينز جنزير","Coins Chain Bracelet"
"accessories","انسيال كوينز حلبي","Aleppo Coins Bracelet"
"accessories","انسيال كوينز عين فصوص","Coins Evil Eye Bracelet with Stones"
"accessories","انسيال لازوردي","Lazurde Bracelet"
"accessories","انسيال لعب فواكه","Fruit Charm Bracelet"
"accessories","انسيال لعب لولي","Lolly Charm Bracelet"
"accessories","انسيال نانو اشكال","Nano Bracelet (Assorted Designs)"
"accessories","انسيال ورده الوان جديد","Colorful Flower Bracelet (New)"
"accessories","انسيال* 3 1964","3-Piece Bracelet 1964"
"accessories","بندانة شعر فرو - Amina","Amina Fur Hair Bandana"
"accessories","بندانه","Bandana"
"accessories","بندانه اديداس","Adidas Bandana"
"accessories","بندانه بدون خياطه-Levoile","Levoile Seamless Bandana"
"accessories","بندانه زيرو لوكس","Luxe Zero Bandana"
"accessories","بندانه ساده Ny527","Plain Bandana NY527"
"accessories","بندانه فيونكه","Bow Bandana"
"accessories","بندانه هلو كيتي Ny961","Hello Kitty Bandana NY961"
"accessories","بندانه alo","Alo Bandana"
"accessories","بندانه Nike / adidas","Nike / Adidas Bandana"
"accessories","بندانه Ny528","Bandana NY528"
"accessories","بندانه Ny676","Bandana NY676"
"accessories","بيرسنج br-101","Piercing BR-101"
"accessories","توكه +ساعه","Hair Clip + Watch"
"accessories","توكه بندانه","Bandana Hair Clip"
"accessories","جاكار ب البندانه","Jacquard with Bandana"
"accessories","حزام استك","Elastic Belt"
"accessories","حزام برونز لوكس","Luxe Bronze Belt"
"accessories","حزام برونز GG","GG Bronze Belt"
"accessories","حزام بناتي","Girls' Belt"
"accessories","حزام جلد عريض","Wide Leather Belt"
"accessories","حزام ستانلس","Stainless Steel Belt"
"accessories","حلق","Earrings"
"accessories","حلق  استانلس 1285","Stainless Steel Earrings 1285"
"accessories","حلق استانلس","Stainless Steel Earrings"
"accessories","حلق استانلس .","Stainless Steel Earrings"
"accessories","حلق استانلس 01231","Stainless Steel Earrings 01231"
"accessories","حلق استانلس اشكال","Stainless Steel Earrings (Assorted Designs)"
"accessories","حلق استانلس لوكس","Luxe Stainless Steel Earrings"
"accessories","حلق استانلس ACERO","Acero Stainless Steel Earrings"
"accessories","حلق استانلس INSTA","Insta Stainless Steel Earrings"
"accessories","حلق استانلس.ACERO","Acero Stainless Steel Earrings"
"accessories","حلق استنالس","Stainless Steel Earrings"
"accessories","حلق الوان","Colorful Earrings"
"accessories","حلق بحر","Sea Earrings"
"accessories","حلق تكه كرتير اسود 1277","Black Cartier Click Earrings 1277"
"accessories","حلق زهره كبير 1281","Large Flower Earrings 1281"
"accessories","حلق شاهين","Shaheen Earrings"
"accessories","حلق شجره","Tree Earrings"
"accessories","حلق قلب استاليس 1294","Stainless Steel Heart Earrings 1294"
"accessories","حلق كارت استانلس","Stainless Steel Earrings Card"
"accessories","حلق كارت استانللس","Stainless Steel Earrings Card"
"accessories","حلق لوان","Colorful Earrings"
"accessories","حلق لوكس","Luxe Earrings"
"accessories","حلق لوكس اشكال 2624","Luxe Earrings (Assorted Designs) 2624"
"accessories","حلق لوكس اشكال 2625","Luxe Earrings (Assorted Designs) 2625"
"accessories","حلق ورده","Flower Earrings"
"accessories","خاتم","Ring"
"accessories","خاتم  تونيز بندوره فصوص 3*1","Twins Pandora Ring Set with Stones (3 Pieces)"
"accessories","خاتم ابلتين","Double Apple Ring"
"accessories","خاتم ابيض واسود","Black & White Ring"
"accessories","خاتم استانلس 4M","Stainless Steel Ring 4M"
"accessories","خاتم أستانلس عادي","Classic Stainless Steel Ring"
"accessories","خاتم أستانلس فردي","Single Stainless Steel Ring"
"accessories","خاتم أستانلس فردي لوكس","Luxe Single Stainless Steel Ring"
"accessories","خاتم استانلس RG22","Stainless Steel Ring RG22"
"accessories","خاتم استانلس TB432","Stainless Steel Ring TB432"
"accessories","خاتم استانلس W3-3","Stainless Steel Ring W3-3"
"accessories","خاتم بحر","Sea Ring"
"accessories","خاتم توينز","Twins Ring"
"accessories","خاتم جولد/سيلفر بلاتيد","Gold / Silver Plated Ring"
"accessories","خاتم حروف","Letter Ring"
"accessories","خاتم عين","Evil Eye Ring"
"accessories","خاتم فيروز","Turquoise Ring"
"accessories","خاتم لزورد","Lazurde Ring"
"accessories","خاتم نجمه","Star Ring"
"accessories","خاتم نجوم","Stars Ring"
"accessories","خاتم TB240","Ring TB240"
"accessories","خلخال استانلس","Stainless Steel Anklet"
"accessories","خلخال استانلس اشكال","Stainless Steel Anklet (Assorted Designs)"
"accessories","خلخال اشكال","Anklet (Assorted Designs)"
"accessories","خلخال الفراشة","Butterfly Anklet"
"accessories","خلخال بحر","Sea Anklet"
"accessories","خلخال ترندي","Trendy Anklet"
"accessories","خلخال ضهر حيه","Snake Chain Anklet"
"accessories","خلخال ظهر حيه","Snake Chain Anklet"
"accessories","خلخال نجمة القلب","Heart Star Anklet"
"accessories","زجاجه ازاز ميداليه","Glass Bottle Keychain"
"accessories","ساعة انسيال حريمي","Women's Bracelet Watch"
"accessories","ساعة انسيال حريمي ك","Women's Bracelet Watch (Large)"
"accessories","ساعة بناتي لوكس","Luxe Girls' Watch"
"accessories","ساعة بينمي رقمي","Binmi Digital Watch"
"accessories","ساعة جلد بناتي","Girls' Leather Watch"
"accessories","ساعة رجالي","Men's Watch"
"accessories","ساعة لوكس","Luxe Watch"
"accessories","ساعة Bubble Time","Bubble Time Watch"
"accessories","ساعة Ermido","Ermido Watch"
"accessories","ساعة Quatrz Lux","Quartz Lux Watch"
"accessories","ساعة XIGE","XIGE Watch"
"accessories","شيفون بالبندانه","Chiffon with Bandana"
"accessories","علبة خاتم 5*1","Ring Box (5 Pieces)"
"accessories","علبة ساعة","Watch Box"
"accessories","كارت حلق استانلس","Stainless Steel Earrings Card"
"accessories","كارت خاتم 3*1 استانلس","Stainless Steel Rings Card (3 Pieces)"
"accessories","كارت خاتم 5*1","Rings Card (5 Pieces)"
"accessories","كارت خاتم ومحبس استانلس","Stainless Steel Ring & Band Card"
"accessories","كارت خاتم Queen 8*1","Queen Rings Card (8 Pieces)"
"accessories","كارت خاتم SB Lux","SB Lux Rings Card"
"accessories","كوليه  اساملس خليجي 0760","Gulf-Style Stainless Steel Necklace 0760"
"accessories","كوليه احجار الوان","Colorful Stones Necklace"
"accessories","كوليه استانلس","Stainless Steel Necklace"
"accessories","كوليه استانلس اشكال","Stainless Steel Necklace (Assorted Designs)"
"accessories","كوليه استانلس اشكال لوكس","Luxe Stainless Steel Necklace (Assorted Designs)"
"accessories","كوليه استانلس لوكس اشكال","Luxe Stainless Steel Necklace (Assorted Designs)"
"accessories","كوليه اسد مجدول","Braided Lion Necklace"
"accessories","كوليه اشكال","Necklace (Assorted Designs)"
"accessories","كوليه اشكال فوكس","Fox Necklace (Assorted Designs)"
"accessories","كوليه الوان بلايتد","Colorful Plated Necklace"
"accessories","كوليه بلايتد  اشكال","Plated Necklace (Assorted Designs)"
"accessories","كوليه بلايتد اشكال","Plated Necklace (Assorted Designs)"
"accessories","كوليه تايجر","Tiger Necklace"
"accessories","كوليه تايجر .","Tiger Necklace"
"accessories","كوليه تايجر دهبي","Gold Tiger Necklace"
"accessories","كوليه تيفني","Tiffany Necklace"
"accessories","كوليه حيه اخضر","Green Snake Necklace"
"accessories","كوليه ستانلس اشكال","Stainless Steel Necklace (Assorted Designs)"
"accessories","كوليه ظهر حيه 01181","Snake Chain Necklace 01181"
"accessories","كوليه فراوله استانلس","Stainless Steel Strawberry Necklace"
"accessories","كوليه فرعوني 2 دور 23149","2-Layer Pharaonic Necklace 23149"
"accessories","كوليه فهد","Leopard Necklace"
"accessories","كوليه فوكس","Fox Necklace"
"accessories","كوليه كريز","Cherry Necklace"
"accessories","كوليه كريز استانلس","Stainless Steel Cherry Necklace"
"accessories","كوليه كريز ضهر حيه","Cherry Snake Chain Necklace"
"accessories","كوليه كريز فصوص","Cherry Necklace with Stones"
"accessories","كوليه كوينز","Coins Necklace"
"accessories","كوليه مانكو جنزير 2109","Mango Chain Necklace 2109"
"accessories","لانش الساعه","Watch Lunch Box"
"accessories","مجموعة حلقان 6قطع","Earrings Set (6 Pieces)"
"accessories","ميدالية كوره","Ball Keychain"
"accessories","ميدالية نجمه","Star Keychain"
"accessories","ميداليه","Keychain"
"accessories","ميداليه بريميوم اشكال","Premium Keychain (Assorted Designs)"
"accessories","ميداليه تليفون","Phone Charm"
"accessories","ميداليه حزام","Strap Keychain"
"accessories","ميداليه ديزني متحرك","Moving Disney Keychain"
"accessories","ميداليه كريز","Cherry Keychain"
"accessories","ميداليه كريز لوكس","Luxe Cherry Keychain"
"accessories","CC حزام برونز","CC Bronze Belt"
"accessories","DoD انسيال","DoD Bracelet"
"accessories","Hublot Geneve ساعة","Hublot Geneve Watch"
"accessories","شماعة طرح","Scarf Hanger"
"accessories","شماعه","Hanger"
"accessories","شماعه .","Hanger"
"accessories","شماعه 2*1. هوك","Hook Hangers (2 Pieces)"
"accessories","شماعه 2*1. هوك.","Hook Hangers (2 Pieces)"
"accessories","شماعه 3*1. هوك","Hook Hangers (3 Pieces)"
"accessories","شماعه 3*1. هوك.","Hook Hangers (3 Pieces)"
"accessories","شماعه 3*1. هوك...","Hook Hangers (3 Pieces)"
"accessories","شماعه 5*1. هوك","Hook Hangers (5 Pieces)"
"accessories","شماعه 6*1.","Hangers (6 Pieces)"
"accessories","شماعه 6*1. هوك","Hook Hangers (6 Pieces)"
"accessories","شماعه اسمايل 9+1","Smile Hangers 9+1"
"accessories","شماعه الحسن","Al Hassan Hanger"
"accessories","شماعه لون اخضر","Green Hanger"
"accessories","شماعه لون ازرق","Blue Hanger"
"accessories","شماعه لون بنطلون","Trousers Hanger"
"accessories","شماعه لون بيبي بلو","Baby Blue Hanger"
"accessories","شماعه لون بيبي بلي 0","Baby Blue Hanger"
"accessories","شماعه لون بينك","Pink Hanger"
"accessories","شماعه لون سيموني","Salmon Hanger"
"accessories","شماعه....","Hanger"
"accessories","طقم حمام .","Bathroom Set"
"accessories","طقم حمام ..","Bathroom Set"
"accessories","طقم حمام الوان","Colorful Bathroom Set"
"accessories","قطاعة تفاح لوكس","Luxe Apple Slicer"
"accessories","قطاعه استالس يد خشب","Stainless Steel Slicer with Wooden Handle"
"accessories","قطاعه جزر","Carrot Slicer"
"accessories","لانش 2*1 ك 886","Lunch Box 2-in-1 (Large) 886"
"accessories","لانش استيكر","Sticker Lunch Box"
"accessories","لانش اسكرينا","Scrina Lunch Box"
"accessories","لانش اسمايل","Smile Lunch Box"
"accessories","لانش ستالس ك213","Stainless Steel Lunch Box (Large) 213"
"accessories","لانش ستالس مستورد ك 988-20","Imported Stainless Steel Lunch Box (Large) 988-20"
"accessories","لانش مقسم شفاف","Clear Divided Lunch Box"
"accessories","لانش هامر","Hammer Lunch Box"
"accessories","مقوار استالس","Stainless Steel Vegetable Corer"
"accessories","مقوار خشب يد منقوشه","Vegetable Corer with Carved Wooden Handle"
"accessories","منشر استاند3 د","3-Tier Clothes Drying Stand"
"accessories","منشر حائط 100سم هايل","Hayel Wall Clothes Drying Rack 100cm"
"accessories","منشر فضي هايل","Hayel Silver Clothes Drying Rack"
"accessories","منشر لوكس 2د سوبر","Super Luxe 2-Tier Clothes Drying Rack"
"accessories","منشر لوكس هايل","Hayel Luxe Clothes Drying Rack"
"accessories","منشر ليزر 1د هايل","Hayel Laser 1-Tier Clothes Drying Rack"
"accessories","منشر ليزر 2د بلس","Laser Plus 2-Tier Clothes Drying Rack"
"accessories","نشابه خش","Wooden Rolling Pin"
"accessories","2ق رموش + بالت وان باي وان","One by One Lashes Palette + 2 Pairs"
"accessories","بيوتي بلندر 12*1 سويت فاكيوم","Sweet Vacuum Beauty Blender Set (12 Pieces)"
"accessories","بيوتي بلندر 4*1 HEUXIA","HEUXIA Beauty Blender Set (4 Pieces)"
"accessories","بيوتي بلندر 6*1","Beauty Blender Set (6 Pieces)"
"accessories","بيوتي بلندر صغيره 6*1","Small Beauty Blender Set (6 Pieces)"
"accessories","بيوتي بلندر عادي","Classic Beauty Blender"
"accessories","بيوتي بلندر كونتر 369","Contour Beauty Blender 369"
"accessories","تناية رموش","Eyelash Curler"
"accessories","تناية رموش لوكس اشكال","Luxe Eyelash Curler (Assorted Designs)"
"accessories","جفت رموش الوان","Colorful Lash Tweezers"
"accessories","رموش  5D  MU.HAN","MU.HAN 5D Lashes"
"accessories","رموش & جفت","Lashes & Tweezers"
"accessories","رموش 22810","Lashes 22810"
"accessories","رموش 22839","Lashes 22839"
"accessories","رموش باليت 6 قطع","Lashes Palette (6 Pieces)"
"accessories","رموش ثلاثي","Triple Lashes"
"accessories","رموش ثلاثية","Triple Lashes"
"accessories","رموش طرفية رمادي","Grey Corner Lashes"
"accessories","رموش فردي ماركات","Designer-Style Single Lashes"
"accessories","رموش كتاب","Lash Book"
"accessories","رموش كتاب.","Lash Book"
"accessories","رموش مكس 21738","Mix Lashes 21738"
"accessories","رموش مكس 21748","Mix Lashes 21748"
"accessories","رموش Lanell","Lanell Lashes"
"accessories","رموش MILA 3D","MILA 3D Lashes"
"accessories","رموش MILA NEW","MILA New Lashes"
"accessories","رموش14*1","Lashes (14 Pairs)"
"accessories","علبة بيوتي بلندر صغيرة 5*1","Small Beauty Blender Box (5 Pieces)"
"accessories","علبة رموش 1*1","Lash Box (1 Pair)"
"accessories","علبة رموش 30","Lash Box 30"
"accessories","علبة رموش 7*1","Lash Box (7 Pairs)"
"accessories","علبة رموش تفاحة","Apple Lash Case"
"accessories","علبة رموش دائرية","Round Lash Case"
"accessories","علبة رموش قطة","Cat Lash Case"
"accessories","فرش ميك اب8 + بيوتي بلندر","8 Makeup Brushes + Beauty Blender"
"accessories","فرشة مكياج 4D","4D Makeup Brush"
"accessories","قطعه رموش 22824","Lashes 22824"
"accessories","قطعه رموش 22825","Lashes 22825"
"accessories","قطعه رموش 30شعره 2216125","Lashes 30 Hairs 2216125"
"accessories","قطعه رموش انمي 10صف دبل فيس 555","Anime Lashes 10 Rows Double-Face 555"
"accessories","قطعه رموش انمي 10صف777","Anime Lashes 10 Rows 777"
"accessories","قطعه رموش انمي 111","Anime Lashes 111"
"accessories","قطعه رموش مكس 21502","Mix Lashes 21502"
"accessories","لانيل - لاصق رموش 30مل","Lanell Lash Glue 30ml"
"accessories","لزق رموش لانيل 30مل","Lanell Lash Glue 30ml"
"accessories","لزق رموش لانيل اوريجنال","Lanell Lash Glue (Original)"
"accessories","لزق رموش هدى بيوتي","Huda Beauty Lash Glue"
"accessories","ملقاط","Tweezers"
"accessories","ملقاط + مقص","Tweezers + Scissors"
"accessories","ملقاط بصمة","Fingerprint-Grip Tweezers"
"accessories","ملقاط ستانلس دكتور جيمي","Dr. Jimmy Stainless Steel Tweezers"
"accessories","ملقاط فضي كنزي","Kenzy Silver Tweezers"
"accessories","ملقاط فضي*ذهبي","Silver / Gold Tweezers"
"accessories","Alien ملقاط بصمة","Alien Fingerprint-Grip Tweezers"
"accessories","اسيتون ايفا بدون رائحة","Eva Odorless Nail Polish Remover"
"accessories","اسيتون بخاخ","Nail Polish Remover Spray"
"accessories","اسيتون دون 100مل","Don Nail Polish Remover 100ml"
"accessories","اسيتون عادي","Classic Nail Polish Remover"
"accessories","اظافر","Press-On Nails"
"accessories","اظافر  الوان","Colorful Press-On Nails"
"accessories","اظافر  مط","Matte Press-On Nails"
"accessories","اظافر ....","Press-On Nails"
"accessories","اظافر 12ق - Fairy","Fairy Press-On Nails (12 Pieces)"
"accessories","اظافر 24ق - Tati","Tati Press-On Nails (24 Pieces)"
"accessories","اظافر 24ق Lavish","Lavish Press-On Nails (24 Pieces)"
"accessories","اظافر 24قطعه","Press-On Nails (24 Pieces)"
"accessories","اظافر 288","Press-On Nails 288"
"accessories","اظافر 3*1","Press-On Nails (3 Sets)"
"accessories","اظافر 5*1","Press-On Nails (5 Sets)"
"accessories","اظافر اطفال","Kids Press-On Nails"
"accessories","اظافر اطفال 12ق","Kids Press-On Nails (12 Pieces)"
"accessories","اظافر اطفال 20/5","Kids Press-On Nails 20/5"
"accessories","اظافر اطفال Summy day","Sunny Day Kids Press-On Nails"
"accessories","اظافر الوان - Lala","Lala Colorful Press-On Nails"
"accessories","اظافر الوان...","Colorful Press-On Nails"
"accessories","اظافر امبريه  علبه بينك","Ombré Press-On Nails (Pink Box)"
"accessories","اظافر ايه واي ستايل فيلفيت","AY Style Velvet Press-On Nails"
"accessories","اظافر برجاندي","Burgundy Press-On Nails"
"accessories","اظافر جليتر 24","Glitter Press-On Nails 24"
"accessories","اظافر ش ن","Shein Press-On Nails"
"accessories","اظافر شجلام","Sheglam Press-On Nails"
"accessories","اظافر شفافه","Clear Press-On Nails"
"accessories","اظافر شي ان ..","Shein Press-On Nails"
"accessories","اظافر شي ان .*","Shein Press-On Nails"
"accessories","اظافر شي ان 2*1","Shein Press-On Nails (2 Sets)"
"accessories","اظافر شي ان 24 ق","Shein Press-On Nails (24 Pieces)"
"accessories","اظافر شي ان 5*1 عرض","Shein Press-On Nails Offer (5 Sets)"
"accessories","اظافر شي ان فردي","Shein Single Press-On Nails Set"
"accessories","اظافر شي ان فردي عرض 10","Shein Single Press-On Nails Offer 10"
"accessories","اظافر فاكيوم","Vacuum Press-On Nails"
"accessories","اظافر فراشه 3شيب","Butterfly Press-On Nails (3 Shapes)"
"accessories","اظافر فرنش الوان","Colorful French Press-On Nails"
"accessories","اظافر فرنش امبريه ابيض","White Ombré French Press-On Nails"
"accessories","اظافر فرنش كهربا","Electric French Press-On Nails"
"accessories","اظافر فرنش كهربا.","Electric French Press-On Nails"
"accessories","اظافر فو ايفر","Forever Press-On Nails"
"accessories","اظافر فو ايفر  ارت","Forever Art Press-On Nails"
"accessories","اظافر فيونكه","Bow Press-On Nails"
"accessories","اظافر قدم","Press-On Toenails"
"accessories","اظافر كاب اي","Cat Eye Press-On Nails"
"accessories","اظافر كاب اي  2*1","Cat Eye Press-On Nails (2 Sets)"
"accessories","اظافر كاب اي  ل","Cat Eye Press-On Nails L"
"accessories","اظافر كاب اي لامع","Shiny Cat Eye Press-On Nails"
"accessories","اظافر كاب اي ماركات","Designer-Style Cat Eye Press-On Nails"
"accessories","اظافر كاب اي2","Cat Eye Press-On Nails 2"
"accessories","اظافر كاب ايا","Cat Eye Press-On Nails"
"accessories","اظافر كات  اي تايجر","Tiger Cat Eye Press-On Nails"
"accessories","اظافر كات اي ارمور","Armor Cat Eye Press-On Nails"
"accessories","اظافر كات اي بريس","Cat Eye Press-On Nails (Press)"
"accessories","اظافر كات اي فراشة","Butterfly Cat Eye Press-On Nails"
"accessories","اظافر لوكس","Luxe Press-On Nails"
"accessories","اظافر لوكس 12ق","Luxe Press-On Nails (12 Pieces)"
"accessories","اظافر لوكس علبة باغ","Luxe Press-On Nails (Bag Box)"
"accessories","اظافر لوكس HD","Luxe HD Press-On Nails"
"accessories","اظافر ليزر شجلام","Sheglam Laser Press-On Nails"
"accessories","اظافر يلا اطفالي","Yalla Kids Press-On Nails"
"accessories","اظافر يلا بيوتي","Yalla Beauty Press-On Nails"
"accessories","اظافر Deluxe/Sheglam","Sheglam Deluxe Press-On Nails"
"accessories","اظافر K1 Sheglam","Sheglam K1 Press-On Nails"
"accessories","اظافر K103","Press-On Nails K103"
"accessories","اظافر K104","Press-On Nails K104"
"accessories","اظافر K124","Press-On Nails K124"
"accessories","اظافر K133","Press-On Nails K133"
"accessories","اظافر K145","Press-On Nails K145"
"accessories","اظافر koko4","Press-On Nails Koko4"
"accessories","اظافر Lavish gel","Lavish Gel Press-On Nails"
"accessories","اظافريلا dashis","Yalla Dashis Press-On Nails"
"accessories","حنة اظافر جوليتشا","Julicha Nail Henna"
"accessories","روك مبرد خشب صغير","Small Wooden Nail File"
"accessories","شريط اظافر اطفالي","Kids Nail Stickers"
"accessories","شريط اظافر دهبي","Gold Nail Stickers"
"accessories","طقم باديكير  5*1","Pedicure Set (5 Pieces)"
"accessories","طقم باديكير 3*1","Pedicure Set (3 Pieces)"
"accessories","طقم باديكير 9*1 علي كارت","Pedicure Set on Card (9 Pieces)"
"accessories","طقم باديكير الوان فاكيوم","Colorful Vacuum Pedicure Set"
"accessories","طقم باديكير لوكس في علبه","Luxe Pedicure Set in Box"
"accessories","طقم فواصل اظافر","Toe Separators Set"
"accessories","علبة اظافر 100قطعه","Nails Box (100 Pieces)"
"accessories","فرشة اظافر","Nail Brush"
"accessories","قصافة اظافر اكرليك","Acrylic Nail Clipper"
"accessories","كارت مبرد + اصافه لوكس","Luxe Nail File + Clipper Card"
"accessories","كارت مبرد 3*1","Nail Files Card (3 Pieces)"
"accessories","لاصق اظافر متعدد الاستخدام Fevlcol","Fevicol Multi-Purpose Nail Glue"
"accessories","لزق اظافر جيلاتين","Gelatin Nail Glue"
"accessories","لزق اظافر دبل فيس","Double-Sided Nail Glue"
"accessories","مبرد اظافر","Nail File"
"accessories","مبرد اظافر + فرشه","Nail File + Brush"
"accessories","مبرد اظافر 2 ق في كيس","Nail Files (2 Pieces in Bag)"
"accessories","مبرد اظافر خشب","Wooden Nail File"
"accessories","مبرد اظافر F&L","F&L Nail File"
"accessories","مبرد اظافر Ma10","Nail File MA10"
"accessories","مبرد خشب ميرنا","Mirna Wooden Nail File"
"accessories","مبرد رجل","Foot File"
"accessories","مبرد ساندوتش ميرنا","Mirna Sandwich Nail File"
"accessories","مبرد قدم","Foot File"
"accessories","مبرد قدم 2*1بفرشه","Foot File 2-in-1 with Brush"
"accessories","مبرد قدم بلاستيك شكل قدم","Foot-Shaped Plastic Foot File"
"accessories","مبرد قدم مستطيل","Rectangular Foot File"
"accessories","مبرد قدم معكوف لوكس","Luxe Curved Foot File"
"accessories","مبرد ليزر Yalla","Yalla Laser Nail File"
"accessories","مزيل طلاء اظافر mizx","Mizx Nail Polish Remover"
"accessories","موس باديكير","Pedicure Mousse"
"accessories","Cute قصافة اظافر","Cute Nail Clipper"
"accessories","Dima املاح باديكير  850مل","Dima Pedicure Salts 850ml"
"accessories","ForEver طقم باديكير","ForEver Pedicure Set"
"accessories","Parrty Legend اظافر","Party Legend Press-On Nails"
"accessories","Romantic Cool اظافر","Romantic Cool Press-On Nails"
"accessories","1 كبسولة فيتامين للبشره","Skin Vitamin Capsule (1 Piece)"
"accessories","1-srr سواريه","Soirée 1-SRR"
"accessories","2 سكنيه مشرشره","Serrated Knives (2 Pieces)"
"accessories","22-sw سواريه","Soirée 22-SW"
"accessories","5-srr سواريه","Soirée 5-SRR"
"accessories","7-sw سواريه","Soirée 7-SW"
"accessories","ابرة بثور","Pimple Extractor Needle"
"accessories","اتشوكو 14*1505*","Atchoko 14 *1505*"
"accessories","اتشوكو 16 *1560*","Atchoko 16 *1560*"
"accessories","احلام 6-sw  سواريه","Ahlam Soirée 6-SW"
"accessories","ازازه 550م اشكال ك 126","Bottle 550ml (Assorted Designs) K126"
"accessories","ازازه اتنين فتحه","Two-Opening Bottle"
"accessories","ازازه اتنين فتحه لوكس","Luxe Two-Opening Bottle"
"accessories","ازازه اسود لوكس 900م ك139","Luxe Black Bottle 900ml K139"
"accessories","ازازه جودلاك 600م ك137","Good Luck Bottle 600ml K137"
"accessories","ازازه جودلاك الوان 600م ك140","Colorful Good Luck Bottle 600ml K140"
"accessories","ازازه جودلاك1لتر اسود ك136","Good Luck Black Bottle 1L K136"
"accessories","ازازه ص مرواحه ك229","Small Fan Bottle K229"
"accessories","ازازه لوكس  ك106","Luxe Bottle K106"
"accessories","ازازه لوكس 1000م ك161","Luxe Bottle 1000ml K161"
"accessories","ازازه لوكس 1لتر *ك 120","Luxe Bottle 1L K120"
"accessories","ازازه لوكس 1لتر ك121","Luxe Bottle 1L K121"
"accessories","ازازه لوكس 650م ك117","Luxe Bottle 650ml K117"
"accessories","ازازه لوكس 750م ك111","Luxe Bottle 750ml K111"
"accessories","ازازه لوكس 850م ك163","Luxe Bottle 850ml K163"
"accessories","ازازه لوكس ك 230","Luxe Bottle K230"
"accessories","ازازه لوكس ك105","Luxe Bottle K105"
"accessories","ازازه لوكس ك227","Luxe Bottle K227"
"accessories","ازازه لوكس ك99","Luxe Bottle K99"
"accessories","ازازه مشكل","Assorted Bottle"
"accessories","ازازه نايس 600م ك109","Nice Bottle 600ml K109"
"accessories","ازازه energy ك134","Energy Bottle K134"
"accessories","اساسر سحري روز بيري brfm00010","Rose Berry Magic Foundation BRFM00010"
"accessories","اسباتو لا سيلكون","Silicone Spatula"
"accessories","اسباتو لا سيليوكن","Silicone Spatula"
"accessories","استانلس 360","Stainless Steel 360"
"accessories","استانلس Br240","Stainless Steel BR240"
"accessories","استانلس Nk151","Stainless Steel NK151"
"accessories","استانلس S300","Stainless Steel S300"
"accessories","استراس","Rhinestones"
"accessories","استراس فاكيوم","Rhinestones (Vacuum Pack)"
"accessories","استراس ورد + اشكال","Flower & Assorted Rhinestones"
"accessories","استون هيرجيينا بخاخ","Hygiena Nail Polish Remover Spray"
"accessories","استون وسط عادي","Classic Nail Polish Remover (Medium)"
"accessories","أسد 100مل (بيت العطور)","Asad 100ml (Perfume House)"
"accessories","أسوره ستانلس 75","Stainless Steel Bangle 75"
"accessories","أسوره ستانلس.","Stainless Steel Bangle"
"accessories","اسياخ شوي","Grilling Skewers"
"accessories","اكسسوار دهبي","Gold Accessory"
"accessories","اكسسوار شعر ذهبي","Gold Hair Accessory"
"accessories","اكسوار راستا","Rasta Accessory"
"accessories","اكلادور بريتي","Pretty Nail Polish"
"accessories","اكلادور شجلام 12مل","Sheglam Nail Polish 12ml"
"accessories","اكلادور يارا 15مل","Yara Nail Polish 15ml"
"accessories","الاسكا زيت مساج الوان 125مل","Alaska Colored Massage Oil 125ml"
"accessories","البوري","Al Bouri"
"accessories","التجاني طمي بودر مغربي","Al Tijani Moroccan Clay Powder"
"accessories","الترا فير كبير 50 جرام","Ultra Fair (Large) 50g"
"accessories","الحمام المغربي الأصلي 2*1-كيلوباترا","Cleopatra Original Moroccan Bath 2-in-1"
"accessories","العود الملكي رول اون 50ملي","Royal Oud Roll-On 50ml"
"accessories","الفا 16*1505*","Alfa 16 *1505*"
"accessories","المجموعة المغربية 6*1","Moroccan Set (6 Pieces)"
"accessories","اليبانس 2610","Elibance 2610"
"accessories","اليس ليفه مغربيه","Alice Moroccan Loofah"
"accessories","اميرة العرب 100مل","Ameerat Al Arab 100ml"
"accessories","ان ليفين مضمضه 500مل","Enliven Mouthwash 500ml"
"accessories","انسال  العاب 1597","Charm Bracelet 1597"
"accessories","انسال لعب بحر 2390","Sea Charm Bracelet 2390"
"accessories","انسييال لوكس اشكال 2662","Luxe Bracelet (Assorted Designs) 2662"
"accessories","انشوكو 14*1725*","Anchoko 14 *1725*"
"accessories","انيمالز*1350*","Animals *1350*"
"accessories","اوريو","Oreo"
"accessories","اي برر بودر حواجاب","Eyebrow Powder"
"accessories","ايفا بسلم ريبسي 350 مل","Eva Recipe Conditioner 350ml"
"accessories","ايفونا كعب الغزال 300جرام","Evona Kaab Al Ghazal 300g"
"accessories","ايلين 1825","Eileen 1825"
"accessories","باك جاك 2027","Back Jack 2027"
"accessories","باليت صبغه صغير 50ملي","Palette Hair Dye (Small) 50ml"
"accessories","باليت ميكب ساندرا","Sandra Makeup Palette"
"accessories","بانادورا رابر بناتي","Girls' Pandora Rubber Bracelet"
"accessories","باندانه alo","Alo Bandana"
"accessories","باندوره جلد بناتي","Girls' Pandora Leather Bracelet"
"accessories","بانكل 15.*1450*","Bangle 15 *1450*"
"accessories","بتر فلاي صغير *1745*","Butterfly (Small) *1745*"
"accessories","بخاخ زيت كبير","Oil Sprayer (Large)"
"accessories","بخاخ زيت كبير لوكس","Luxe Oil Sprayer (Large)"
"accessories","بخاخ كروت ماكس","Max Spray Bottle"
"accessories","بخاخ ماء لمسه","Lamsa Water Spray Bottle"
"accessories","بخاخه  مستورده","Imported Spray Bottle"
"accessories","بخاخه مستورده","Imported Spray Bottle"
"accessories","بدارة","Badara"
"accessories","بدي حريمي - ميجا","Mega Women's Top"
"accessories","براد استالس 1.5لتر","Stainless Steel Teapot 1.5L"
"accessories","براد استالس 2لتر","Stainless Steel Teapot 2L"
"accessories","براد استالس 3لتر","Stainless Steel Teapot 3L"
"accessories","براد استالس 3لتر .","Stainless Steel Teapot 3L"
"accessories","براية ميتالك - جميلة","Gamila Metallic Sharpener"
"accessories","برايه شفاف - جميلة","Gamila Clear Sharpener"
"accessories","برسنج 5*1","Piercing Set (5 Pieces)"
"accessories","برسنج بطن 106","Belly Piercing 106"
"accessories","برسينج جولد","Gold Piercing"
"accessories","برسينج br12.11","Piercing BR12.11"
"accessories","برنسج 3*1","Piercing Set (3 Pieces)"
"accessories","برنن يوني 14*525*","Bernin Uni 14 *525*"
"accessories","بروش صفقه 2886","Safqa Brooch 2886"
"accessories","بروش كريز","Cherry Brooch"
"accessories","بريانكا تفتيح بالمسك الابيض","Priyanka White Musk Brightening"
"accessories","بريانكا جل صبار 250 ملي","Priyanka Aloe Vera Gel 250ml"
"accessories","بريانكا جل كعب الغزال250مل","Priyanka Kaab Al Ghazal Gel 250ml"
"accessories","بريانكا جل لبان الدكر 250مل","Priyanka Frankincense Gel 250ml"
"accessories","بريانكا خلطة حرير هندية 250جم","Priyanka Indian Silk Mix 250g"
"accessories","بريانكا خميره بيره","Priyanka Brewer's Yeast"
"accessories","بريانكا زيت مساج","Priyanka Massage Oil"
"accessories","بريانكا قدم بطرمان","Priyanka Foot Cream Jar"
"accessories","بريانكا قناع الطمي 250 ملي","Priyanka Clay Mask 250ml"
"accessories","بريانكا كريم ذيل الحصان 250مل","Priyanka Horsetail Cream 250ml"
"accessories","بريانكا كريم لبان الدكر 250مل","Priyanka Frankincense Cream 250ml"
"accessories","بريانكا كريم نبت السعد 250مل","Priyanka Nutgrass Cream 250ml"
"accessories","بريانكا هير واكس ستيك","Priyanka Hair Wax Stick"
"accessories","بريسنج br-13-11","Piercing BR-13-11"
"accessories","بطرمان غطاء مجدول330","Braided-Lid Jar 330"
"accessories","بكر شعر","Hair Rollers"
"accessories","بكر شعر بكلبس","Hair Rollers with Clips"
"accessories","بكر شعر Yizhilian","Yizhilian Hair Rollers"
"accessories","بلح6-sw سواريه","Balah Soirée 6-SW"
"accessories","بلوب اوكسجين 1 لتر","Blob Oxygen 1L"
"accessories","بلوب مخمريه 50جرام مني","Blob Mukhamaria Mini 50g"
"accessories","بلوب مخمريه بادي واي 100 جرام","Blob Mukhamaria Body Way 100g"
"accessories","بلوب واكس وسط","Blob Wax (Medium)"
"accessories","بلوند 15*500*","Blonde 15 *500*"
"accessories","بندانا","Bandana"
"accessories","بندانا فوينكه اطفال","Kids Bow Bandana"
"accessories","بندانا فوينكه اطفال ستان","Kids Satin Bow Bandana"
"accessories","بنز جلد لوكس جميلة","Gamila Luxe Leather Benz"
"accessories","بنسه  ارنب","Rabbit Hair Pin"
"accessories","بنسه 7224","Hair Pin 7224"
"accessories","بنسه برونز","Bronze Hair Pin"
"accessories","بنسه دهبي فراشه","Gold Butterfly Hair Pin"
"accessories","بنسه فراشه 2*1","Butterfly Hair Pins (2 Pieces)"
"accessories","بنطلون حريمي - ميجا","Mega Women's Trousers"
"accessories","بوبانا صنفره 300 جرام","Bobana Body Scrub 300g"
"accessories","بوك جالاكسي","Galaxy Wallet"
"accessories","بوك ص.ل","Wallet S.L"
"accessories","بوك لوكس","Luxe Wallet"
"accessories","بوك مستورد .","Imported Wallet"
"accessories","بوك مستورد ..","Imported Wallet"
"accessories","بوك مستورد ....","Imported Wallet"
"accessories","بوك مستورد 1","Imported Wallet 1"
"accessories","بوك مستورد 1..","Imported Wallet 1"
"accessories","بوك مستورد 1.1","Imported Wallet 1.1"
"accessories","بوك مستورد 1/1","Imported Wallet 1/1"
"accessories","بوك مستورد 1/11","Imported Wallet 1/11"
"accessories","بوك مستورد11","Imported Wallet 11"
"accessories","بوكس توك baby size","Baby-Size Hair Clips Box"
"accessories","بوكس عدسات 5جوز Desio","Desio Contact Lens Box (5 Pairs)"
"accessories","بوله اركو 3.5لتر لمسه","Lamsa Arco Bowl 3.5L"
"accessories","بوله مدوره 1 الوطنيه","Al Wataniya Round Bowl (Size 1)"
"accessories","بوله مدوره 2 الوطنيه","Al Wataniya Round Bowl (Size 2)"
"accessories","بوله مدوره 3الوطنيه","Al Wataniya Round Bowl (Size 3)"
"accessories","بيركن2490","Birkin 2490"
"accessories","بيكيني باتر","Bikini Butter"
"accessories","بيلي1410","Billy 1410"
"accessories","تاتو","Tattoo"
"accessories","تاتو 5ma","Tattoo 5MA"
"accessories","تاتو سحري","Magic Tattoo"
"accessories","تاتو سحري ضد المياه","Waterproof Magic Tattoo"
"accessories","تاتو سحري ك","Magic Tattoo (Large)"
"accessories","تاتو سحري لوكس","Luxe Magic Tattoo"
"accessories","تاتو سحري و","Magic Tattoo"
"accessories","تاتو فاشون هورس","Fashion Horse Tattoo"
"accessories","تاتو كارت صغير.","Small Tattoo Card"
"accessories","تاتو كارت صغير4","Small Tattoo Card 4"
"accessories","تاتو كينج هورس","King Horse Tattoo"
"accessories","تاتو ماجيك","Magic Tattoo"
"accessories","تاتو GZS","GZS Tattoo"
"accessories","تاتو temporary","Temporary Tattoo"
"accessories","ترابيزه ماءده 76*184 هايل","Hayel Dining Table 76×184"
"accessories","ترابيزه مكوه اليجانت هايل","Hayel Elegant Ironing Board"
"accessories","ترابيزه مكوه اورجينال هايل","Hayel Original Ironing Board"
"accessories","ترابيزه مكوه خشب هايل","Hayel Wooden Ironing Board"
"accessories","ترابيزه مكوه سوليتير  هايل","Hayel Solitaire Ironing Board"
"accessories","ترابيزه مكوه غزاله  هايل","Hayel Gazelle Ironing Board"
"accessories","ترابيزه مكوه كلاسيك هايل","Hayel Classic Ironing Board"
"accessories","ترابيزه مكوه ميجا  هايل","Hayel Mega Ironing Board"
"accessories","تربو تركي 3 د الوطنيه","Al Wataniya Turkish Turbo Rack (3 Tiers)"
"accessories","تربو تركي 4 د الوطنيه","Al Wataniya Turkish Turbo Rack (4 Tiers)"
"accessories","ترتر صغير 14","Small Sequins 14"
"accessories","ترتر كبير 14","Large Sequins 14"
"accessories","ترمس 1.5لتر","Thermos 1.5L"
"accessories","ترمس 2لتر","Thermos 2L"
"accessories","ترمس يد خشب 1لتر بومبيه","Pump Thermos with Wooden Handle 1L"
"accessories","ترمس يد خشب عدل","Upright Thermos with Wooden Handle"
"accessories","ترمس3لتر","Thermos 3L"
"accessories","تصفايه معالق ...","Spoon Drainer"
"accessories","تنت بليه 2*1","Belle Tint 2-in-1"
"accessories","تنت روابي رواز","Ruby Rose Tint"
"accessories","تنت BENE","Bene Tint"
"accessories","توابل تاتش","Touch Spice Jars"
"accessories","توابلاستلس","Stainless Steel Spice Jars"
"accessories","توك طوق صغيرة","Small Headband"
"accessories","توك كرت نجمه ش 3*1","Star Hair Clips Card (3 Pieces)"
"accessories","تيجاني حنه بيضاء 250 مل","Tijani White Henna 250ml"
"accessories","جاروف وينز","Wins Dustpan"
"accessories","جاكار اورجنال","Jacquard Scarf (Original)"
"accessories","جاكار فلورا","Flora Jacquard Scarf"
"accessories","جانكل *1370*13","Jungle *1370* 13"
"accessories","جفت استانلس","Stainless Steel Tweezers"
"accessories","جل الصبار - فلافي 250جم","Fluffy Aloe Vera Gel 250g"
"accessories","جل الصبار-بيوسوفت 500مل","Bio Soft Aloe Vera Gel 500ml"
"accessories","جل ملطف شان 60مل","Shaan Soothing Gel 60ml"
"accessories","جل هيركود 185مل","Hair Code Gel 185ml"
"accessories","جلد بناتي بندورة","Girls' Pandora Leather Bracelet"
"accessories","جلوس لوك اير شجلام اوريجنال","Sheglam Look Air Gloss (Original)"
"accessories","جو بودر","Jo Powder"
"accessories","جوانتي حراري لوكس","Luxe Heat-Resistant Oven Glove"
"accessories","جوانتي سوب اند جلوري","Soap & Glory Glove"
"accessories","جوانتي مطبخ","Kitchen Gloves"
"accessories","جواندي س","Gloves S"
"accessories","جونتي ليفه اليس شاور","Alice Shower Loofah Glove"
"accessories","جونسون زيت 200مل","Johnson's Oil 200ml"
"accessories","جونسون زيت 75مل","Johnson's Oil 75ml"
"accessories","جونسون كريم 100جرام","Johnson's Cream 100g"
"accessories","جونسون كريم 170جرام","Johnson's Cream 170g"
"accessories","جيب قميص","Pocket Shirt"
"accessories","جيررجر 3410","Jirjer 3410"
"accessories","جيل صبار ايفونا 150مل","Evona Aloe Vera Gel 150ml"
"accessories","جيل صبار ايفونا 250مل","Evona Aloe Vera Gel 250ml"
"accessories","حافظ طعام ا","Food Container"
"accessories","حافظ طعام اسود ابيض","Black & White Food Container"
"accessories","حافظ طعام بطوط","Donald Duck Food Container"
"accessories","حافظه طعام 4*1","Food Containers (4 Pieces)"
"accessories","حامل اكواب","Cup Holder"
"accessories","حامل سكاكين باص","Bass Knife Holder"
"accessories","حامل معالق بالقاعده لمسه","Lamsa Spoon Holder with Base"
"accessories","حامل معدن","Metal Holder"
"accessories","حامل موبيل","Phone Holder"
"accessories","حبر تاتو اسود","Black Tattoo Ink"
"accessories","حبر تاتو اسود 10ملي","Black Tattoo Ink 10ml"
"accessories","حبر تاتو الوان","Colorful Tattoo Ink"
"accessories","حبل غسيل سلك","Wire Clothesline"
"accessories","حبل كتان","Linen Rope"
"accessories","حجر بولندي موف","Purple Polish Pumice Stone"
"accessories","حجر خفاف - Dannyco","Dannyco Pumice Stone"
"accessories","حجر قدم 4*1","Foot Stones (4 Pieces)"
"accessories","حجر قدم خفاف لوكس","Luxe Pumice Foot Stone"
"accessories","حجر قدم خفاف Mleisza","Mleisza Pumice Foot Stone"
"accessories","حرير مزيل للشعر طبيعي","Natural Silk Hair Remover"
"accessories","حريم ع م","Women's A.M"
"accessories","حريمي الملكه","Women's Queen"
"accessories","حريمي بيور","Women's Pure"
"accessories","حريمي رشاش","Women's Rashash"
"accessories","حريمي سيور 2026","Women's Strappy 2026"
"accessories","حريمي سيور كروه","Women's Checkered Strappy"
"accessories","حريمي فريش","Women's Fresh"
"accessories","حريمي قمرايه","Women's Qamaraya"
"accessories","حريمي ليزر","Women's Laser"
"accessories","حريمي موسه","Women's Mousse"
"accessories","حظاظة بحر","Sea Wristband"
"accessories","حقنه تواليت 120","Toilet Syringe 120"
"accessories","حمالة برا 233+234+235+236","Bra Straps 233+234+235+236"
"accessories","حمالة برا حلية معدن","Bra Straps with Metal Ornament"
"accessories","حمالة برا شفافهر","Clear Bra Straps"
"accessories","حمالة برا علبة فاكيوم","Bra Straps (Vacuum Box)"
"accessories","حمالة برا فصوص الوان","Colorful Stone Bra Straps"
"accessories","حمالة برا كشمير  - Yalla","Yalla Cashmere Bra Straps"
"accessories","حماله برا تايجر + ورد","Tiger + Flower Bra Straps"
"accessories","حماله سواريه","Soirée Straps"
"accessories","حماله معالق سيلا","Sila Spoon Holder"
"accessories","حنة يد جوليتشا","Julicha Hand Henna"
"accessories","حنه MX","MX Henna"
"accessories","خاتن=م تونز بندوره","Twins Pandora Ring"
"accessories","خلاط كهرباءي جامبو كاتم صوت","Jumbo Silent Electric Blender"
"accessories","خمار ماليزى","Malaysian Khimar"
"accessories","خمرة-مجموعة مسك الطهارة 3*1","Khamrah Musk Al Tahara Set (3 Pieces)"
"accessories","خميره بيره بريانكا","Priyanka Brewer's Yeast"
"accessories","خوخ 33- ay ترتر","Peach 33-AY Sequins"
"accessories","دابدوب .","Teddy Bear"
"accessories","داكس شيا 100جم","Dax Shea 100g"
"accessories","دبدواب","Teddy Bear"
"accessories","دبدواب0","Teddy Bear"
"accessories","دبل فيس 5متر","Double-Sided Tape 5m"
"accessories","دبله جولد بليتد","Gold-Plated Band Ring"
"accessories","دبوس ع الكرت 3*1","Pins on Card (3 Pieces)"
"accessories","دبوس علبه sb","SB Pins Box"
"accessories","دبوس كارت 12ق","Pins Card (12 Pieces)"
"accessories","دبوس6عالكارت ش","Pins on Card (6 Pieces)"
"accessories","دراكون  رول اون 250 جم","Drakon Roll-On 250g"
"accessories","درج معالق لمسه","Lamsa Cutlery Drawer Organizer"
"accessories","درس تربروف *1120*","Tarproof Dress *1120*"
"accessories","دلكه سوداني صغير","Sudanese Dilka (Small)"
"accessories","دوار الشمس","Sunflower"
"accessories","دودج ليف ان كريم 250مل","Dodge Leave-In Cream 250ml"
"accessories","دودج ليف ان كريم 450مل","Dodge Leave-In Cream 450ml"
"accessories","دولاب ايليت كبير 3د الوطنيه","Al Wataniya Elite Cabinet (Large, 3 Tiers)"
"accessories","دولاب ايليت كبير 4د الوطنيه","Al Wataniya Elite Cabinet (Large, 4 Tiers)"
"accessories","دولاب ايليت ميني  3د الوطنيه","Al Wataniya Elite Cabinet (Mini, 3 Tiers)"
"accessories","ديرما رول مساج","Derma Roller Massager"
"accessories","ديرما رولر مقاسات","Derma Roller (Assorted Sizes)"
"accessories","ربو 3د مدور معدن اسود لوكس","Luxe Black Metal Round Rack (3 Tiers)"
"accessories","ربو 4د مدور معدن اسود لوكس","Luxe Black Metal Round Rack (4 Tiers)"
"accessories","ربو 5د مدور معدن اسود لوكس","Luxe Black Metal Round Rack (5 Tiers)"
"accessories","رةج  سائل روز بيري rb0966d1","Rose Berry Liquid Lipstick RB0966D1"
"accessories","رزه 8-sw سواريه","Raza Soirée 8-SW"
"accessories","ركنه حمام لمسه لمسه","Lamsa Bathroom Corner Shelf"
"accessories","ركنه حمام لوكس","Luxe Bathroom Corner Shelf"
"accessories","رول اون 50 ملي Rexona","Rexona Roll-On 50ml"
"accessories","رومش 5D","5D Lashes"
"accessories","زبدة حليب الامارات","Emirates Milk Butter"
"accessories","زبدة حليب الامارات 500جرام","Emirates Milk Butter 500g"
"accessories","زجاجة ماء","Water Bottle"
"accessories","زجاجه رابر الوان","Colorful Rubber Bottle"
"accessories","زجاجه غطاء سلفر الوان","Colorful Bottle with Silver Lid"
"accessories","زمزمبه ستيتش ك 1-70","Stitch Water Flask K1-70"
"accessories","زمزميه اطفال","Kids Water Flask"
"accessories","زمزميه ستيش ك 43","Stitch Water Flask K43"
"accessories","زمزميه لوكس ك 236","Luxe Water Flask K236"
"accessories","زمزميه لوكس ك48","Luxe Water Flask K48"
"accessories","زياته","Oil Dispenser"
"accessories","زيت زعفران دكتور فيلر","Dr. Filler Saffron Oil"
"accessories","زيت فاستر 100مل","Faster Oil 100ml"
"accessories","زيت مساج  - الاسكا","Alaska Massage Oil"
"accessories","زيت مساج 10مل قابل للتذوق  د/فيلر","Dr. Filler Edible Massage Oil 10ml"
"accessories","زيت نونو 100مل","Nono Oil 100ml"
"accessories","سانوسان كريم زنك 150مل","Sanosan Zinc Cream 150ml"
"accessories","سبت غسيل فيلو بالغطاء الوطنيه","Al Wataniya Velo Laundry Basket with Lid"
"accessories","سبت غسيل نت 1الوطنيه","Al Wataniya Net Laundry Basket (Size 1)"
"accessories","سبت غسيل نت 2الوطنيه","Al Wataniya Net Laundry Basket (Size 2)"
"accessories","سبت غسيل نت بالغطاء الوطنيه 50لتر","Al Wataniya Net Laundry Basket with Lid 50L"
"accessories","سبت غسيل نوفا بالغطاء الوطنيه","Al Wataniya Nova Laundry Basket with Lid"
"accessories","سبت غسيل يلايا كبير الوطنيه","Al Wataniya Playa Laundry Basket (Large)"
"accessories","سبت فاكه معدن 1 د اسود","Black Metal Fruit Basket (1 Tier)"
"accessories","سبت فاكه معدن 2 د اسود","Black Metal Fruit Basket (2 Tiers)"
"accessories","ستارفيل رول اون","Starville Roll-On"
"accessories","ستاركي كريم صن","Starky Sun Cream"
"accessories","ستاند توابل روما الوطنيه","Al Wataniya Roma Spice Stand"
"accessories","ستاند مطبخ 3 د الوطنيه","Al Wataniya Kitchen Stand (3 Tiers)"
"accessories","ستاند مطبخ 4 د الوطنيه","Al Wataniya Kitchen Stand (4 Tiers)"
"accessories","ستانلس","Stainless Steel"
"accessories","ستمبا تاتو","Tattoo Stamp"
"accessories","ستمبا تاتو 10*1","Tattoo Stamps (10 Pieces)"
"accessories","ستمبا تاتو Patty","Patty Tattoo Stamp"
"accessories","ستيكر الربيع ثلاثي البعاد 1551","3D Spring Sticker 1551"
"accessories","ستيكر ثلاثي البعاد1550","3D Sticker 1550"
"accessories","سدادة كيس","Bag Sealing Clip"
"accessories","سفنجة بودره مائية","Water Powder Puff"
"accessories","سفنجة تنظيف","Cleaning Sponge"
"accessories","سفنجة ماسك - Yalla","Yalla Mask Sponge"
"accessories","سكاكين باص استالس","Bass Stainless Steel Knives"
"accessories","سكراب - كاندي 100مل","Candy Scrub 100ml"
"accessories","سكرب 283 جرام - ST.IVES","St. Ives Scrub 283g"
"accessories","سكرب سكر للجسم","Sugar Body Scrub"
"accessories","سلاكه اسنان كيس","Dental Floss Picks (Bag)"
"accessories","سلسه لولو","Lulu Necklace"
"accessories","سلسه نجمه","Star Necklace"
"accessories","سلسه ورده","Flower Necklace"
"accessories","سلم 5د نيو ستار هايل","Hayel New Star 5-Step Ladder"
"accessories","سلم 6د سمارت هايل","Hayel Smart 6-Step Ladder"
"accessories","سواريه جميله","Gamila Soirée"
"accessories","سواريه روما","Roma Soirée"
"accessories","سواريه سعودي","Saudi Soirée"
"accessories","سواريه سوسته","Zipper Soirée"
"accessories","سواريه عظيمه","Azima Soirée"
"accessories","سواريه sw-2 حلاوه","Halawa Soirée SW-2"
"accessories","سواريه sw4-3","Soirée SW4-3"
"accessories","سوبر بامب لمسه","Lamsa Super Pump"
"accessories","سويت الدلكه سوداني كبير","Sweet Sudanese Dilka (Large)"
"accessories","سويس شعر مقاسات","Swiss Hair Piece (Assorted Sizes)"
"accessories","شاكوش بفتيك","Meat Tenderizer Hammer"
"accessories","شاليمو ازاز علي كرت","Glass Straws on Card"
"accessories","شاليمو ازاز لوكس 7*1","Luxe Glass Straws (7 Pieces)"
"accessories","شان - كريم لليدين 60جم","Shaan Hand Cream 60g"
"accessories","شان بدي ميلك 300مل بالحليب","Shaan Body Milk with Milk 300ml"
"accessories","شان بدي ميلك 300مل بالحليب والورد","Shaan Body Milk with Milk & Rose 300ml"
"accessories","شانون اورجانيزر 4","Shannon Organizer 4"
"accessories","شاور كريم - ايفا 250مل","Eva Shower Cream 250ml"
"accessories","شبايي مطبوع 2560","Printed Shabayi 2560"
"accessories","شراب بناتي","Girls' Socks"
"accessories","شراب سيلكون","Silicone Socks"
"accessories","شفرات 3*1","Razors (3 Pieces)"
"accessories","شفرات 4 علي كرت","Razors on Card (4 Pieces)"
"accessories","شفرات سيمبلي ماكس 12ق","Simply Max Razors (12 Pieces)"
"accessories","شفرات سيمبلي ماكس 4ق","Simply Max Razors (4 Pieces)"
"accessories","شفرات فردي","Single Razor"
"accessories","شفرات2 غيار","Replacement Blades (2 Pieces)"
"accessories","شفرة انف 3*1","Nose Trimmers (3 Pieces)"
"accessories","شفرة جسم","Body Razor"
"accessories","شفره فلامينجو","Flamingo Razor"
"accessories","شليموه 3*1","Straws (3 Pieces)"
"accessories","شليموه 5*1","Straws (5 Pieces)"
"accessories","شليموه استليس","Stainless Steel Straw"
"accessories","شليموه اكلراك","Acrylic Straw"
"accessories","شليموه اكلراك 0","Acrylic Straw"
"accessories","شمع رول الوان - Coco","Coco Colorful Roll-On Wax"
"accessories","شياله +عجل بيتزا استالس يد خشب","Stainless Steel Pizza Server + Cutter with Wooden Handle"
"accessories","شياله اكريليك اسود يدخشب","Black Acrylic Server with Wooden Handle"
"accessories","شياله خزف","Ceramic Server"
"accessories","شياله خشب سليكون","Wooden Silicone Server"
"accessories","شيت ماسك روزبيري","Rose Berry Sheet Mask"
"accessories","شيت ماسك سالسيلك اسيد","Salicylic Acid Sheet Mask"
"accessories","شيت ماسك FARMSTAY","Farmstay Sheet Mask"
"accessories","صبانه","Soap Dish"
"accessories","صبغة باليت الوان","Palette Hair Dye (Colors)"
"accessories","صبغة قرمز","Carmine Dye"
"accessories","صفا سويت","Safa Sweet"
"accessories","صفاية اطباق","Dish Drainer"
"accessories","صفايه معالق","Spoon Drainer"
"accessories","صفايه معالق .","Spoon Drainer"
"accessories","صفايه معالق معدن","Metal Spoon Drainer"
"accessories","صفايه معدان","Metal Drainer"
"accessories","صلصال ص","Play Dough (Small)"
"accessories","صلصال ك","Play Dough (Large)"
"accessories","صنفرة قدم مستطيله","Rectangular Foot File"
"accessories","صنفره خشب قدم مستورد","Imported Wooden Foot File"
"accessories","صنفره قدم","Foot File"
"accessories","صواني مانمين","Melamine Trays"
"accessories","صواني مانمين شي ان","Shein Melamine Trays"
"accessories","طبق ارت لمسه","Lamsa Art Plate"
"accessories","طبق تسالي .","Snack Plate"
"accessories","طبق تسالي ...","Snack Plate"
"accessories","طبق تسالي عسلي","Amber Snack Plate"
"accessories","طبق صيغة 3*1","Plate Set (3 Pieces)"
"accessories","طبق فاكهة جولد 2دور","Gold 2-Tier Fruit Plate"
"accessories","طبق مع مصفي مربعه لافا ماكس","Lava Max Square Plate with Strainer"
"accessories","طبق نانا 1 الوطنيه","Al Wataniya Nana Plate (Size 1)"
"accessories","طبق نانا 2 الوطنيه","Al Wataniya Nana Plate (Size 2)"
"accessories","طبق نانا 3 الوطنيه","Al Wataniya Nana Plate (Size 3)"
"accessories","طربيظ اطفال","Kids Table"
"accessories","طقم استانلس 2*1","Stainless Steel Set 2-in-1"
"accessories","طقم اطفال استانلس","Kids Stainless Steel Set"
"accessories","طقم بادي كير 4*1","Body Care Set (4 Pieces)"
"accessories","طقم بخاخة","Spray Bottle Set"
"accessories","طقم بديكير 3قطع","Pedicure Set (3 Pieces)"
"accessories","طقم برسلين ستيتش 3*1","Stitch Porcelain Set (3 Pieces)"
"accessories","طقم توابل بيركس + ستاند","Pyrex Spice Set + Stand"
"accessories","طقم توابل بيركس قعدة خشب","Pyrex Spice Set with Wooden Base"
"accessories","طقم توابل خزف ..","Ceramic Spice Set"
"accessories","طقم توابل خزف 3*1","Ceramic Spice Set (3 Pieces)"
"accessories","طقم توابل خزف 3*1 قصير","Short Ceramic Spice Set (3 Pieces)"
"accessories","طقم توابل خزف 7*1","Ceramic Spice Set (7 Pieces)"
"accessories","طقم توابل خزف 7*1.","Ceramic Spice Set (7 Pieces)"
"accessories","طقم توابل خزف مدور 3*1","Round Ceramic Spice Set (3 Pieces)"
"accessories","طقم توزيع استانلس","Stainless Steel Serving Set"
"accessories","طقم توزيع سيلكون *خشب دوار","Silicone & Wood Serving Set with Rotating Stand"
"accessories","طقم ثلاجه اكليرك","Acrylic Fridge Container Set"
"accessories","طقم ثلاجه تيك توك مدور  فيلوباتبر","Philopateer Tik Tok Round Fridge Set"
"accessories","طقم ثلاجه تيك توك مدور فيلوباتير","Philopateer Tik Tok Round Fridge Set"
"accessories","طقم ثلاجه تيك توك مربع  فيلوباتبر","Philopateer Tik Tok Square Fridge Set"
"accessories","طقم روبيك الوطنيه","Al Wataniya Rubik Set"
"accessories","طقم سكاكين .","Knife Set"
"accessories","طقم سكاكين ..","Knife Set"
"accessories","طقم سلايد الوطنيه","Al Wataniya Slide Set"
"accessories","طقم سيشل *1835*","Seychelles Set *1835*"
"accessories","طقم شوكه  سيلفر لوكس ص","Luxe Silver Fork Set (Small)"
"accessories","طقم شوكه سيلفر لوكس ك","Luxe Silver Fork Set (Large)"
"accessories","طقم عجان استلس 3*1","Stainless Steel Mixing Bowl Set (3 Pieces)"
"accessories","طقم عناية 5*1","Care Set (5 Pieces)"
"accessories","طقم عناية با البشرة amina","Amina Skin Care Set"
"accessories","طقم عناية بالأظافر","Nail Care Set"
"accessories","طقم غوايش 6 كارتير","Cartier Bangle Set (6 Pieces)"
"accessories","طقم فرش 12*1 بيد برونز","Makeup Brush Set (12 Pieces) with Bronze Handle"
"accessories","طقم فرش 8*1","Makeup Brush Set (8 Pieces)"
"accessories","طقم فرش 8*1 + سفنجه","Makeup Brush Set (8 Pieces) + Sponge"
"accessories","طقم فرش بيد 12*1 الوان","Colorful Makeup Brush Set (12 Pieces)"
"accessories","طقم فرش دمج","Blending Brush Set"
"accessories","طقم فرشة + فوطه ميكروفايبر - Amina","Amina Brush + Microfiber Towel Set"
"accessories","طقم فرشه 5*1","Brush Set (5 Pieces)"
"accessories","طقم فرشه 5*1 كارت","Brush Set on Card (5 Pieces)"
"accessories","طقم فرشه 8*1","Brush Set (8 Pieces)"
"accessories","طقم فرشه نبيتي خشب 8*1","Burgundy Wooden Brush Set (8 Pieces)"
"accessories","طقم فنجال قهوه ا","Coffee Cup Set (A)"
"accessories","طقم فنجال قهوه ي","Coffee Cup Set (Y)"
"accessories","طقم فيجن ساد*1925*","Vision Plain Set *1925*"
"accessories","طقم فيجن مشجر *1935*","Vision Floral Set *1935*"
"accessories","طقم قهوة خزف فاخر","Premium Ceramic Coffee Set"
"accessories","طقم كلينج باد + بلندر amina","Amina Cleansing Pad + Blender Set"
"accessories","طقم لوكس زركون 2019","Luxe Zircon Set 2019"
"accessories","طقم ماستر لاين مربع  الوطنيه","Al Wataniya Master Line Square Set"
"accessories","طقم ماستر لاين مستطيل الوطنيه","Al Wataniya Master Line Rectangular Set"
"accessories","طقم مصفي استلس 3*1بيد استلس","Stainless Steel Strainer Set (3 Pieces) with Stainless Handle"
"accessories","طقم مصفي استلس 3*1بيدسيلكون","Stainless Steel Strainer Set (3 Pieces) with Silicone Handle"
"accessories","طقم مصفي روما مدوره الوطنيه 3*1","Al Wataniya Roma Round Strainer Set (3 Pieces)"
"accessories","طقم مصفي روما مربعه  الوطنيه 3*1","Al Wataniya Roma Square Strainer Set (3 Pieces)"
"accessories","طقم مصفي صني الوطنيه","Al Wataniya Sunny Strainer Set"
"accessories","طقم معلقه سيلفر لوكس ص","Luxe Silver Spoon Set (Small)"
"accessories","طقم معلقه سيلفر لوكس ك","Luxe Silver Spoon Set (Large)"
"accessories","طقم نظارة Tk66","Glasses Set TK66"
"accessories","طقم هابي برنيس","Happy Princess Set"
"accessories","طوق استانلس","Stainless Steel Headband"
"accessories","طوق استانلس.","Stainless Steel Headband"
"accessories","طوق SH 519","Headband SH 519"
"accessories","طوق Sh523","Headband SH523"
"accessories","طوق Sh835","Headband SH835"
"accessories","عارة لموان اسود لوكس","Luxe Black Lemon Squeezer"
"accessories","عاشق العود 100مل","Ashiq Al Oud 100ml"
"accessories","عبوة سفر نونو 5*1 100مل","Nono Travel Bottles (5 Pieces) 100ml"
"accessories","عبوه ميكب1","Makeup Bottle 1"
"accessories","عبوه ميكب2","Makeup Bottle 2"
"accessories","عجينة كوكو 100جرام","Coco Sugaring Paste 100g"
"accessories","عدسات جولد Attiitedus Desio","Desio Attitude Gold Contact Lenses"
"accessories","عدسات سيلفر Attitude Desio","Desio Attitude Silver Contact Lenses"
"accessories","عدسات شيجلام","Sheglam Contact Lenses"
"accessories","عدسات شيجلام","Sheglam Contact Lenses"
"accessories","عرض تفتيح للعروسه-كيلوباترا 2*1","Cleopatra Bridal Brightening Offer 2-in-1"
"accessories","عرض صن بلوك Kolagra","Kolagra Sunblock Offer"
"accessories","عرض كريم ميلانو كول 200مل +75مل","Milano Cool Cream Offer 200ml + 75ml"
"accessories","عرض كولاجرا 200مل","Kolagra Offer 200ml"
"accessories","عصارة برتقال لوكس","Luxe Orange Juicer"
"accessories","عصاره برتقال كهربا","Electric Orange Juicer"
"accessories","عصاره ليمون عاده","Classic Lemon Squeezer"
"accessories","عقد 105","Necklace 105"
"accessories","عقد 123","Necklace 123"
"accessories","عقد 28","Necklace 28"
"accessories","عقد اطفال خرز لوكس","Luxe Kids Beaded Necklace"
"accessories","عقد نجمه","Star Necklace"
"accessories","عقد نجمه وصادفا","Star & Seashell Necklace"
"accessories","عقد178","Necklace 178"
"accessories","علاقه .","Hanger"
"accessories","علاقه ..","Hanger"
"accessories","علاقه بنطلون","Trousers Hanger"
"accessories","علاقه شكل","Shaped Hanger"
"accessories","علاقه fsdl","Hanger FSDL"
"accessories","علبة توك 18ق","Hair Clips Box (18 Pieces)"
"accessories","علبة توك باربي","Barbie Hair Clips Box"
"accessories","علبة توك لميع","Shiny Hair Clips Box"
"accessories","علبة توك مشكل لوكس","Luxe Assorted Hair Clips Box"
"accessories","علبة حافظ طعام لوكس","Luxe Food Container"
"accessories","علبة دبوس رفيع","Thin Pins Box"
"accessories","علبة دبوس شفافه","Clear Pins Box"
"accessories","علبة دبوس صغيرة","Small Pins Box"
"accessories","علبة دبوس كبيره","Large Pins Box"
"accessories","علبة دبوس كبيره الوان","Large Colorful Pins Box"
"accessories","علبة دبوس لوكس","Luxe Pins Box"
"accessories","علبة شفرات 3قطع","Razors Box (3 Pieces)"
"accessories","علبه كاتشب 2*1","Ketchup Bottles (2 Pieces)"
"accessories","علبه مسحوق صغيره الوطنيه","Al Wataniya Detergent Box (Small)"
"accessories","علبه مسحوق كبيره الوطنيه","Al Wataniya Detergent Box (Large)"
"accessories","علبه مناديل فيونكه مستورده","Imported Bow Tissue Box"
"accessories","عود بوكية 100مل","Oud Bouquet 100ml"
"accessories","عود ملكي اصلي","Royal Oud (Original)"
"accessories","عياشه","Ayasha"
"accessories","غسيل وفوم - ديزار/دون","Disaar / Don Cleanser & Foam"
"accessories","غطاء شعر صيفي","Summer Hair Cover"
"accessories","غطاء طعام المونيوم","Aluminum Food Cover"
"accessories","غوايش","Bangles"
"accessories","غوايش حجر","Stone Bangles"
"accessories","غويشة أستانلس عود","Stainless Steel Oud Bangle"
"accessories","غويشة أستانلس كميت","Stainless Steel Kemik Bangle"
"accessories","غويشة أستنالس 7 مل","Stainless Steel Bangle 7mm"
"accessories","غويشة أستنالس دقاق","Hammered Stainless Steel Bangle"
"accessories","غويشه 12ملي","Bangle 12mm"
"accessories","غويشه اطفال الوان","Colorful Kids Bangle"
"accessories","غويشه عود + كيميك","Oud + Kemik Bangle"
"accessories","غويشه كارتير","Cartier Bangle"
"accessories","غويشه كيمك 12ملي","Kemik Bangle 12mm"
"accessories","فاتيكا زيت الوفيرا 90مل","Vatika Aloe Vera Oil 90ml"
"accessories","فاتيكا زيت زيتون 45 مل","Vatika Olive Oil 45ml"
"accessories","فاتيكا زيت زيتون 90مل","Vatika Olive Oil 90ml"
"accessories","فاتيكا زيت زيتون180 مل","Vatika Olive Oil 180ml"
"accessories","فازلين زيت جسم 200مل","Vaseline Body Oil 200ml"
"accessories","فازلين شفاف ايفونا كارت","Evona Clear Petroleum Jelly (Card)"
"accessories","فازلين موحد اللون","Tone-Evening Vaseline"
"accessories","فاشكول كريم 500 مل","Fashcool Cream 500ml"
"accessories","فانيليا 2410","Vanilla 2410"
"accessories","فراشه اطفال","Kids Butterfly"
"accessories","فراشه كبير *1540*","Butterfly (Large) *1540*"
"accessories","فرش استشوار لوكس","Luxe Blow-Dry Brush"
"accessories","فرش مكياج شمعة بونجور","Bonjour Candle Makeup Brushes"
"accessories","فرشاه","Brush"
"accessories","فرشة  بمراية","Brush with Mirror"
"accessories","فرشة - Beatrizy","Beatrizy Brush"
"accessories","فرشة استحمام بخزان","Bath Brush with Reservoir"
"accessories","فرشة استشوار شعر حراري","Thermal Blow-Dry Hair Brush"
"accessories","فرشة اطفال","Kids Brush"
"accessories","فرشة اطفال لوكس","Luxe Kids Brush"
"accessories","فرشة اطفال نجوم","Kids Stars Brush"
"accessories","فرشة الملكة","Queen Brush"
"accessories","فرشة تسريح خشب مربعه","Square Wooden Hair Brush"
"accessories","فرشة خد طويلة ماك","MAC Long Blush Brush"
"accessories","فرشة خد لوكس","Luxe Blush Brush"
"accessories","فرشة خد لوكس - Amina","Amina Luxe Blush Brush"
"accessories","فرشة دمج","Blending Brush"
"accessories","فرشة صبغة الوان","Colorful Hair Dye Brush"
"accessories","فرشة صبغة فردي","Single Hair Dye Brush"
"accessories","فرشة لوكس 27","Luxe Brush 27"
"accessories","فرشة ماسك","Mask Brush"
"accessories","فرشة ميكب","Makeup Brush"
"accessories","فرشه بوتجاز 3*1 كبيرة","Large Stove Cleaning Brushes (3 Pieces)"
"accessories","فرشه سليكن","Silicone Brush"
"accessories","فرشه سمك 3*1","Fish Brushes (3 Pieces)"
"accessories","فرشه شيش","Window Shutter Brush"
"accessories","فرشه كابوكي 10قطع","Kabuki Brush Set (10 Pieces)"
"accessories","فرو وب *1130*","Fur Web *1130*"
"accessories","فروكير *1165*","Frokir *1165*"
"accessories","فريش بوكس 1 الوطنيه","Al Wataniya Fresh Box (Size 1)"
"accessories","فريش بوكس 2 الوطنيه","Al Wataniya Fresh Box (Size 2)"
"accessories","فريش بوكس 3 الوطنيه","Al Wataniya Fresh Box (Size 3)"
"accessories","فريش بوكس 4 الوطنيه","Al Wataniya Fresh Box (Size 4)"
"accessories","فريش بوكس 5 الوطنيه","Al Wataniya Fresh Box (Size 5)"
"accessories","فزلين شفاه 17جم","Lip Vaseline 17g"
"accessories","فلوريا 2560","Floria 2560"
"accessories","فلير شفايف  كاريت 70749-47","Karite Lip Filler 70749-47"
"accessories","فواحه قله 60","Jug-Shaped Aroma Diffuser 60"
"accessories","فوح كوري","Korean Scent"
"accessories","فوشه جاروف لوان اصفر","Yellow Dustpan & Brush"
"accessories","فوطف مطبخ الوان .","Colorful Kitchen Towels"
"accessories","فوطه 2 وجه شعبي","Classic Two-Sided Towel"
"accessories","فوطه 2 وجه لوكس","Luxe Two-Sided Towel"
"accessories","فوطه 2وجه كبير لوكس","Luxe Two-Sided Towel (Large)"
"accessories","فوطه 2وجه مستورده صغيره","Imported Two-Sided Towel (Small)"
"accessories","فوطه 5*1مقلمه","Striped Towels (5 Pieces)"
"accessories","فوطه تجفيف فايبر","Fiber Drying Towel"
"accessories","فوطه تنشيه صغيره","Small Drying Towel"
"accessories","فوطه ماركات","Designer-Style Towel"
"accessories","فوطه مايكرو فايبر","Microfiber Towel"
"accessories","فوفا سويت وايت 100جرام","Fofa Sweet White 100g"
"accessories","فيانسيه زيت 90مل","Fiancée Oil 90ml"
"accessories","فيانسيه زيت الخلطات 150مل 7*1","Fiancée 7-in-1 Herbal Blend Oil 150ml"
"accessories","فيانسيه زيت مغذي بالصل  85 مل","Fiancée Nourishing Onion Oil 85ml"
"accessories","فيبكس رول اون 50مل","Vipex Roll-On 50ml"
"accessories","فيشر خلة اسنان بلاستيك","Plastic Toothpick Dispenser"
"accessories","فينيسيا 1575","Venezia 1575"
"accessories","فيونا","Viona"
"accessories","فيونا مناديل شمع 100ق","Viona Wax Strips (100 Pieces)"
"accessories","قاعدة غسالة","Washing Machine Stand"
"accessories","قالب ...كيك سيليكون","Silicone Cake Mold"
"accessories","قالب شوكليت سيليكون","Silicone Chocolate Mold"
"accessories","قالب كيك سيليكون .1.","Silicone Cake Mold 1"
"accessories","قالب كيك سيليكون .1..","Silicone Cake Mold 1"
"accessories","قالب كيك سيليكون 1","Silicone Cake Mold 1"
"accessories","قالب كيك سيليكون 1.","Silicone Cake Mold 1"
"accessories","قزازه اسبورت ملون .","Colorful Sports Bottle"
"accessories","قزازه بخاخه","Spray Bottle"
"accessories","قصافة اطفالي","Kids Nail Clipper"
"accessories","قصافة و مابرد + قصافة علي كارت","Nail Clipper & File + Clipper on Card"
"accessories","قصافه - Yalla","Yalla Nail Clipper"
"accessories","قصافه دبل لوكس","Luxe Double Nail Clipper"
"accessories","قصافه زنجر صلب كبيره","Large Zinger Steel Nail Clipper"
"accessories","قصة 100مل","Qissa 100ml"
"accessories","قطعه كبسول شيت ماسك","Capsule Sheet Mask (1 Piece)"
"accessories","قطن خشب 200عود","Wooden Cotton Buds (200 Pieces)"
"accessories","قطن فيلفيت 100ق دائري","Velvet Round Cotton Pads (100 Pieces)"
"accessories","قطن فيلفيت مدور 70ق","Velvet Round Cotton Pads (70 Pieces)"
"accessories","قطن مكياج 80قطعه","Makeup Cotton Pads (80 Pieces)"
"accessories","قطن ميكب -Lpek","Lpek Makeup Cotton Pads"
"accessories","قطن ميكب 100ق Viona","Viona Makeup Cotton Pads (100 Pieces)"
"accessories","قفل تلاجه","Fridge Lock"
"accessories","قلم اماندا Bold kajal","Amanda Bold Kajal Pencil"
"accessories","قلم سحري LIP BALM","Magic Lip Balm Pen"
"accessories","قناع هاي لايف","High Life Mask"
"accessories","قورمه استلس","Stainless Steel Cutting Board"
"accessories","قورمه جرانيت ص 37*23","Granite Cutting Board (Small) 37×23"
"accessories","قورمه جرانيت38 ك*30","Granite Cutting Board (Large) 38×30"
"accessories","قورمه خشب ص","Wooden Cutting Board (Small)"
"accessories","قورمه خشب ك","Wooden Cutting Board (Large)"
"accessories","قورمه خشب و","Wooden Cutting Board (Medium)"
"accessories","كاب","Cap"
"accessories","كاب 1-","Cap 1"
"accessories","كاب اطفالي","Kids Cap"
"accessories","كاب اطفالي..","Kids Cap"
"accessories","كاب جنز استراس","Rhinestone Denim Cap"
"accessories","كاب alo","Alo Cap"
"accessories","كابه يدوي استلس 2لتر","Manual Stainless Steel Food Chopper 2L"
"accessories","كابيكسي هير مسك 250 مل","Capixy Hair Mask 250ml"
"accessories","كارت 2*1 فيونكه قماش","Fabric Bow Card (2 Pieces)"
"accessories","كارت اكسسوار + نظارة 5*1","Accessories + Glasses Card (5 Pieces)"
"accessories","كارت اكسسوار 4*1","Accessories Card (4 Pieces)"
"accessories","كارت اكسسوار اطفال قطعتين","Kids Accessories Card (2 Pieces)"
"accessories","كارت اكسسوارات اطفال 3*1","Kids Accessories Card (3 Pieces)"
"accessories","كارت برايه 2*1","Sharpeners Card (2 Pieces)"
"accessories","كارت بنس 3قطع","Hair Pins Card (3 Pieces)"
"accessories","كارت بنس شعر","Hair Pins Card"
"accessories","كارت تلاجه مغنطيس","Fridge Magnet Card"
"accessories","كارت شفرات 3ق","Razors Card (3 Pieces)"
"accessories","كارت شفرات 3قطع","Razors Card (3 Pieces)"
"accessories","كارت فراشه 3*1 شفاف","Clear Butterfly Card (3 Pieces)"
"accessories","كارت كلبس 2*1","Clips Card (2 Pieces)"
"accessories","كارت كلبس 6*1","Clips Card (6 Pieces)"
"accessories","كارت موس حواجب Tinkal 3*1","Tinkal Brow Razors Card (3 Pieces)"
"accessories","كالفه18*1990*","Calfa 18 *1990*"
"accessories","كانلي ماكينة حلاقة حريمي","Kanli Women's Shaver"
"accessories","كبسولة فيتامين للبشره","Skin Vitamin Capsule"
"accessories","كبه يدوي 2لتر","Manual Food Chopper 2L"
"accessories","كتل اكلرك لوكس","Luxe Acrylic Kettle"
"accessories","كتل اكلرك لوكس .","Luxe Acrylic Kettle"
"accessories","كتل ستلس","Stainless Steel Kettle"
"accessories","كرت توك فيونكه  لوكس","Luxe Bow Hair Clips Card"
"accessories","كرتيره مسمار","Cartier Nail Bracelet"
"accessories","كرسي الجامعه الوطنيه","Al Wataniya University Chair"
"accessories","كرسي برايم الاندلس","Al Andalus Prime Chair"
"accessories","كرسي معدن هايل","Hayel Metal Chair"
"accessories","كروس 0062","Crossbody Bag 0062"
"accessories","كروس الاموره","Al Amoura Crossbody Bag"
"accessories","كروس تمبمي","Tambami Crossbody Bag"
"accessories","كروس حدوته","Hadouta Crossbody Bag"
"accessories","كروس دلع","Dala' Crossbody Bag"
"accessories","كروس زرعه","Zar'a Crossbody Bag"
"accessories","كروس كرشه","Karsha Crossbody Bag"
"accessories","كروس ماكس","Max Crossbody Bag"
"accessories","كروس wh-0105","Crossbody Bag WH-0105"
"accessories","كريم الكاركار السوداني للشعر 410جم","Sudanese Karkar Hair Cream 410g"
"accessories","كريم اماندا للقدم واليد","Amanda Foot & Hand Cream"
"accessories","كريم بالمرز 150جم","Palmer's Cream 150g"
"accessories","كريم باليوريا 100مل Moist","Moist Urea Cream 100ml"
"accessories","كريم تغذية للشعر 150مل - Leven","Leven Nourishing Hair Cream 150ml"
"accessories","كريم جل للترطيب - Moist","Moist Moisturizing Gel Cream"
"accessories","كريم جلو لفلي","Glow & Lovely Cream"
"accessories","كريم حليب الامارات","Emirates Milk Cream"
"accessories","كريم سم النحل د/فيلر 250مل اكسترا","Dr. Filler Bee Venom Cream Extra 250ml"
"accessories","كريم صنفره ستاركي","Starky Scrub Cream"
"accessories","كريم فينا","Vina Cream"
"accessories","كريم قشطة الاميرات","Princess Qishta Cream"
"accessories","كريم كاندي  امبوبه","Candy Cream Tube"
"accessories","كريم يوكو حليب","Yoko Milk Cream"
"accessories","كسارة بندق كرت","Nutcracker (Card)"
"accessories","كعب الهوانم 300مل","Kaab Al Hawanem 300ml"
"accessories","كعب غزال225جم","Kaab Al Ghazal 225g"
"accessories","كلبس طويل","Long Clip"
"accessories","كلبس فراشه لامع","Shiny Butterfly Clip"
"accessories","كلبس فيونكه","Bow Clip"
"accessories","كلبس فيونكه منديل مشجر/ساده","Floral / Plain Scarf Bow Clip"
"accessories","كلبس Tk455","Clip TK455"
"accessories","كلبسه  فينكه","Bow Clip"
"accessories","كلينينج باد","Cleansing Pad"
"accessories","كنكه اكلرك لوكس","Luxe Acrylic Coffee Pot"
"accessories","كنكه قهوه","Coffee Pot"
"accessories","كنوز الشام 100مل","Kunooz Al Sham 100ml"
"accessories","كنوز الشام 250مل","Kunooz Al Sham 250ml"
"accessories","كورس","Corset"
"accessories","كورس  0014","Corset 0014"
"accessories","كورس 00012","Corset 00012"
"accessories","كورس 0002","Corset 0002"
"accessories","كورس 00036","Corset 00036"
"accessories","كورس 0007","Corset 0007"
"accessories","كورس 0012","Corset 0012"
"accessories","كورس 0017","Corset 0017"
"accessories","كورس 0020","Corset 0020"
"accessories","كورس 00219","Corset 00219"
"accessories","كورس 0022","Corset 0022"
"accessories","كورس 002282","Corset 002282"
"accessories","كورس 0028","Corset 0028"
"accessories","كورس 0036","Corset 0036"
"accessories","كورس 0043","Corset 0043"
"accessories","كورس 0046","Corset 0046"
"accessories","كورس 006","Corset 006"
"accessories","كورس 0071","Corset 0071"
"accessories","كورس 0072","Corset 0072"
"accessories","كورس 0077","Corset 0077"
"accessories","كورس 0081","Corset 0081"
"accessories","كورس 0084","Corset 0084"
"accessories","كورس 0115","Corset 0115"
"accessories","كورس الحمد","Al Hamd Corset"
"accessories","كورس بسكوته","Biscuit Corset"
"accessories","كورس طنطا","Tanta Corset"
"accessories","كورس ع","Corset A"
"accessories","كورس ك","Corset K"
"accessories","كورس0012","Corset 0012"
"accessories","كورس0041","Corset 0041"
"accessories","كوفي ديجتال","Digital Coffee"
"accessories","كوفي عادي","Classic Coffee"
"accessories","كوكو صبغه درجات 60 م","Coco Hair Dye Shades 60ml"
"accessories","كونسلد كرلا روز","Karla Rose Concealer"
"accessories","كونسلد م.س غطاء فضي","M.S Concealer (Silver Cap)"
"accessories","كونفرت ديجيتال","Comfort Digital"
"accessories","كيس سفنجه 3*1","Sponge Bag (3 Pieces)"
"accessories","كيس شربات","Socks Bag"
"accessories","كيس طعام باندا","Panda Food Bag"
"accessories","كيس طعام عاده","Classic Food Bag"
"accessories","كيس كريمه سيليكون","Silicone Piping Bag"
"accessories","كيس كريمه علي كرت","Piping Bags on Card"
"accessories","كيس نايلون توك صغيرة","Small Hair Clips in Plastic Bag"
"accessories","كيك ستور مدور لمسه","Lamsa Round Cake Storer"
"accessories","كيك سيليكون .1.","Silicone Cake Mold"
"accessories","كيك سيليكون شوكولاته","Silicone Chocolate Cake Mold"
"accessories","لاب مدرع *1100*","Armored Laptop Bag *1100*"
"accessories","لاب مركات وسط 1180","Designer-Style Laptop Bag (Medium) 1180"
"accessories","لاب مستورد وسط","Imported Laptop Bag (Medium)"
"accessories","لاشر BB CREAM","Lasher BB Cream"
"accessories","لايت بوكس 47 لتر النوطيه","Al Wataniya Light Box 47L"
"accessories","لايت بوكس 72 الوطنيه","Al Wataniya Light Box 72L"
"accessories","لايت بوكس30الوطنيه","Al Wataniya Light Box 30L"
"accessories","لزق سوبر صاروخ","Super Rocket Glue"
"accessories","لزق شوجر رمادي","Sugar Grey Glue"
"accessories","لزق صاروخ","Rocket Glue"
"accessories","لصق انف 3ق","Nose Strips (3 Pieces)"
"accessories","لوس بودر  ساندرا 606","Sandra Loose Powder 606"
"accessories","لونا","Luna"
"accessories","لونا ذيده  شكل جديد","Luna Butter (New Look)"
"accessories","ليب اويل kiss beauty 7033903","Kiss Beauty Lip Oil 7033903"
"accessories","ليب جلاس","Lip Glass"
"accessories","ليب ستيك مط BB Rose","BB Rose Matte Lipstick"
"accessories","ليزا زيت 150 ملي","Liza Oil 150ml"
"accessories","ليزا زيت 75 ملي","Liza Oil 75ml"
"accessories","ليزا كريم وسط 150 جرام","Liza Cream (Medium) 150g"
"accessories","ليف مواعين","Dish Scrubber"
"accessories","ليفة استحمام فواكه لوكس","Luxe Fruit Bath Loofah"
"accessories","ليفة ظهر","Back Scrubber"
"accessories","ليفه استحمام 3*1","Bath Loofahs (3 Pieces)"
"accessories","ليفه الوان","Colorful Loofah"
"accessories","ليفه مغربية كيلوباترا","Cleopatra Moroccan Loofah"
"accessories","ليفه مغربية لوكس","Luxe Moroccan Loofah"
"accessories","ليفه مغربيه","Moroccan Loofah"
"accessories","ليفه مواعين","Dish Scrubber"
"accessories","ليفه مواعين -","Dish Scrubber"
"accessories","م","M"
"accessories","ماء ورد العراب 250مل","Al Arrab Rose Water 250ml"
"accessories","ماء ورد طبيعي-ايفونا 290جرام","Evona Natural Rose Water 290g"
"accessories","ماج اسكتش يد مفتوحه","Sketch Mug with Open Handle"
"accessories","ماج ايد اسكتش","Sketch Handle Mug"
"accessories","ماج قطه لوكس","Luxe Cat Mug"
"accessories","ماج لوكس حروف","Luxe Letter Mug"
"accessories","ماج وتر كوفي","Water & Coffee Mug"
"accessories","ماجيستك *1000*","Majestic *1000*"
"accessories","ماداليه لابوجو","Labubu Keychain"
"accessories","مادلية بحر","Sea Keychain"
"accessories","ماسك استالس","Stainless Steel Tongs"
"accessories","ماسك تفتيح - Kiss Beauty","Kiss Beauty Brightening Mask"
"accessories","ماسك سيلكون","Silicone Mask"
"accessories","ماش صن باوك 125 ملي","Mash Sunblock 125ml"
"accessories","ماش صن باوك 60ملي","Mash Sunblock 60ml"
"accessories","ماش صن بلوك 125 ملي","Mash Sunblock 125ml"
"accessories","ماش صن بلوك 125م","Mash Sunblock 125ml"
"accessories","ماش صن بلوك 125م.","Mash Sunblock 125ml"
"accessories","ماش صن بلوك تنتد 60ج","Mash Tinted Sunblock 60g"
"accessories","ماش صن بلوك تنتد60ج","Mash Tinted Sunblock 60g"
"accessories","مبش مربعه استلس","Square Stainless Steel Grater"
"accessories","مبشاره استالس يد خشب قلم","Pen-Style Stainless Steel Grater with Wooden Handle"
"accessories","مبيض بشره - زووكا","Zooka Skin Whitener"
"accessories","مثبت مكياج ايفر بيوتي a12-25e","Ever Beauty Makeup Setting Spray A12-25E"
"accessories","مثبت مكياج بخاخ اليزابيث هلين","Elizabeth Helen Makeup Setting Spray"
"accessories","مثبت ميكب بخاخ م.س","M.S Makeup Setting Spray"
"accessories","مجفف خضار الوطنيه","Al Wataniya Salad Spinner"
"accessories","مجموعة 4*1 حمام مغربي - كليوباترا","Cleopatra Moroccan Bath Set (4 Pieces)"
"accessories","مجموعة الرعايه ب الاطفال","Baby Care Set"
"accessories","مجموعة حمام مغربي","Moroccan Bath Set"
"accessories","مجموعة طباعة حواجب","Brow Stamp Set"
"accessories","مجموعة فرشة لوكس","Luxe Brush Set"
"accessories","مجموعة مسك الطهارة 3*1","Musk Al Tahara Set (3 Pieces)"
"accessories","مجموعة مسك الطهارة تشيز كيك","Musk Al Tahara Cheesecake Set"
"accessories","محبس برشوم أستانلس","Stainless Steel Barshoum Band Ring"
"accessories","محلول عدسات رنيو 60مل","Renu Contact Lens Solution 60ml"
"accessories","مخرطه يد سوداء لوكس","Luxe Black-Handle Vegetable Slicer"
"accessories","مخمرية - ايفونا","Evona Mukhamaria"
"accessories","مخمرية 50جم - فريدة","Farida Mukhamaria 50g"
"accessories","مخمرية الملكه - عود ملكي 40 جرام","Al Malika Royal Oud Mukhamaria 40g"
"accessories","مخمرية بيوتي شام","Beauty Sham Mukhamaria"
"accessories","مخمرية ليالي الشام","Layali Al Sham Mukhamaria"
"accessories","مخمريه فازلين Kraehnto","Kraehnto Vaseline Mukhamaria"
"accessories","مخمريه Rose Lady","Rose Lady Mukhamaria"
"accessories","مداليه  m50","Keychain M50"
"accessories","مداليه +بوك فاخر","Premium Keychain + Wallet"
"accessories","مداليه سبور","Sport Keychain"
"accessories","مداليه سيليكون لوكس","Luxe Silicone Keychain"
"accessories","مداليه فاخر","Premium Keychain"
"accessories","مداليه فرو فاخر","Premium Fur Keychain"
"accessories","مذيل ميكب Might Cinema","Might Cinema Makeup Remover"
"accessories","مرايا استاند","Stand Mirror"
"accessories","مرايا حمام لمسه","Lamsa Bathroom Mirror"
"accessories","مرايه مستورده","Imported Mirror"
"accessories","مرواحه ج ن س","Fan G.N.S"
"accessories","مروحه","Fan"
"accessories","مروحه 2*1 ك","2-in-1 Fan (Large)"
"accessories","مروحه ابجوره","Lamp Fan"
"accessories","مروحه استاند","Stand Fan"
"accessories","مروحه بشاشه رقميه","Fan with Digital Display"
"accessories","مروحه حامل موبايل 3سرعات","Fan with Phone Holder (3 Speeds)"
"accessories","مروحه ص ب شحن","Small Rechargeable Fan"
"accessories","مروحه صغيره 1","Small Fan 1"
"accessories","مروحه قابله للتمدد","Extendable Fan"
"accessories","مروحه مكتب ب شحن","Rechargeable Desk Fan"
"accessories","مروحه يد ب 4-57","Hand Fan B 4-57"
"accessories","مروحه يد شحن بقعده وحبل","Rechargeable Hand Fan with Base & Strap"
"accessories","مروحه يد شحن فراشه","Rechargeable Butterfly Hand Fan"
"accessories","مروحه يد كرتونه بطريه","Battery Cartoon Hand Fan"
"accessories","مروحه يد كرتونيه شحن","Rechargeable Cartoon Hand Fan"
"accessories","مروحه يد محموله","Portable Hand Fan"
"accessories","مروحه يد ميكي","Mickey Hand Fan"
"accessories","مروحه.","Fan"
"accessories","مريله مطبخ","Kitchen Apron"
"accessories","مريله مطبخ ..","Kitchen Apron"
"accessories","مزيل عرق ايفونا -رول اون 50مل","Evona Deodorant Roll-On 50ml"
"accessories","مساحه -.","Mop"
"accessories","مساحه 0","Mop 0"
"accessories","مساحه 0.","Mop 0"
"accessories","مساحه استاليس","Stainless Steel Mop"
"accessories","مساحه او فتاله","String Mop"
"accessories","مساحه تميمة","Tamima Mop"
"accessories","مساحه لو","Mop"
"accessories","مساحه لون اسود","Black Mop"
"accessories","مساحه-","Mop"
"accessories","مساحه.0","Mop 0"
"accessories","مساحه*.","Mop"
"accessories","مساكه استلس صغيره","Small Stainless Steel Tongs"
"accessories","مساكه سيلكون *استلس","Silicone & Stainless Steel Tongs"
"accessories","مسك الطهارة - الفيصل","Al Faisal Musk Al Tahara"
"accessories","مسك طهارة - الريان","Al Rayan Musk Al Tahara"
"accessories","مسك طهارة ذات","Zat Musk Al Tahara"
"accessories","مسن","Knife Sharpener"
"accessories","مشر مربع استلس","Square Stainless Steel Grater"
"accessories","مصفي رز صغيره الطنيه","Al Wataniya Rice Strainer (Small)"
"accessories","مضرب بيض استالس يد خشب","Stainless Steel Egg Whisk with Wooden Handle"
"accessories","مضرب بيض استلس","Stainless Steel Egg Whisk"
"accessories","مضرب بيض استلس.","Stainless Steel Egg Whisk"
"accessories","مضرب بيض سيلكون","Silicone Egg Whisk"
"accessories","مضرب بيض سيلكون مروحه","Silicone Fan-Style Egg Whisk"
"accessories","مضرب لكس مستورد xk-27","Imported Luxe Mixer XK-27"
"accessories","مضرب نسكافيه كبير 1*2 usb","Large USB Coffee Frother 2-in-1"
"accessories","مضرب نسكافيه كبير usb","Large USB Coffee Frother"
"accessories","معصم صابع","Wrist & Finger Support"
"accessories","معلقه خشب سليكون","Wooden Silicone Spoon"
"accessories","معلقه سليكون","Silicone Spoon"
"accessories","معلقه سيليكون","Silicone Spoon"
"accessories","معلقه مدهب قلب","Gold-Plated Heart Spoon"
"accessories","مغرفه سيليكون *خشب","Silicone & Wood Ladle"
"accessories","مفرش عباد الشمس 3متر","Sunflower Tablecloth 3m"
"accessories","مفرش عباد الشمس 5 متر","Sunflower Tablecloth 5m"
"accessories","مفرش عباد الشمس متر 1.5","Sunflower Tablecloth 1.5m"
"accessories","مفرمه عجين بسكويت","Cookie Dough Press"
"accessories","مقص  .","Scissors"
"accessories","مقص 1","Scissors 1"
"accessories","مقص على كارت","Scissors on Card"
"accessories","مقص مفك برتقالي","Orange Multi-Purpose Scissors"
"accessories","مقص مفك برتقلي ك","Orange Multi-Purpose Scissors (Large)"
"accessories","مقص Yalla","Yalla Scissors"
"accessories","مقصوص سيليكون *خشب","Silicone & Wood Spatula"
"accessories","مقصوصه خشب اسبكتي","Wooden Spaghetti Server"
"accessories","مقصوصه خشب سليكون","Wooden Silicone Spatula"
"accessories","مقصوصه سيلكون .","Silicone Spatula"
"accessories","مقصوصه سيلكون ..","Silicone Spatula"
"accessories","مقصوصه سيلكون ...","Silicone Spatula"
"accessories","مقصوصه سيليكون","Silicone Spatula"
"accessories","مقصوصه سيليكون .","Silicone Spatula"
"accessories","مقصوصه سيليكون ..","Silicone Spatula"
"accessories","مقصوصه سيليكون *خشب","Silicone & Wood Spatula"
"accessories","مقصوصه سيليكون *خشب .","Silicone & Wood Spatula"
"accessories","مكسيمنس 72 منديل","Maximins Tissues (72)"
"accessories","مكسيمنس 90منديل","Maximins Tissues (90)"
"accessories","مكسيمنس مناديل مبلله 120ق","Maximins Wet Wipes (120 Pieces)"
"accessories","مكعبات ثلج","Reusable Ice Cubes"
"accessories","ملح استحمام - ايفونا 850جرام","Evona Bath Salt 850g"
"accessories","ملمع بانسيه","Pansy Lip Gloss"
"accessories","ملمع شفاه - Disaar","Disaar Lip Gloss"
"accessories","ملمع شفاه سحري ضد الماء","Waterproof Magic Lip Gloss"
"accessories","ملمع شفايف كارلا روز","Karla Rose Lip Gloss"
"accessories","ملمع شفايف مط نايت سينما","Might Cinema Matte Lip Gloss"
"accessories","مملكة مسك الطهارة","Musk Al Tahara Kingdom"
"accessories","مناديل احذيه","Shoe Wipes"
"accessories","مناديل ازالة بقع 20ق","Stain Remover Wipes (20 Pieces)"
"accessories","مناديل دهون","Oil-Blotting Sheets"
"accessories","مناديل شمع فتيف ستار","Five Star Wax Strips"
"accessories","مناديل صفرا ملابس","Yellow Cleaning Cloths"
"accessories","مناديل فيونا","Viona Tissues"
"accessories","مناديل قطن-Fanity 80Pcs","Fanity Cotton Pads (80 Pieces)"
"accessories","مناديل مبلله 72 ق Grand","Grand Wet Wipes (72 Pieces)"
"accessories","مورد خدود وشفايف - ستونة","Stona Cheek & Lip Tint"
"accessories","موس  3*1 Kaliel","Kaliel Razors (3 Pieces)"
"accessories","موس 3*1 Bessalin","Bessalin Razors (3 Pieces)"
"accessories","موس كوري 2*1 T TRINA","T Trina Korean Razors (2 Pieces)"
"accessories","ميدليه بوك صغير","Small Wallet Keychain"
"accessories","نتائج طبيعية بديل بروتين 200جرام","Natural Results Protein Alternative 200g"
"accessories","نشاميون 17 *1575*","Champion 17 *1575*"
"accessories","نظارات لوكس","Luxe Sunglasses"
"accessories","نظارة بناتي","Girls' Sunglasses"
"accessories","نظارة بناتي لوكس","Luxe Girls' Sunglasses"
"accessories","نظارة جراند لوكس","Grand Luxe Sunglasses"
"accessories","نظارة شقاوة حريمي وسط","Women's Shaqawa Sunglasses (Medium)"
"accessories","نظارة عضم بناتي","Girls' Bone-Frame Sunglasses"
"accessories","نظارة عضم حريمي لوكس","Luxe Women's Bone-Frame Sunglasses"
"accessories","نظارة فريمليس","Frameless Sunglasses"
"accessories","نونو زيت 200مل","Nono Oil 200ml"
"accessories","هارست فول ياد الوان","Colorful Harst Full Yad"
"accessories","هاف اندهاف 14*1470*","Half and Half 14 *1470*"
"accessories","هبيتا كارميد تويتنتي كريم 50جرام","Hepta Carbamide Twenty Cream 50g"
"accessories","هراسة توم باليد","Garlic Press with Handle"
"accessories","هراسه توم","Garlic Press"
"accessories","هراسه جرانيت","Granite Mortar"
"accessories","هيبتا كارباميد 50جرام","Hepta Carbamide 50g"
"accessories","هير واكس ملمع","Shine Hair Wax"
"accessories","ورق ايرفلاير 4.5*16","Air Fryer Paper 4.5×16"
"accessories","ورق ايرفلاير 5.4*20","Air Fryer Paper 5.4×20"
"accessories","ولاعه شرز","Sharz Lighter"
"accessories","ولاعه غاز كارت","Gas Lighters Card"
"accessories","وهم 1560","Wahm 1560"
"accessories","ياسمين","Yasmin"
"accessories","يلويري","Yalwiri"
"accessories","يوك مستورد ..","Imported Wallet"
"accessories","a.z0055 كورس","Corset A.Z0055"
"accessories","ِAlejon بدي ميلك تفتيح 200مل","Alejon Brightening Body Milk 200ml"
"accessories","Alejon كريم يوريا 200جم","Alejon Urea Cream 200g"
"accessories","Alejon كريم يوريا 500جم","Alejon Urea Cream 500g"
"accessories","Alice جوانتي سكراب","Alice Scrub Glove"
"accessories","Alice شفرات سكيلي سموث","Alice Silky Smooth Razors"
"accessories","Alice ليفه مغربيه","Alice Moroccan Loofah"
"accessories","ALOA AVA بديل الزيت  250 مل","Aloa Ava Oil Replacement 250ml"
"accessories","Amla زيت 180مل","Amla Oil 180ml"
"accessories","Amla hfcزيت 180مل","Amla HFC Oil 180ml"
"accessories","Andra سبراي 125مل","Andra Spray 125ml"
"accessories","Anru فرشة خشب","Anru Wooden Brush"
"accessories","ِAvuva ماكينة حلاقة 5 قطع","Avuva Razors (5 Pieces)"
"accessories","az00105كورس","Corset AZ00105"
"accessories","Bambino قطن مكياج 120ق","Bambino Makeup Cotton Pads (120 Pieces)"
"accessories","Bambino قطن ميكب 100ق","Bambino Makeup Cotton Pads (100 Pieces)"
"accessories","BB Rose بودرة","BB Rose Powder"
"accessories","BB Rose بودرة مضغوط","BB Rose Compact Powder"
"accessories","BB Rose بودرة مضغوطة","BB Rose Compact Powder"
"accessories","BB Rose بودره","BB Rose Powder"
"accessories","BB Rose بودره مضغوطه","BB Rose Compact Powder"
"accessories","BB Rose لوس بودر","BB Rose Loose Powder"
"accessories","BB Rose ملمع شفاه","BB Rose Lip Gloss"
"accessories","BB Rose ملمع شفايف","BB Rose Lip Gloss"
"accessories","BB Rose مورد سحري","BB Rose Magic Tint"
"accessories","Beesline رول اون 1+1","Beesline Roll-On 1+1"
"accessories","Beesline سبراي تفتيح 150مل","Beesline Brightening Spray 150ml"
"accessories","Bembo 72 منديل","Bembo Wipes (72)"
"accessories","blankie كريم حفاضه 75 مل","Blankie Diaper Cream 75ml"
"accessories","Blueline شاور بخاخ 1لتر","Blueline Pump Shower Gel 1L"
"accessories","Bo bana ليف ان 200 ملي","Bobana Leave-In 200ml"
"accessories","Bo bana ماسك قناع 120 ملي","Bobana Hair Mask 120ml"
"accessories","Bobana بديل الزيت 240مل","Bobana Oil Replacement 240ml"
"accessories","Bobana رول اون","Bobana Roll-On"
"accessories","Bobana شيت ماسك","Bobana Sheet Mask"
"accessories","Bobana طمي مغربي 400جم","Bobana Moroccan Clay 400g"
"accessories","Bobana ماسك حليب 250مل","Bobana Milk Mask 250ml"
"accessories","Bonita فرشة بيضاوي","Bonita Oval Brush"
"accessories","Bonita فرشة هابي لايف","Bonita Happy Life Brush"
"accessories","Bonita فرشه","Bonita Brush"
"accessories","Butterfly جل كعب الغزال","Butterfly Kaab Al Ghazal Gel"
"accessories","Butterfly سكراب كاندي 300 gm","Butterfly Candy Scrub 300g"
"accessories","Care&More رول اون","Care&More Roll-On"
"accessories","Care&More رول اون 1+1","Care&More Roll-On 1+1"
"accessories","Care&More كريم قدمين 100مل","Care&More Foot Cream 100ml"
"accessories","Cedage كريم بخاخ 250مل","Cedage Spray Cream 250ml"
"accessories","Coco اكلادور","Coco Nail Polish"
"accessories","COCO شمع خرز كيس500جم","Coco Wax Beads Bag 500g"
"accessories","Coco شمع شرائح 10*2","Coco Wax Strips (10×2)"
"accessories","Coco مناديل شمع","Coco Wax Strips"
"accessories","Coco واكس زيت","Coco Oil Wax"
"accessories","ْCute صنفرة قدم مستطيلة","Cute Rectangular Foot File"
"accessories","Dermactive جلوبال كريم جل 50جم","Dermactive Global Cream Gel 50g"
"accessories","Dermactive ريبير سموزينج كريم 200مل","Dermactive Repair Smoothing Cream 200ml"
"accessories","Dermactive ريبير فوت كريم 60مل","Dermactive Repair Foot Cream 60ml"
"accessories","Dermactive سيكا كريم 50مل","Dermactive Cica Cream 50ml"
"accessories","Dermactive هيدرا كريم جل 1+1","Dermactive Hydra Cream Gel 1+1"
"accessories","Dodo Girl كومباكت باودر","Dodo Girl Compact Powder"
"accessories","Dove رول اون","Dove Roll-On"
"accessories","Dove سبراي مستورد 250مل","Dove Body Spray (Imported) 250ml"
"accessories","Dove شاور 500مل","Dove Shower Gel 500ml"
"accessories","DR Rashel صن بلوك سبراي 150مل","Dr. Rashel Sunblock Spray 150ml"
"accessories","ٌDR Rashel صن بلوك كريم60جم","Dr. Rashel Sunblock Cream 60g"
"accessories","Drakon رول اون 1+1","Drakon Roll-On 1+1"
"accessories","DS مقص","DS Scissors"
"accessories","Easy care مناديل مبلله 40ق","Easy Care Wet Wipes (40 Pieces)"
"accessories","Easy care مناديل مبلله 80ق","Easy Care Wet Wipes (80 Pieces)"
"accessories","Elite فرشه","Elite Brush"
"accessories","Elone شيت ماسك","Elone Sheet Mask"
"accessories","Emami زيت 50مل","Emami Oil 50ml"
"accessories","Eva سكين كير بلعسل 20جم","Eva Skin Care with Honey 20g"
"accessories","Eva سكين كير كريم ليلي","Eva Skin Care Night Cream"
"accessories","Evaماسك كيرليز زبدة الشيا بذور الكتان","Eva Curls Mask with Shea Butter & Flaxseed"
"accessories","Ever Beauty اي لاينر","Ever Beauty Eyeliner"
"accessories","Ever Beauty تاتو دبل","Ever Beauty Double Brow Tattoo Pen"
"accessories","Ever Beauty فونديشن","Ever Beauty Foundation"
"accessories","Ever Beauty مثبت مكياج","Ever Beauty Makeup Setting Spray"
"accessories","Ever Beauty مثبت ميكب","Ever Beauty Makeup Setting Spray"
"accessories","Everest شاور 1لتر","Everest Shower Gel 1L"
"accessories","Evona جل صبار كوري 150مل","Evona Korean Aloe Vera Gel 150ml"
"accessories","Evona جل كعب الغزال","Evona Kaab Al Ghazal Gel"
"accessories","Evona كريم جلسرين","Evona Glycerin Cream"
"accessories","Evona كريم صنفرة 250مل","Evona Scrub Cream 250ml"
"accessories","FIANCEE حمام كريك 7*1 450 مل","Fiancée 7-in-1 Hair Cream Bath 450ml"
"accessories","First مناديل شمع ايطالي","First Italian Wax Strips"
"accessories","First-مخمريه للجسم","First Body Mukhamaria"
"accessories","First-مخمريه للجسم صغير","First Body Mukhamaria (Small)"
"accessories","Flo سبراي 75مل","Flo Spray 75ml"
"accessories","Flormar ليب ستيك قلم","Flormar Lipstick Pencil"
"accessories","Fly Baby زيت","FlyBaby Oil"
"accessories","For Ever برايه","ForEver Sharpener"
"accessories","FRESH LOOKعداسات","FreshLook Contact Lenses"
"accessories","Garnier صبغة 20%","Garnier Hair Dye (20% Off)"
"accessories","Garnier صبغة خصم15%","Garnier Hair Dye (15% Off)"
"accessories","Garnier كريم نفنيح امبوبه 25مل","Garnier Brightening Cream Tube 25ml"
"accessories","Garnier كريم نفنيح امبوبه 50مل","Garnier Brightening Cream Tube 50ml"
"accessories","Globeye قصافه 2*1","Globeye Nail Clippers (2 Pieces)"
"accessories","GLYSOLID كريم  صغير 40مل","Glysolid Cream (Small) 40ml"
"accessories","Gold Beauty تنت كريمي","Gold Beauty Creamy Tint"
"accessories","Gold Beauty ملمع سحري","Gold Beauty Magic Lip Gloss"
"accessories","Head&Shoulders 400مل","Head & Shoulders 400ml"
"accessories","HERBSINDIA اعشاب الهند 180مل","Herbs India 180ml"
"accessories","HERBSINDIA اعشاب الهند 280مل","Herbs India 280ml"
"accessories","High Life طمي مغربي 300مل","High Life Moroccan Clay 300ml"
"accessories","HighLife صنفره 300مل","High Life Scrub 300ml"
"accessories","Infinity رول اون 1+1","Infinity Roll-On 1+1"
"accessories","Kamena شاور 750مل","Kamena Shower Gel 750ml"
"accessories","KARIT قلم جواجب","Karite Eyebrow Pencil"
"accessories","Karite قلم تحديد شفايف","Karite Lip Liner"
"accessories","Karseell ماسك 500مل","Karseell Hair Mask 500ml"
"accessories","Kiss Beauty ملمع شفايف سحري","Kiss Beauty Magic Lip Gloss"
"accessories","Lareen مورد خدود","Lareen Blush Tint"
"accessories","Last Look لوس بودر","Last Look Loose Powder"
"accessories","Last Look ملمع فواكه","Last Look Fruit Lip Gloss"
"accessories","Leaves هير ماسك 250مل","Leaves Hair Mask 250ml"
"accessories","LEOPARD ونك اوليف كريم 60مل","Leopard Wink Olive Cream 60ml"
"accessories","Leven كريم للشعر الكيرلي 250 م","Leven Curly Hair Cream 250ml"
"accessories","Leven كريم للشعر الكيرلي 495 مل","Leven Curly Hair Cream 495ml"
"accessories","Lijh قطن خشب كبير","Lijh Wooden Cotton Buds (Large)"
"accessories","Lijhقطن خشب ص","Lijh Wooden Cotton Buds (Small)"
"accessories","LIP OIL DISAAR ابيض","Disaar Lip Oil (White)"
"accessories","Lolooa هاند وش","Lolooa Hand Wash"
"accessories","lonaكريم ملطف لليد 300مل","Luna Soothing Hand Cream 300ml"
"accessories","Lorael بديل الزيت دريم لونج 300 ملي","L'Oréal Dream Long Oil Replacement 300ml"
"accessories","Loreal بديل الزيت اسود 300 مل","L'Oréal Black Oil Replacement 300ml"
"accessories","Loreal بديل الزيت توتال ريبير 300 ملي","L'Oréal Total Repair Oil Replacement 300ml"
"accessories","Loreal بديل الزيت دهبي 300 ملي","L'Oréal Gold Oil Replacement 300ml"
"accessories","Loreal صبغه اكسلانس","L'Oréal Excellence Hair Dye"
"accessories","Lovely عود قطن 200ق","Lovely Cotton Buds (200 Pieces)"
"accessories","LUNA تشققات عرض 4*1","Luna Anti-Crack Cream Offer (4 Pieces)"
"accessories","LUNA كريم سوفت عرض 3*1","Luna Soft Cream Offer (3 Pieces)"
"accessories","LUNA ليب ثرابي 10جم","Luna Lip Therapy 10g"
"accessories","Lux شاور 250مل","Lux Shower Gel 250ml"
"accessories","Lux هاند وش 500 مل.","Lux Hand Wash 500ml"
"accessories","Lux هاند وش بخاخ 500 مل","Lux Pump Hand Wash 500ml"
"accessories","Lv نظارة","LV Sunglasses"
"accessories","M.C باليت ميك اب","M.C Makeup Palette"
"accessories","M.N قلم فلوماستر دايناميك","M.N Dynamic Felt-Tip Pen"
"accessories","M.N قلم لاب جديد","M.N Lip Pencil (New)"
"accessories","Melisa قصافه على كارت","Melisa Nail Clipper on Card"
"accessories","Mely ستراس","Mely Rhinestones"
"accessories","Might.C اساس موس","Might Cinema Mousse Foundation"
"accessories","Mink كريم هيرفود 350مل","Mink Hair Food Cream 350ml"
"accessories","Mink كريم هيرفوود 125جم","Mink Hair Food Cream 125g"
"accessories","Mink كريم هيرفوود 250جم","Mink Hair Food Cream 250g"
"accessories","Mink كريم واكس ملمع 100جم","Mink Shine Wax Cream 100g"
"accessories","Moist كريم حب الشباب 60جم","Moist Acne Cream 60g"
"accessories","Moist-1 سيكا كريم","Moist-1 Cica Cream"
"accessories","Monaya باليت ميكب 3*1","Monaya 3-in-1 Makeup Palette"
"accessories","Monaya بودره","Monaya Powder"
"accessories","Monaya تنت سائل","Monaya Liquid Tint"
"accessories","Monaya لوس بودر","Monaya Loose Powder"
"accessories","Mood هاند وش 500 مل","Mood Hand Wash 500ml"
"accessories","Msa سبراي امراتي 75مل","MSA Emirati Spray 75ml"
"accessories","my baby مناديل مبلله 72 منديل","My Baby Wet Wipes (72)"
"accessories","Nature results مجموعة 500مل","Natural Results Set 500ml"
"accessories","Nevia رول اون 50مل","Nivea Roll-On 50ml"
"accessories","Nono بودره اطفال 100مل","Nono Baby Powder 100ml"
"accessories","Nono بودره اطفال 200جم","Nono Baby Powder 200g"
"accessories","Nono بودره اطفال 50مل","Nono Baby Powder 50ml"
"accessories","Note بودر","Note Powder"
"accessories","Onge 72 منديل","Onge Wipes (72)"
"accessories","Pantene بديل الزيت","Pantene Oil Replacement"
"accessories","Perchious برفيوم 65 ملي","Perchious Perfume 65ml"
"accessories","Pure رول اون","Pure Roll-On"
"accessories","R.B قلم تحديد","R.B Liner Pencil"
"accessories","Rexona رول اون 50 ملي","Rexona Roll-On 50ml"
"accessories","Rivoli شاور 500مل","Rivoli Shower Gel 500ml"
"accessories","Rolls كريم 500مل","Rolls Cream 500ml"
"accessories","Rolls ليف ان كريم 250مل","Rolls Leave-In Cream 250ml"
"accessories","Rolls ليف ان كريم 500 مل","Rolls Leave-In Cream 500ml"
"accessories","Rose Berry بودرة","Rose Berry Powder"
"accessories","Rose Berry لوس بودر","Rose Berry Loose Powder"
"accessories","Rose Berry لوس بودر.","Rose Berry Loose Powder"
"accessories","Rose Berry مثبت مكياج","Rose Berry Makeup Setting Spray"
"accessories","Rose Berry مثبت مكياج سبراي","Rose Berry Makeup Setting Spray"
"accessories","Rose Berry مثبت ميكب","Rose Berry Makeup Setting Spray"
"accessories","Rose Berry مزيل ميكب","Rose Berry Makeup Remover"
"accessories","Rose Gold كريم مزيل مكياج","Rose Gold Makeup Remover Cream"
"accessories","Rose Gold كومبكت بودر","Rose Gold Compact Powder"
"accessories","Rose Gold ليب ستيك مط","Rose Gold Matte Lipstick"
"accessories","Rose Gold ملمع سحري","Rose Gold Magic Lip Gloss"
"accessories","Rose Gold مورد خدود سحري","Rose Gold Magic Blush Tint"
"accessories","Rose Gold مورد شفاه وخدود","Rose Gold Lip & Cheek Tint"
"accessories","Royal بودره تفتيح شعر 40gm","Royal Hair Bleaching Powder 40g"
"accessories","Sandra فونديشن","Sandra Foundation"
"accessories","Sandra ليب ستيك مط","Sandra Matte Lipstick"
"accessories","Sandra ملمع سائل سحري","Sandra Magic Liquid Lip Gloss"
"accessories","Sandra ملمع سحري","Sandra Magic Lip Gloss"
"accessories","Sandra ملمع شفاه سحري","Sandra Magic Lip Gloss"
"accessories","Shaglam مثبت مكياج جديد","Sheglam Makeup Setting Spray (New)"
"accessories","Sheglam تنت 3*1","Sheglam 3-in-1 Tint"
"accessories","Sheglam لوس بودر","Sheglam Loose Powder"
"accessories","Shine لفتر سائل","Shine Liquid Lip Lifter"
"accessories","Shine Queen ليب اويل","Shine Queen Lip Oil"
"accessories","Shine َQueen ملمع جليتر","Shine Queen Glitter Lip Gloss"
"accessories","Shushا فرشه","Shusha Brush"
"accessories","Smile قطن اذن 100عود","Smile Cotton Buds (100 Pieces)"
"accessories","Starky فازلين 70 مل","Starky Petroleum Jelly 70ml"
"accessories","Starky ماسك قناع 100 جرام","Starky Face Mask 100g"
"accessories","Starky مخمريه 50مل","Starky Mukhamaria 50ml"
"accessories","Starky واكس 140 ملي","Starky Wax 140ml"
"accessories","Sugar اساس بخاخ","Sugar Spray Foundation"
"accessories","Sugar فونديشن","Sugar Foundation"
"accessories","Sun silk بديل الزيت 300 مل","Sunsilk Oil Replacement 300ml"
"accessories","Think Pink مزيل ميكب","Think Pink Makeup Remover"
"accessories","Tina فرشه زيرو","Tina Zero Brush"
"accessories","Top Feeling ليب جولس ماجيك","Top Feeling Magic Lip Gloss"
"accessories","TopSkin مزيل ميكب 200مل مع قطن","Top Skin Makeup Remover 200ml with Cotton"
"accessories","TRi سبراي امارتي 75مل","TRI Emirati Spray 75ml"
"accessories","TRICHUP زيت 20مل","Trichup Oil 20ml"
"accessories","Vaseline بادي اويل 200 ملي","Vaseline Body Oil 200ml"
"accessories","Vatika حنه هندية 60جم","Vatika Indian Henna 60g"
"accessories","vatikaزيت كبير 180 مل","Vatika Oil (Large) 180ml"
"accessories","Velvet قطن اذن 120عود","Velvet Cotton Buds (120 Pieces)"
"accessories","Velvet قطن ميكب 120ق","Velvet Makeup Cotton Pads (120 Pieces)"
"accessories","Venus جيليت","Gillette Venus"
"accessories","Venus ماكينة جيليت","Gillette Venus Razor"
"accessories","Viona قطن ميكب 70ق","Viona Makeup Cotton Pads (70 Pieces)"
"accessories","Wide wave كريم كيرلي 250 مل","Wide Wave Curly Cream 250ml"
"accessories","Willy هاند وش 750 مل","Willy Hand Wash 750ml"
"accessories","WYOK جل غسيل 5*1","WYOK 5-in-1 Laundry Gel"
"accessories","YoumeIمقص","Youmei Scissors"
"accessories","دبدوب .","Teddy Bear"
"accessories","دبدوب ..","Teddy Bear"
"accessories","دبدوب .....","Teddy Bear"
"accessories","دبدوب ..1","Teddy Bear 1"
"accessories","دبدوب .3..","Teddy Bear 3"
"accessories","دبدوب 2000","Teddy Bear 2000"
"accessories","دبدوب 21","Teddy Bear 21"
"accessories","دبدوب 3..","Teddy Bear 3"
"accessories","دبدوب 5000","Teddy Bear 5000"
"accessories","دبدوب مشكل","Assorted Teddy Bear"
"accessories","دبدوب*1180*","Teddy Bear *1180*"
"accessories","طقم توابل خزفحالزون +دبدوب","Ceramic Snail Spice Set + Teddy Bear"
"accessories","طقم فرشه 7*1 دبدوب","Teddy Bear Brush Set (7 Pieces)"
"accessories","مخمريه دبدوب لابيترا","La Petra Teddy Bear Mukhamaria"