sku,name,description,price,sale_price,category,badge,image,stock,brand,usage_info
1001,برفان مسك الطهارة 60مل,,975,,perfume,,,15,,
1002,qissa pink 100ML,,880,,perfume,,,3,,
1003,حريه Paris Corner,,1100,,perfume,,,3,,
1004,ريمبري بلو 100مل,,980,,perfume,,,3,,
1005,برفان مشهور 100مل,,850,,perfume,,,3,,
1006,برفان خشب العود 100مل,,600,,perfume,,,4,,
1007,ميجا بلو 100مل,,495,,perfume,,,3,,
1008,تيتانيوم بلو 100مل,,540,,perfume,,,3,,
1009,Ozzareej حكاية فيولت,,1100,,perfume,,,3,,
1010,Ozareej حكاية Siwar,,1100,,perfume,,,3,,
1011,Ozareej حكاية only,,1100,,perfume,,,3,,
1012,Woody 100Ml,,550,,perfume,,,3,,
1013,Earth 100ML,,550,,perfume,,,2,,
1014,مثيرة 100مل,,700,,perfume,,,3,,
1016,Veloria Bloom 100Ml,,510,,perfume,,,4,,
1017,Floral Profumo,,685,,perfume,,,3,,
1018,Khair pistachio 100Ml,,920,,perfume,,,3,,
1019,مسك خاص 100مل,,1200,,perfume,,,3,,
1020,مسك الرمان 100مل,,1200,,perfume,,,3,,
1021,LIBERTE CARAMAL 100Ml,,760,,perfume,,,1,,
1022,اميرة العرب سعودي 100مل,,680,,perfume,,,3,,
1023,TASKEEN CARAMAL 100Ml,,980,,perfume,,,3,,
1024,لونار 100مل,,750,,perfume,,,3,,
1025,HAMILTON 100Ml,,650,,perfume,,,3,,
1026,Khair Confegtion 100Ml,,950,,perfume,,,3,,
1027,KHAIR FUSION 100Ml,,950,,perfume,,,3,,
1028,VETIVER PARADISO 100Ml,,550,,perfume,,,3,,
1029,Magnum OPUS,,550,,perfume,,,3,,
1030,امير العود 100ملي بني,,800,,perfume,,,2,,
1031,MPF LAMOUR 100ML,,720,,perfume,,,3,,
1032,MPF EROUPA 100ML,,750,,perfume,,,6,,
1034,النجاح 100ملي,,750,,perfume,,,3,,
1035,اسبلاش تيد بيكر 60مل,,25,,perfume,,,12,,
1036,TENX Body splash,,65,,perfume,,,24,,
1037,MSA 100Ml,,115,,perfume,,,5,,
1038,دانهيل دبي 30مل,,70,,perfume,,,21,,
1039,طقم خمره 3قطع,,380,,perfume,,,0,,
1040,طقم 3قطع يارا,,380,,perfume,,,2,,
1041,طقم 3 قطع أسد,,380,,perfume,,,2,,
1042,طقم مسك الطهارة فانيليا,,475,,perfume,,,4,,
1043,طقم مسك الطهارة رومان,,475,,perfume,,,2,,
1044,MARADA CRASH 100Ml,,450,,perfume,,,6,,
1045,هاشتاج ليبرتي 85مل,,450,,perfume,,,3,,
1046,MERADA MY FREEDOM 100Ml,,420,,perfume,,,3,,
1047,MERADA FREEDOM WAVES 100Ml,,450,,perfume,,,3,,
1048,MERADA FREEDOM WINGS,,420,,perfume,,,3,,
1049,MERADA MUSE 100Ml,,450,,perfume,,,3,,
1050,MIRADA SKY 100Ml,,450,,perfume,,,3,,
1051,Mirada White Mountain,,420,,perfume,,,3,,
1052,Mirada TOGETHER WITH YOU 100Ml,,420,,perfume,,,3,,
1053,Mirada SURF 100 ML 100,,435,,perfume,,,3,,
1054,Mirada Gentleman Genius,,450,,perfume,,,2,,
1055,Mirada Brave Intense,,420,,perfume,,,3,,
1056,NIVEA Spray 150Ml,,145,,perfume,,,75,,
1057,LA SERA 100ML,,280,,perfume,,,45,,
1058,ايس كريم 100مل,,140,,perfume,,,18,,
1059,ايس كريم لطافة 75مل,,250,,perfume,,,25,,
1060,Pure XS 100ML,,140,,perfume,,,6,,
1061,CHANEl CHANCE 100ML,,130,,perfume,,,5,,
1062,NISHANE 100ML,,155,,perfume,,,11,,
1065,DOLCE & GABBANA DEVOTION,,140,,perfume,,,3,,
1066,DOLCE & GABBANA the one,,125,,perfume,,,9,,
1067,ALLURE CHANNEL 100ML,,135,,perfume,,,6,,
1068,HUGO BOSS 100ML,,130,,perfume,,,5,,
1069,PENHALIGONES 75ML,,135,,perfume,,,12,,
1070,TRI-Miss Demure 100ML,,135,,perfume,,,4,,
1071,العقيق-مسك فانيلا 100مل,,125,,perfume,,,5,,
1072,العقيق-مسك كاندي 100مل,,125,,perfume,,,6,,
1073,TRI-Hard Man 100ml,,130,,perfume,,,6,,
1074,TRI-Black X 100ml,,145,,perfume,,,6,,
1075,TRI-Live Man 100ml,,145,,perfume,,,6,,
1076,لارا-كاندي,,140,,perfume,,,5,,
1077,Million Gold,,138,,perfume,,,6,,
1078,العقيق-رغبة مخلط 100مل,,120,,perfume,,,3,,
1079,عشق العود - 100مل,,140,,perfume,,,6,,
1080,INVICTUS Paco rabanne 100ml,,135,,perfume,,,8,,
1081,Versace Crystal Noir 90ml,,125,,perfume,,,3,,
1082,Lovely 100ml,,130,,perfume,,,3,,
1083,Victorias Secret,,130,,perfume,,,15,,
1084,Black Opium 90ml,,138,,perfume,,,4,,
1085,فخر العلا 100مل,,150,,perfume,,,5,,
1086,Sauvage 100ml,,130,,perfume,,,0,,
1087,Jean Paul GAULTIER 125ml,,165,,perfume,,,31,,
1088,لطافة-خمرة 100مل,,180,,perfume,,,0,,
1089,Bianco Latte 100ml,,150,,perfume,,,5,,
1090,BVLGARI 100ml,,170,,perfume,,,5,,
1091,Issey Miyake 100ml,,110,,perfume,,,6,,
1092,Gucci Bamboo,,130,,perfume,,,5,,
1093,KAYALI-Vanilla l28 100ml,,130,,perfume,,,6,,
1094,KAYALI-Vanilla oud 100ml,,135,,perfume,,,5,,
1095,KAYALI-Pistachio 100ml,,135,,perfume,,,6,,
1096,KAYALI-Lemon Suger,,135,,perfume,,,6,,
1097,Lattafa Spray,,120,,perfume,,,118,,
1098,Memwa Spray 200ml,,127,,perfume,,,181,,
1099,ارماف فيونكه 200مل,,133,,perfume,,,57,,
1100,EMPER - Spray 200ml,,145,,perfume,,,78,,
1101,New NB 200ml,,120,,perfume,,,154,,
1102,Golf Orchid -Spray,,142,,perfume,,,95,,
1103,طقم اطفال فله 5قطع,,135,,perfume,,,28,,
1104,Givenchy-ange 100ml,,105,,perfume,,,6,,
1105,Givenchy-Linterdit 80ml,,125,,perfume,,,5,,
1106,Dior Addict 100ml,,105,,perfume,,,6,,
1107,Valentino 100ml,,135,,perfume,,,2,,
1109,Victoria Bombshell 100ml,,110,,perfume,,,9,,
1110,Creed 100ml,,130,,perfume,,,11,,
1111,D&G -Light blue 100ml,,105,,perfume,,,6,,
1112,D&G - ليل ساطع 100مل,,105,,perfume,,,5,,
1113,D&G the one 100ml,,105,,perfume,,,2,,
1114,TUXEDO 100ml,,105,,perfume,,,6,,
1115,Victoria Lotion 75ml,,80,,perfume,,,11,,
1116,Very Sexy 100ml,,135,,perfume,,,11,,
1117,طقم سبلاش 2قطعة - Orchida,,210,,perfume,,,6,,
1118,NN Spray 150ml,,85,,perfume,,,50,,
1119,GUCCI - Flora,,135,,perfume,,,11,,
1121,PRADA 100ml,,135,,perfume,,,3,,
1122,Genteman 100ml,,125,,perfume,,,6,,
1123,STRONGER WITH YOU 100ml,,135,,perfume,,,6,,
1124,Tomford-Black orchid 100ml,,130,,perfume,,,6,,
1125,Tom ford-Vanille Fatale 100ml,,130,,perfume,,,5,,
1126,VALENTINO Donna 100ml,,125,,perfume,,,12,,
1127,فكتوريا جوهرة 100مل,,135,,perfume,,,9,,
1128,Silver cape 100ml,,35,,perfume,,,78,,
1129,ليالي الحلمية - Spray,,40,,perfume,,,36,,
1130,Prechious -Spray 100ml,,75,,perfume,,,19,,
1131,Barbie -Splash 120ml,,60,,perfume,,,42,,
1132,Body Splash 125ml,,52,,perfume,,,7,,
1133,LAVERNE 30ml,,69,,perfume,,,55,,
1134,PRADA - 30ml,,70,,perfume,,,56,,
1135,Victoria Splash 88ml,,38,,perfume,,,36,,
1136,مسك الطهارة -العقيق 88مل,,38,,perfume,,,4,,
1137,Fulah 50ml,,70,,perfume,,,72,,
1138,Smart Boy - 50ml,,70,,perfume,,,41,,
1139,The Boody shop 236ml,,69,,perfume,,,150,,
1140,V.V.Love-Splash 250ml,,86.25,,perfume,,,33,,
1141,Fogg spray 120ml,,125,,perfume,,,67,,
1142,XL Spray 150ml,,125,,perfume,,,100,,
1143,خشب العود 2*1 200مل,,750,,perfume,,,5,,
1145,خمرة سبلاش - دبي 200مل,,86,,perfume,,,18,,
1146,Alien 100ml,,115,,perfume,,,6,,
1147,بكرات روج 100مل,,130,,makeup,,,1,,
1148,Pen-Parfum 35ml,,45,,perfume,,,67,,
1149,ELIE SAAB 90ml,,139,,perfume,,,5,,
1150,Dunhill Dezier 100ml,,125,,perfume,,,6,,
1151,Carolina - Good girl 80ml,,145,,perfume,,,6,,
1152,Cartier 100ml,,125,,perfume,,,6,,
1153,Khadlaj-لك وحدك 100مل,,135,,perfume,,,6,,
1154,TF-Costa Azzurra 100ml,,130,,perfume,,,6,,
1155,Narciso rodriguez 90ml,,130,,perfume,,,0,,
1156,XERJOFF 100ml,,140,,perfume,,,18,,
1157,Black Lexces 100ml,,130,,perfume,,,5,,
1158,Si - fiori 100ml,,132,,perfume,,,3,,
1159,Si-Intense 100ml,,132,,perfume,,,4,,
1160,Si-Passione 100ml,,132,,perfume,,,1,,
1161,Rexona-Roll on 20ml,,38,,perfume,,,132,,
1162,Fulah-Summer 15ml,,75,,perfume,,,88,,
1163,Passion ml100,,125,,perfume,,,6,,
1164,Camara Opera 95ml,,650,,perfume,,,2,,
1165,مسك ابراق 3قطع,,450,,perfume,,,9,,
1166,مرسيدس بينز 100مل,,126,,perfume,,,1,,
1167,حمراء 100مل,,550,,perfume,,,2,,
1168,Mancera Paris 100ml,,130,,perfume,,,5,,
1169,GUCCI-OUD 90ml,,130,,perfume,,,4,,
1170,Tranquille 100ml,,125,,perfume,,,6,,
1171,Camara Fashion 100ml,,650,,perfume,,,3,,
1172,COCO Mademoiselle 100ml,,120,,perfume,,,3,,
1173,IDOLE 4*1,,525,,perfume,,,4,,
1174,اظافر شريط كات اي برنت,,25,,perfume,,,41,,
1175,اظافر هارد جيل جليتر,,36,,perfume,,,23,,
1176,Body Splash 250ml,,75,,perfume,,,198,,
1177,Armani Code 110ml,,130,,perfume,,,2,,
1178,Sol De Janeiro 90ml,,56,,perfume,,,94,,
1179,Yaqoot - Show 100ml,,168,,perfume,,,3,,
1180,COCO Mademoiselle - Elzhraa 100ml,,125,,perfume,,,1,,
1181,So Sexy - YAQOOT 100ml,,180,,perfume,,,0,,
1182,IDOLE LANCOME 100ml,,125,,perfume,,,0,,
1183,Versace Eros 100ml,,125,,perfume,,,2,,
1184,yves saint laurent 100ml,,140,,perfume,,,1,,
1185,يارا - ياقوت 100مل,,165,,perfume,,,0,,
1186,خمرة - العلا 100مل,,170,,perfume,,,1,,
1187,Carolina Herrera Good Girl (shoe) 100ml,,175,,perfume,,,13,,
1188,يارا - العلا 100مل,,170,,perfume,,,0,,
1189,Black Xs Alzahraa 100ml,,130,,perfume,,,1,,
1190,Black Lexces Rabnne 100ml,,150,,perfume,,,1,,
1192,Top Perfume 100ml,,145,,perfume,,,9,,
1193,Jodere 100ml,,95,,perfume,,,6,,
1194,Jadore Gold 100ml,,130,,perfume,,,2,,
1195,روعة - الهدى 100مل,,145,,perfume,,,3,,
1196,حياة عمري 100مل,,130,,perfume,,,4,,
1197,Beauty Rose 100ml,,145,,perfume,,,20,,
1199,Scandal 100ml,,135,,perfume,,,12,,
1200,اكلادور Si 18ml,,25,,perfume,,,292,,
1201,Vectoria Perfum 25ml,,20,,perfume,,,122,,
1202,Lancome 4*1,,580,,perfume,,,1,,
1203,Versace Eros 4*1,,565.5,,perfume,,,1,,
1204,Mancera 4*1,,580,,perfume,,,2,,
1205,طقم لطافه 3*1,,550,,perfume,,,1,,
1206,ELHODA 100ml,,140,,perfume,,,5,,
1207,Crazy love 100ml,,80,,perfume,,,10,,
1209,CIGARE 35ml,,170,,perfume,,,2,,
1211,Shelis 100ml,,210,,perfume,,,12,,
1212,Amazing Unlimited 100ml,,250,,perfume,,,6,,
1213,GP-Every man 120ml,,205,,perfume,,,8,,
1214,GP-Dream Love 100ml,,155,,perfume,,,17,,
1215,OUGE-BOSS 100ml,,90,,perfume,,,6,,
1216,Boss-The Scent 100ml,,145,,perfume,,,6,,
1217,خمرة-الزهراء 100مل,,155,,perfume,,,6,,
1218,GP-Sandrella 100ml,,155,,perfume,,,9,,
1219,Perfum-Splash 2*1,,300,,perfume,,,6,,
1220,ATTENTION 100ml,,380,,perfume,,,8,,
1221,DELUXE 2*1,,320,,perfume,,,6,,
1222,Good Girl 2*1,,320,,perfume,,,2,,
1223,Black Jack 100ml,,175,,perfume,,,2,,
1224,Phondom-Dubi 50ml,,90,,perfume,,,5,,
1225,Blue De Chance 100ml,,135,,perfume,,,3,,
1226,69 Perfum -,,250,,perfume,,,9,,
1227,EMPARIAL VALAEY 50ml,,95,,perfume,,,3,,
1228,Invictus Elixir 100ml,,150,,perfume,,,3,,
1229,TREND 100ml,,220,,perfume,,,3,,
1232,Si-Red 100ml,,128,,perfume,,,0,,
1233,Si-Dubai 100ml,,125,,perfume,,,3,,
1234,Alomda 100ml,,90,,perfume,,,2,,
1235,HUGO BOSS 100 ml,,105,,perfume,,,1,,
1236,Sexy212 100ml,,210,,perfume,,,2,,
1237,Sexy 212 Silver 100ml,,195,,perfume,,,2,,
1238,خمرة 100مل,,180,,perfume,,,0,,
1239,أسد - لطافة 100مل,,250,,perfume,,,2,,
1240,OLYMPEA -100ml,,120,,perfume,,,0,,
1241,One Billion 100ml,,150,,perfume,,,2,,
1242,Lacoste 100ml,,120,,perfume,,,5,,
1244,Boss Silver 100ml,,95,,perfume,,,2,,
1245,EXPLOSION 65ml,,120,,perfume,,,4,,
1246,Essential 55ml,,120,,perfume,,,4,,
1247,اكلادور شجلام 12مل,,30,,accessories,,,501,,
1248,ايشادو 25 لون كارلا روز,,190,,makeup,,,10,,
1249,ايشادو 32 لون كارلا روز,,210,,makeup,,,0,,
1250,بلاشر كارلا روز 8لون,,150,,makeup,,,4,,
1251,قصة 100مل,,190,,accessories,,,6,,
1252,عود بوكية 100مل,,190,,accessories,,,6,,
1253,عاشق العود 100مل,,190,,accessories,,,5,,
1254,قناع هاي لايف,,70,,accessories,,,18,,
1255,بيوتي بلندر 12*1 سويت فاكيوم,,110,,accessories,,,11,,
1256,بيوتي بلندر عادي,,8,,accessories,,,59,,
1257,مرطب شفاه سحري,,10,,skincare,,,69,,
1258,كبسولة فيتامين للبشره,,120,,accessories,,,11,,
1259,بيوتي بلندر 6*1,,30,,accessories,,,27,,
1260,كارت برايه 2*1,,20,,accessories,,,70,,
1261,صنفره خشب قدم مستورد,,32,,accessories,,,12,,
1262,مسكره شجلام 2*1,,90,,makeup,,,11,,
1263,صبغة قرمز,,60,,accessories,,,4,,
1264,طقم فرشه 8*1,,86,,accessories,,,10,,
1265,كارت مبرد 3*1,,45,,accessories,,,244,,
1266,بيوتي بلندر برطمان 6*1,,48,,kitchen,,,0,,
1267,فرشة مكياج 4D,,18,,accessories,,,23,,
1268,سفنجة تنظيف,,30,,accessories,,,8,,
1269,فرشة شامبو + خزنه,,38,,haircare,,,8,,
1270,بيوتي بلندر صغيره 6*1,,15,,accessories,,,18,,
1271,منظم مكياج كريستال,,120,,kitchen,,,3,,
1272,طقم فرشه 5*1 كارت,,34,,accessories,,,22,,
1273,قطن ميكب -Lpek,,50,,accessories,,,17,,
1274,فرشة - Beatrizy,,28,,accessories,,,0,,
1275,شفره فلامينجو,,15,,accessories,,,42,,
1276,Vaselin,,25,,accessories,,,9,,
1277,خمرة-مجموعة مسك الطهارة 3*1,,85,,accessories,,,24,,
1278,First-مخمريه للجسم,,75,,accessories,,,57,,
1279,هاي لايف كريم تفتيح,,38,,accessories,,,32,,
1280,مرطب شفاه جو,,15,,skincare,,,139,,
1281,كريم ترطيب Fred,,22.5,,accessories,,,27,,
1282,بلوب واكس وسط,,50,,accessories,,,17,,
1283,صابون مغربي كيلوباترا 500مل,,85,,accessories,,,3,,
1284,ملمع شفاه سحري ضد الماء,,23,,accessories,,,51,,
1285,Evona جل كعب الغزال,,25,,accessories,,,9,,
1287,مقشر النيله الزرقا-Evona,,25,,skincare,,,7,,
1288,جو بودر,,35,,accessories,,,24,,
1289,كريم فينا,,27,,accessories,,,23,,
1290,كريم كولاجين-ايفونا,,25,,skincare,,,13,,
1291,مخمرية - ايفونا,,40,,accessories,,,24,,
1292,هير واكس ملمع,,40,,accessories,,,20,,
1293,كريم قشطة الاميرات,,25,,accessories,,,10,,
1294,هاي لايف سوفت كريم مرطب,,25,,skincare,,,15,,
1295,غسول حليب الامارات 200مل,,95,,skincare,,,7,,
1296,سبلاش جليتر جامبو,,95,,perfume,,,17,,
1297,سبلاش جليتر كبير - امور,,67.6,,perfume,,,16,,
1299,اسيتون بخاخ,,20,,accessories,,,70,,
1300,اسيتون عادي,,15,,accessories,,,67,,
1301,العود الملكي رول اون 50ملي,,125,,accessories,,,72,,
1302,جيل صبار ايفونا 250مل,,30,,accessories,,,26,,
1303,مجموعة مسك الطهارة 3*1,,80,,accessories,,,44,,
1304,خلطة حليب الامارات بالكولاجين,,180,,skincare,,,8,,
1305,ملح استحمام - ايفونا 850جرام,,25,,accessories,,,5,,
1306,بريانكا تفتيح بالمسك الابيض,,80,,accessories,,,24,,
1307,مزيل طلاء اظافر mizx,,15,,accessories,,,65,,
1309,ملمع شفاه - Disaar,,25,,accessories,,,21,,
1310,مزيل عرق ايفونا -رول اون 50مل,,50,,accessories,,,48,,
1312,Coco Wax 3*1,,258,,accessories,,,3,,
1313,RD Hairdressing 3*1,,215,,accessories,,,4,,
1314,Coco Wax 1*1,,215,,accessories,,,6,,
1315,RD Hairdressing 1*1,,145,,accessories,,,6,,
1316,مبيض بشره - زووكا,,29,,accessories,,,22,,
1317,ماء ورد طبيعي-ايفونا 290جرام,,25,,accessories,,,23,,
1318,صفا سويت,,10.5,,accessories,,,47,,
1319,عجينة كوكو 100جرام,,30,,accessories,,,82,,
1320,عرض تفتيح للعروسه-كيلوباترا 2*1,,130,,accessories,,,4,,
1321,المجموعة المغربية 6*1,,170,,accessories,,,3,,
1322,حرير مزيل للشعر طبيعي,,21,,accessories,,,55,,
1323,مرطب شفاه فواكه,,45,,skincare,,,96,,
1324,كعب الهوانم 300مل,,35,,accessories,,,1,,
1325,الحمام المغربي الأصلي 2*1-كيلوباترا,,120,,accessories,,,7,,
1326,مجموعة 4*1 حمام مغربي - كليوباترا,,195,,accessories,,,6,,
1327,كريم جلو لفلي,,35,,accessories,,,32,,
1328,ملمع بانسيه,,34,,accessories,,,35,,
1329,سويت الدلكه سوداني كبير,,55,,accessories,,,21,,
1330,روج خشب برايه شجلام,,20.88,,makeup,,,134,,
1331,روج خشب شجلام عادي,,18,,makeup,,,116,,
1332,روج خشب-Flormar,,20,,makeup,,,109,,
1333,زبدة حليب الامارات 500جرام,,189,,accessories,,,11,,
1335,حمام كريم حليب الامارات,,114,,haircare,,,12,,
1336,كريم تفتيح - جو,,24.5,,accessories,,,45,,
1337,مخمرية بيوتي شام,,15,,accessories,,,100,,
1338,كريم صنفره ستاركي,,32,,accessories,,,42,,
1339,كريم تبيض وتقشير-Loreal,,38.71,,skincare,,,10,,
1340,كريم تبيض وتقشير Dove,,38,,skincare,,,12,,
1341,كريم تبيض وتقشير Fructis,,38,,skincare,,,12,,
1342,فازلين شفاف ايفونا كارت,,15,,accessories,,,83,,
1343,مخمرية الملكه - عود ملكي 40 جرام,,35,,accessories,,,93,,
1344,مخمرية ليالي الشام,,30,,accessories,,,8,,
1345,كريم يوكو حليب,,35,,accessories,,,37,,
1346,مسك طهارة - الريان,,35,,accessories,,,12,,
1347,مسك طهارة ذات,,30,,accessories,,,1,,
1348,خميره بيره بريانكا,,40,,accessories,,,18,,
1349,توكة رأس دبدوب كبير,,210,,accessories,,,7,,
1350,توكة رأس دبدوب وسط,,135,,accessories,,,0,,
1351,توكة رأس طوق,,60,,accessories,,,8,,
1352,توكه مشبك ورده صغيره,,35,,accessories,,,4,,
1353,كارت اكسسوارات اطفال 3*1,,60,,accessories,,,1,,
1354,توكه طوق + استك 2*1,,60,,accessories,,,0,,
1355,توكه مشبك ورد,,60,,accessories,,,20,,
1356,توكه مشبك طويل,,10,,accessories,,,17,,
1357,كارت دبوس مشبك,,20,,accessories,,,11,,
1358,توكه مشبك ورده بلاستيك,,15,,accessories,,,7,,
1359,توكه مشبك  ورده بلاستيك صغيرة,,35,,accessories,,,11,,
1360,توكه مشبك فراشة صغيرة,,15,,accessories,,,21,,
1361,علبة دبوس شفافه,,12.5,,accessories,,,0,,
1362,توكه مشبك دهبي,,18,,accessories,,,11,,
1363,توكه مشبك بلاستيك,,18,,accessories,,,18,,
1364,توكه طوق ورد,,22,,accessories,,,8,,
1365,توكه طوق فيونكه,,18,,accessories,,,1,,
1366,كارت توك مشبك 10*1,,25,,accessories,,,21,,
1367,شنطة توك استك الوان,,20,,bags,,,0,,
1368,توكه طوق فيونكه قماش,,48.75,,accessories,,,12,,
1369,توكه طوق قماش,,44,,accessories,,,30,,
1370,كارت توك 6*1,,40,,accessories,,,2,,
1371,توكه استيك فيونكه,,40,,accessories,,,10,,
1372,توكه مشبك فيونكه ساتان,,22.15,,accessories,,,130,,
1373,توكه مشبك فيونكه خرز,,70,,accessories,,,14,,
1374,كارت اكسسوار اطفال قطعتين,,30,,accessories,,,0,,
1375,كارت اكسسوار + نظارة 5*1,,70,,accessories,,,15,,
1376,توكه طوق 2*1,,70,,accessories,,,29,,
1377,توكه مشبك جرافته,,75,,accessories,,,1,,
1378,توكه مشبك ذهبي,,25,,accessories,,,27,,
1379,كارت توكه,,25,,accessories,,,61,,
1381,توكه طوق فيونكه لوكس,,55,,accessories,,,4,,
1382,توكه مشبك فيونكه دنتلا,,25,,accessories,,,21,,
1383,بندانه,,45,,accessories,,,12,,
1384,فراشه اطفال,,60,,accessories,,,2,,
1385,سلسله  اطفال 2*1,,60,,kitchen,,,6,,
1386,توكه طوق فيونكه سوري,,50,,accessories,,,12,,
1387,توكه +ساعه,,60,,accessories,,,18,,
1388,توكه مشبك لوكس,,60,,accessories,,,5,,
1389,توكه مشبك بلاستيك لوكس,,60,,accessories,,,6,,
1390,كارت توكه لوكس,,30,,accessories,,,11,,
1391,كارت توكه اطفال لوكس,,30,,accessories,,,11,,
1392,كارت توكه لوكس لبوبو,,30,,accessories,,,21,,
1393,توكه مشبك اطفال,,20,,accessories,,,19,,
1394,كلبسه  فينكه,,20,,accessories,,,5,,
1395,كارت توكه فراشه,,20,,accessories,,,9,,
1396,توكه مشبك بلاستيك0,,20,,accessories,,,42,,
1397,توكه طوق بلاستك,,20,,accessories,,,7,,
1398,توكه مشبك اطفال .,,25,,accessories,,,7,,
1399,توكه طوق فيونكه لوكس0,,35,,accessories,,,7,,
1400,توكه طوق كريز لوكس,,35,,accessories,,,8,,
1401,طقم توكه فيونكه دهبي 3*1,,28,,accessories,,,81,,
1402,كيس نايلون توك صغيرة,,27.5,,accessories,,,0,,
1403,توكه فيونكه اطفالي,,27.5,,accessories,,,9,,
1404,توكه طوق لوكس,,30,,accessories,,,55,,
1405,علبة توك استك,,30,,accessories,,,9,,
1406,توكه طوق سوبر لوكس,,70,,accessories,,,11,,
1407,توكه مشبك ورده,,35,,accessories,,,7,,
1408,توكه مشبك فيونكه اسود واحمر,,75,,accessories,,,8,,
1409,كارت توكه فيوكه,,30,,accessories,,,24,,
1410,كارت توكه مشبك 4*1,,29.35,,accessories,,,17,,
1411,توكه مشبك دهبي/فضي,,30,,accessories,,,66,,
1412,توكه استك شعر,,26,,accessories,,,0,,
1413,توكه استك نجمه دهبي,,35,,accessories,,,22,,
1414,توكه استك,,28,,accessories,,,20,,
1415,توكه شوكه فيونكه,,35,,accessories,,,121,,
1416,توكه استك فيونكه,,30,,accessories,,,77,,
1417,بنسه برونز,,35,,accessories,,,20,,
1418,استك شعر العاب 5*1,,27,,accessories,,,19,,
1419,كارت اكسسوار 4*1,,35,,accessories,,,7,,
1420,كارت توك 8*1,,35,,accessories,,,6,,
1421,توكه استك لوكال,,13,,accessories,,,19,,
1422,كارت كلبس 2*1,,30,,accessories,,,7,,
1423,علبة دبوس صغيرة,,7,,accessories,,,0,,
1424,علبة دبوس كبيره الوان,,8,,accessories,,,38,,
1425,علبة دبوس لوكس,,12.5,,accessories,,,31,,
1426,علبة دبوس كبيره,,20,,accessories,,,30,,
1427,علبة دبوس رفيع,,20,,accessories,,,9,,
1428,توكه مشبك الملكه,,30,,accessories,,,67,,
1429,بندانه زيرو لوكس,,30,,accessories,,,193,,
1430,توكه طوق فيروز,,25,,accessories,,,36,,
1431,توكه طوق قماش لوكس,,32.5,,accessories,,,29,,
1432,توكه طوق اطفالي,,25,,accessories,,,37,,
1433,كارت توكه مشبك فراشه 2*1,,25,,accessories,,,157,,
1434,كارت مشبك 2*1 فيونكه,,30,,accessories,,,109,,
1435,كارت توك لوكس 6*1,,30,,accessories,,,8,,
1436,استك شعر العاب,,25,,accessories,,,24,,
1437,توكه استك قماش,,22.5,,accessories,,,13,,
1438,كارت توك 4 قطع,,22.5,,accessories,,,33,,
1439,كارت توك 5قطع,,25,,accessories,,,22,,
1440,توكه استك فيونكه لميع,,22.5,,accessories,,,40,,
1441,توكه مشبك فيونكه طويله,,25,,accessories,,,82,,
1442,توكه مشبك بشريط 3*1,,22.5,,accessories,,,11,,
1443,كارت توك 16 قطعه,,25,,accessories,,,6,,
1444,بندانه فيونكه,,22.5,,accessories,,,114,,
1445,توكه فيونكه ساده الوان,,20,,accessories,,,12,,
1446,كارت توكه 3*1 ساده الوان,,20,,accessories,,,19,,
1447,مشبك فيونكه كريز,,25,,accessories,,,11,,
1448,علبة توك 18ق,,22.5,,accessories,,,12,,
1449,كارت توكه مشبك ورده 2* 1,,25,,accessories,,,20,,
1450,توكه مشبك + استك 4*1,,30,,accessories,,,7,,
1451,كارت بنس 3قطع,,25,,accessories,,,22,,
1452,توكه فراشه خرز,,25,,accessories,,,10,,
1453,توكه مشبك سواريه,,25,,accessories,,,12,,
1454,توكه مشبك فيونكه طويل,,55,,accessories,,,32,,
1455,توكه استك لوكس,,35,,accessories,,,90,,
1456,كارت توكه واحد مشبك,,27.5,,accessories,,,56,,
1457,توكه طوق الوان,,27.5,,accessories,,,50,,
1458,توكه توك خرز,,30,,accessories,,,23,,
1459,توك طوق صغيرة,,27.5,,accessories,,,60,,
1460,كارت توك مشبك 4 قطع,,27.5,,accessories,,,90,,
1461,كارت مشبك 6قطع صغير,,30,,accessories,,,72,,
1462,مشبك فرو 4 قطع,,35,,accessories,,,57,,
1463,مشبك 3قطع فواكه,,27.5,,accessories,,,11,,
1464,بنسه دهبي فراشه,,30,,accessories,,,6,,
1465,بنسه فراشه 2*1,,35,,accessories,,,11,,
1466,كلبس فراشه لامع,,30,,accessories,,,64,,
1467,توكه مشبك ماجيك,,35,,accessories,,,50,,
1468,توكه مشبك ماجيك وسط,,30,,accessories,,,52,,
1469,كارت توكه 2مشبك,,30,,accessories,,,110,,
1470,علبة توك لميع,,27.5,,accessories,,,9,,
1471,علبة توك استك الوان,,35,,accessories,,,23,,
1472,مشبك فيونكه بيوتي,,37.5,,accessories,,,105,,
1473,دستة مشط,,20,,accessories,,,6,,
1475,شنطة مكياج,,7.5,,bags,,,59,,
1476,شنطة مكياج,,5.5,,bags,,,10,,
1477,دستة مشط Co284,,10,,accessories,,,19,,
1478,مشط Co290,,15,,accessories,,,8,,
1479,مشط Co295,,20,,accessories,,,18,,
1480,مشط Co283,,8,,accessories,,,41,,
1481,مشط Co289,,20,,accessories,,,7,,
1482,مشط Co291,,15,,accessories,,,8,,
1483,بكر شعر,,27.5,,accessories,,,20,,
1484,حماله سواريه,,40,,accessories,,,38,,
1485,توكه طوق Sh10,,42.5,,accessories,,,6,,
1486,توكه طوق صغيرة,,25.5,,accessories,,,3,,
1487,طوق SH 519,,15,,accessories,,,243,,
1488,طوق Sh835,,25,,accessories,,,10,,
1489,طقم نظارة Tk66,,30,,accessories,,,34,,
1490,كلبس Tk455,,15,,accessories,,,18,,
1491,بندانه ساده Ny527,,20,,accessories,,,10,,
1492,بندانه هلو كيتي Ny961,,25,,accessories,,,8,,
1493,بندانه اديداس,,27.5,,accessories,,,20,,
1494,توكه طوق ملكي,,30,,accessories,,,12,,
1495,بندانه alo,,22.5,,accessories,,,60,,
1496,بندانه Ny528,,20,,accessories,,,23,,
1497,كارت كلبس 6*1,,15,,accessories,,,24,,
1498,بندانه Nike / adidas,,25,,accessories,,,7,,
1499,بندانه Ny676,,18.5,,accessories,,,19,,
1500,طوق Sh523,,22.5,,accessories,,,12,,
1501,3 توكه الوان,,15,,accessories,,,0,,
1502,كارت 4*1 كلبس/استك,,15,,accessories,,,23,,
1503,كلبس فيونكه منديل مشجر/ساده,,15,,accessories,,,31,,
1504,كلبس فيونكه,,7.5,,accessories,,,32,,
1505,توك كلبس / استك,,17.5,,accessories,,,8,,
1506,كارت توك 9قطع,,18,,accessories,,,31,,
1507,كارت استك/كلبس,,22.5,,accessories,,,7,,
1508,استك Ny205,,17.5,,accessories,,,6,,
1509,كيس فيوتكه تزك استك,,15,,accessories,,,26,,
1510,استك ضفيره/عادي,,17.5,,accessories,,,6,,
1511,استك Ny 812,,15,,accessories,,,4,,
1512,كارت توك دوبل,,22.5,,accessories,,,8,,
1513,كارت توك Do,,20,,accessories,,,12,,
1514,توكه Ny280,,12.5,,accessories,,,8,,
1515,توكه استك Ny580,,15,,accessories,,,8,,
1516,توكه مشبك,,15,,accessories,,,37,,
1517,استك mka,,18,,accessories,,,21,,
1518,توكه mka هاند ميد,,21,,accessories,,,3,,
1519,كارت توك اشكال,,25,,accessories,,,11,,
1520,كارت توك اشكار 5قطع,,12.5,,accessories,,,29,,
1521,توكه mka غرز,,15,,accessories,,,11,,
1522,توكه استك لامع,,30,,accessories,,,2,,
1523,توكه Ny72,,8,,accessories,,,34,,
1524,استك ماركات,,5,,accessories,,,2,,
1525,استك منديل كروهات,,8,,accessories,,,15,,
1526,استك Ny 287,,10,,accessories,,,12,,
1527,علبة توك باربي,,37.5,,accessories,,,72,,
1528,كارت توك مشبك/استك 3*1,,37.5,,accessories,,,12,,
1529,كارت دبوس طرحة 6*1,,37.5,,hijab,,,7,,
1530,توكه مشبك سنيور,,37.5,,accessories,,,26,,
1531,توكه استك فراشه مطرز,,37.5,,accessories,,,23,,
1532,توكه استك.,,12.5,,accessories,,,10,,
1533,توكه استك مكه,,9,,accessories,,,10,,
1534,توكه استيك اورجانزا,,5,,accessories,,,6,,
1535,توكه استيك Ny303,,7.5,,accessories,,,11,,
1536,استك Ny203,,15,,accessories,,,6,,
1537,توكه مشبك كريز,,37.5,,accessories,,,26,,
1538,باندانه alo,,37.5,,accessories,,,16,,
1539,بوكس توك baby size,,50,,accessories,,,6,,
1540,شنطة توك مشكل,,50,,bags,,,9,,
1541,توك شعر مشبك صغيرة,,35,,accessories,,,24,,
1542,توكه طوق لوكس1,,50,,accessories,,,89,,
1543,دبوس مشبك خرز,,50,,accessories,,,21,,
1544,مشبكين فيونكه فرشه,,50,,accessories,,,6,,
1545,كارت 2*1 فيونكه قماش,,50,,accessories,,,22,,
1546,كارت 2 توكه لوكس,,50,,accessories,,,52,,
1547,توكه فيونكه قماش لامع,,50,,accessories,,,8,,
1548,توكه فيونكه ب ورده,,45,,accessories,,,7,,
1549,مشبك كلاسيك 2*1,,50,,accessories,,,8,,
1550,برطمان توك 2*1,,50,,kitchen,,,1,,
1551,توكه مشبك 3*1 الزهراء,,50,,accessories,,,7,,
1552,كارت توك 4قطع ورد,,35,,accessories,,,2,,
1553,علبة توك استك لوك,,25,,accessories,,,63,,
1554,كارت توك مشكل,,25,,accessories,,,300,,
1555,توكه طوق كيتي,,25,,accessories,,,22,,
1556,توكه استك لوكس .,,25,,accessories,,,26,,
1557,كارت توك 4*1,,25,,accessories,,,85,,
1558,توكه مشبك طويل.,,25,,accessories,,,29,,
1559,توكه مشبك 3*1,,25,,accessories,,,21,,
1560,كارت توك مشيك نجمه,,30,,accessories,,,7,,
1561,كارت توك مشبك/4*1,,25,,accessories,,,13,,
1562,كارت توك مشبك  11*1,,30,,accessories,,,44,,
1565,كارت توك فيونكه ستان,,25,,accessories,,,100,,
1566,كرت توك فيونكه  لوكس,,25,,accessories,,,84,,
1567,توكه الوان بندانا فيونكه,,50,,accessories,,,96,,
1568,كارت توك لوكس 6*0.1,,50,,accessories,,,0,,
1569,كارت توك لوكس  فيونكه.,,50,,accessories,,,23,,
1570,كارت توك خرز  فيونكه,,50,,accessories,,,7,,
1571,توكه طوق لوكس خرؤج,,50,,accessories,,,29,,
1572,توكه استك فرو,,24,,accessories,,,86,,
1573,مشبك فرو /فيونكه,,22.5,,accessories,,,45,,
1574,كارت توك مشكل 6*1,,50,,accessories,,,82,,
1575,كارت مشبك 3*1 ورده كلاسيك,,45,,accessories,,,5,,
1576,مشبك دهبي,,52.5,,accessories,,,31,,
1577,توكه طوق فيونكه Change,,24,,accessories,,,23,,
1578,توكه مشبك كريستال,,24,,accessories,,,12,,
1579,كارت فراشه 3*1 شفاف,,24,,accessories,,,9,,
1580,علبة توك مشكل لوكس,,50,,accessories,,,24,,
1581,بونيه ساتان,,50,,hijab,,,0,,
1582,توكه مشبك فاخر,,50,,accessories,,,8,,
1583,توكه 1مشبك فاخر,,50,,accessories,,,99,,
1584,توكه طوق فاخر,,50,,accessories,,,10,,
1585,مشبكين ورد خرز,,50,,accessories,,,19,,
1586,لزق صاروخ,,9,,accessories,,,1398,,
1587,لزق سوبر صاروخ,,11,,accessories,,,630,,
1588,قطن مكياج 80قطعه,,40,,accessories,,,5,,
1589,علبة اظافر 100قطعه,,30,,accessories,,,79,,
1590,ليفه الوان,,35,,accessories,,,18,,
1591,طقم فرش 8*1 + سفنجه,,35,,accessories,,,9,,
1592,اظافر K1 Sheglam,,25,,accessories,,,2,,
1593,سفنجة بودره مائية,,10,,accessories,,,35,,
1594,ايلاينر ووتر بروف,,12.5,,makeup,,,57,,
1595,حبر تاتو اسود 10ملي,,15,,accessories,,,44,,
1596,اكلادور يارا 15مل,,20,,accessories,,,185,,
1597,اظافر اطفال 20/5,,12.5,,accessories,,,222,,
1598,اظافر K124,,20,,accessories,,,200,,
1599,اظافر K133,,35,,accessories,,,118,,
1600,اظافر K103,,25,,accessories,,,151,,
1601,بيوتي بلندر كونتر 369,,7.5,,accessories,,,32,,
1602,اظافر K145,,30,,accessories,,,68,,
1603,اظافر K104,,37.5,,accessories,,,16,,
1604,مخمريه Rose Lady,,45,,accessories,,,18,,
1605,لانيل - لاصق رموش 30مل,,32.5,,accessories,,,18,,
1606,كارت شفرات 3قطع,,45,,accessories,,,14,,
1607,فرشة بلاشر احترافية,,37.5,,makeup,,,18,,
1608,فرشه كابوكي 10قطع,,65,,accessories,,,6,,
1609,علبة شفرات 3قطع,,75,,accessories,,,12,,
1610,اظافر 288,,60,,accessories,,,36,,
1611,اظافر Deluxe/Sheglam,,35,,accessories,,,43,,
1612,رموش ثلاثي,,45,,accessories,,,37,,
1613,اكسسوار دهبي,,12.5,,accessories,,,67,,
1614,رموش كتاب,,145,,accessories,,,0,,
1615,اظافر 24قطعه,,25,,accessories,,,30,,
1616,اكسسوار شعر ذهبي,,7.5,,accessories,,,118,,
1617,اظافر شجلام,,42.5,,accessories,,,19,,
1618,شريط اظافر دهبي,,40,,accessories,,,56,,
1619,اظافر اطفال,,12.5,,accessories,,,66,,
1620,شفرات 3*1,,35,,accessories,,,0,,
1621,اظافر شفافه,,20,,accessories,,,44,,
1622,كارت رموش مع ايلاينر,,135,,makeup,,,14,,
1623,كارت شفرات 3ق,,40,,accessories,,,12,,
1624,رموش فردي ماركات,,25,,accessories,,,113,,
1625,علبة رموش 30,,25,,accessories,,,11,,
1626,تاتو سحري ضد المياه,,20,,accessories,,,3,,
1627,تاتو,,25,,accessories,,,117,,
1628,علبة رموش 7*1,,80,,accessories,,,29,,
1629,تاتو GZS,,15,,accessories,,,3,,
1630,علبة رموش 1*1,,90,,accessories,,,0,,
1631,اظافر ليزر شجلام,,40,,accessories,,,2,,
1632,اظافر فاكيوم,,20,,accessories,,,96,,
1633,اظافر كاب اي,,32.5,,accessories,,,195,,
1634,اظافر كاب اي لامع,,30,,accessories,,,22,,
1635,اظافر  مط,,22.5,,accessories,,,23,,
1636,اظافر كاب اي ماركات,,29.42,,accessories,,,105,,
1637,علبة رموش دائرية,,55,,accessories,,,24,,
1638,علبة رموش قطة,,110,,accessories,,,48,,
1639,علبة رموش تفاحة,,98,,accessories,,,60,,
1640,طقم فرش دمج,,20,,accessories,,,0,,
1641,اظافر لوكس,,15,,accessories,,,54,,
1642,فرشة دمج,,15,,accessories,,,72,,
1643,اظافر اطفال Summy day,,20,,accessories,,,100,,
1644,مسكره ام ان لاش دوبلينج,,95,,makeup,,,45,,
1645,اظافر فيونكه,,40,,accessories,,,66,,
1646,دبوس علبه sb,,25,,accessories,,,9,,
1647,كارت توك مشبك اطفال 10*1,,10,,accessories,,,25,,
1648,دبوس6عالكارت ش,,20,,accessories,,,2,,
1649,توكه مشبك اشكال لوكس,,25,,accessories,,,118,,
1650,توكه ع الكرت,,20,,accessories,,,34,,
1651,غويشه اطفال الوان,,35,,accessories,,,21,,
1652,توكه مشبك 111,,25,,accessories,,,19,,
1653,توكه فوينكه لوكس خرؤج,,35,,accessories,,,29,,
1654,توكه اطفال حديث الولاده,,80,,accessories,,,17,,
1655,بندانا فوينكه اطفال,,25,,accessories,,,28,,
1656,توكه جبير,,30,,accessories,,,12,,
1657,بندانا فوينكه اطفال ستان,,25,,accessories,,,29,,
1658,توكه فيونكه مشبك1,,40,,accessories,,,10,,
1659,توكه مشبك 35,,20,,accessories,,,18,,
1660,توكه مشبك ....,,25,,accessories,,,36,,
1661,كارت توك8*1,,17,,accessories,,,4,,
1662,توكه فيونكه 111,,25,,accessories,,,8,,
1663,توكه طوق1,,15,,accessories,,,28,,
1664,توكه طوق لوكس خرؤج111,,25,,accessories,,,8,,
1665,توكه طوق فاخر3*1,,45,,accessories,,,20,,
1666,توكه طوق فاخر3*1 .,,40,,accessories,,,54,,
1667,بندانا,,10,,accessories,,,86,,
1668,توكه استك 00,,10,,accessories,,,1,,
1669,شنطة مكياج بلاستك,,15,,bags,,,4,,
1670,شنطة توكه شفاف,,15,,bags,,,0,,
1671,توكه كرت  نجمه 3*1,,20,,accessories,,,14,,
1672,توك كرت نجمه ش 3*1,,15,,accessories,,,9,,
1673,توكه كرت 11*1,,25,,accessories,,,23,,
1674,كارت توك مشبك 6*1,,20,,accessories,,,8,,
1675,دبوس ع الكرت 3*1,,25,,accessories,,,11,,
1676,توكه مشبك 2111,,20,,accessories,,,11,,
1677,توكه مشبك فرو,,25,,accessories,,,4,,
1678,توكه استكفوينكه .,,18,,accessories,,,11,,
1679,كلبس طويل,,16,,accessories,,,2,,
1680,اظافر كات اي ارمور,,30,,accessories,,,67,,
1681,اظافر كاب ايا,,35,,accessories,,,66,,
1682,اظافر كاب اي  ل,,35,,accessories,,,63,,
1683,اظافر كاب اي  2*1,,30,,accessories,,,53,,
1684,اظافر كاب اي2,,20,,accessories,,,69,,
1685,اظافريلا dashis,,25,,accessories,,,25,,
1686,اظافر كات  اي تايجر,,30,,accessories,,,64,,
1687,اظافر امبريه  علبه بينك,,20,,accessories,,,110,,
1688,اظافر كات اي بريس,,25,,accessories,,,65,,
1689,اظافر جليتر 24,,20,,accessories,,,46,,
1690,اظافر فراشه 3شيب,,18.46,,accessories,,,0,,
1691,ستمبا تاتو,,12.5,,accessories,,,91,,
1692,اظافر فرنش كهربا,,35,,accessories,,,26,,
1693,اظافر فرنش كهربا.,,35,,accessories,,,36,,
1694,موس  3*1 Kaliel,,40,,accessories,,,9,,
1695,لزق رموش هدى بيوتي,,7.5,,accessories,,,65,,
1696,رموش طرفية رمادي,,20,,accessories,,,0,,
1697,اظافر يلا بيوتي,,20,,accessories,,,36,,
1698,اظافر فرنش امبريه ابيض,,20,,accessories,,,5,,
1699,اظافر فرنش الوان,,25,,accessories,,,29,,
1700,اظافر يلا اطفالي,,10,,accessories,,,35,,
1701,اظافر كات اي فراشة,,25,,accessories,,,38,,
1702,تاتو ماجيك,,15,,accessories,,,70,,
1703,تاتو كينج هورس,,17.5,,accessories,,,31,,
1704,ستمبا تاتو Patty,,10,,accessories,,,131,,
1705,تاتو سحري لوكس,,25,,accessories,,,152,,
1706,تاتو سحري ك,,45,,accessories,,,4,,
1707,ستمبا تاتو 10*1,,20,,accessories,,,116,,
1708,لزق اظافر دبل فيس,,5,,accessories,,,60,,
1709,حماله برا تايجر + ورد,,12.5,,accessories,,,32,,
1710,شنطة مكياج بينكي باج,,35,,bags,,,6,,
1711,حمالة برا علبة فاكيوم,,12.5,,accessories,,,23,,
1712,بونيه EVA,,15,,hijab,,,0,,
1713,حبر تاتو الوان,,15,,accessories,,,26,,
1714,شفرة انف 3*1,,10,,accessories,,,22,,
1715,كيس سفنجه 3*1,,12.5,,accessories,,,13,,
1716,شنطة مكياج شبكه Yalla,,15,,bags,,,20,,
1717,طقم فرشة مسكرة + ملقاط,,12.5,,makeup,,,36,,
1718,موس كوري 2*1 T TRINA,,30,,accessories,,,0,,
1719,موس 3*1 Bessalin,,37.5,,accessories,,,27,,
1720,حبر تاتو اسود,,15,,accessories,,,23,,
1721,تاتو فاشون هورس,,12.5,,accessories,,,40,,
1722,مقص Yalla,,11.67,,accessories,,,70,,
1723,مبرد ليزر Yalla,,25,,accessories,,,7,,
1724,قصافه - Yalla,,20,,accessories,,,31,,
1725,جفت رموش الوان,,12.5,,accessories,,,15,,
1726,شنطة مكياج شبك,,15,,bags,,,1,,
1727,ملقاط بصمة,,15,,accessories,,,64,,
1728,طقم باديكير 3*1,,20,,accessories,,,24,,
1729,شنطة مكياج مخطط - Yalla,,15,,bags,,,8,,
1730,ميداليه ديزني متحرك,,20,,accessories,,,14,,
1731,بونيه مشمع - Yalla,,12.5,,hijab,,,2,,
1732,بونيه عروسة - Yalla,,15,,hijab,,,0,,
1733,شريط اظافر اطفالي,,12.5,,accessories,,,109,,
1734,قصافة اطفالي,,12.5,,accessories,,,33,,
1735,حمالة برا كشمير  - Yalla,,10,,accessories,,,28,,
1736,فرشة شعر مفرغة - Yalla,,25,,accessories,,,4,,
1737,فرشة شعر اطفالي,,15,,accessories,,,26,,
1738,فرشة شعر اطفالي ماجيك,,17.5,,accessories,,,0,,
1739,جوانتي سوب اند جلوري,,40,,accessories,,,24,,
1740,ملقاط + مقص,,15,,accessories,,,34,,
1741,سفنجة ماسك - Yalla,,10,,accessories,,,20,,
1742,حمالة برا حلية معدن,,20,,accessories,,,11,,
1743,حمالة برا فصوص الوان,,20,,accessories,,,22,,
1744,بيوتي بلندر+2ميني+كونسيلر+سفنجة+مسكرة,,22.5,,makeup,,,5,,
1745,اظافر koko4,,35,,accessories,,,58,,
1746,بونيه ستان +توكه لوكس,,55,,hijab,,,13,,
1747,تاتو temporary,,15,,accessories,,,674,,
1749,تاتو كارت صغير.,,5,,accessories,,,155,,
1750,تاتو كارت صغير4,,5,,accessories,,,101,,
1751,دبوس كارت 12ق,,60,,accessories,,,4,,
1752,بونيه خلية نحل,,55,,hijab,,,5,,
1753,ميداليه حزام,,15,,accessories,,,501,,
1754,ميداليه بريميوم اشكال,,25,,accessories,,,198,,
1755,توكه علبه اطفال,,25,,accessories,,,22,,
1756,مداليه +بوك فاخر,,50,,accessories,,,37,,
1757,مداليه فرو فاخر,,50,,accessories,,,12,,
1758,ماداليه لابوجو,,60,,accessories,,,3,,
1759,مداليه فاخر,,45,,accessories,,,12,,
1760,ميدليه بوك صغير,,35,,accessories,,,15,,
1761,مداليه سيليكون لوكس,,50,,accessories,,,19,,
1762,مداليه سبور,,110,,accessories,,,8,,
1763,عقد اطفال خرز لوكس,,35,,accessories,,,3,,
1764,سلسله خرز اطفال,,25,,kitchen,,,30,,
1765,سلسله خرز فاخر,,50,,kitchen,,,1,,
1766,اظافر اطفال 12ق,,12.5,,accessories,,,127,,
1767,اظافر ايه واي ستايل فيلفيت,,60,,accessories,,,8,,
1768,اظافر 24ق Lavish,,37.5,,accessories,,,10,,
1769,اظافر الوان - Lala,,12,,accessories,,,12,,
1770,اظافر 24ق - Tati,,60,,accessories,,,27,,
1771,اظافر Lavish gel,,25.5,,accessories,,,21,,
1772,اظافر لوكس 12ق,,30,,accessories,,,11,,
1773,اظافر 12ق - Fairy,,60,,accessories,,,11,,
1774,اظافر لوكس HD,,28.5,,accessories,,,12,,
1775,ليفة استحمام فواكه لوكس,,25,,accessories,,,1,,
1776,طبق صيغة 3*1,,24,,accessories,,,6,,
1777,مجموعة مشط شعر لوكس 1*4,,35,,accessories,,,10,,
1778,بونيه شعر منقط,,15,,hijab,,,8,,
1779,مشط+مبرد,,15,,accessories,,,10,,
1780,بونيه شاور لوكس,,15,,hijab,,,2,,
1781,مجموعة مشط 6*1,,25,,accessories,,,11,,
1782,مبرد قدم 2*1بفرشه,,25,,accessories,,,10,,
1783,لزق رموش لانيل 30مل,,35,,accessories,,,55,,
1784,لزق رموش لانيل اوريجنال,,190,,accessories,,,20,,
1785,ديرما رولر مقاسات,,30,,accessories,,,0,,
1786,سويس شعر مقاسات,,60,,accessories,,,0,,
1787,محلول عدسات رنيو 60مل,,25,,accessories,,,97,,
1788,رموش Lanell,,35,,accessories,,,4,,
1789,مناديل شمع فتيف ستار,,35,,accessories,,,94,,
1790,فرشة شعر خشب,,75,,accessories,,,10,,
1791,فرشة شعر بيد اشكال فاكيوم,,65,,accessories,,,15,,
1792,فرشة شعر تركي فاكيوم,,57.5,,accessories,,,23,,
1793,طقم فرشة + فوطه ميكروفايبر - Amina,,110,,accessories,,,18,,
1794,فرشة شعر فيونكه,,45,,accessories,,,22,,
1795,فرشة شعر اطفالي العاب,,33.75,,accessories,,,19,,
1796,فرشة اطفال لوكس,,85,,accessories,,,10,,
1797,براية ميتالك - جميلة,,17.5,,accessories,,,6,,
1798,قصافه دبل لوكس,,25,,accessories,,,10,,
1799,فرشة بلاشر 2*1 لوكس,,80,,makeup,,,9,,
1800,شنطة سفنج بودر 2ق,,30,,bags,,,5,,
1801,لاصق اظافر متعدد الاستخدام Fevlcol,,7.5,,accessories,,,23,,
1802,مقص على كارت,,60,,accessories,,,10,,
1803,فرشة بلاشر قاعدة برونز,,60,,makeup,,,9,,
1804,فرشة خد لوكس - Amina,,60,,accessories,,,18,,
1805,موس باديكير,,18.95,,accessories,,,19,,
1806,فرشة بلاشر لوكس,,75,,makeup,,,20,,
1807,فرشة بلاشر مقاسات,,55,,makeup,,,35,,
1808,فرشة خد طويلة ماك,,35,,accessories,,,12,,
1809,فرشة لوكس 27,,57.5,,accessories,,,2,,
1810,فرشة خد لوكس,,60,,accessories,,,24,,
1811,طقم فرش بيد 12*1 الوان,,72,,accessories,,,10,,
1812,طقم فرش 12*1 بيد برونز,,92.5,,accessories,,,9,,
1813,فرشة ماسك,,25,,accessories,,,7,,
1814,قلم اماندا Bold kajal,,140,,accessories,,,7,,
1815,حجر خفاف - Dannyco,,20,,accessories,,,23,,
1816,حجر قدم خفاف لوكس,,25,,accessories,,,11,,
1817,فرشة استحمام بخزان,,55,,accessories,,,1,,
1818,مبرد اظافر,,8,,accessories,,,24,,
1819,مجموعة مشط اطفال 2*1,,12.5,,accessories,,,12,,
1820,شمع رول الوان - Coco,,50,,accessories,,,25,,
1821,لزق اظافر جيلاتين,,8.5,,accessories,,,78,,
1822,كارت موس حواجب Tinkal 3*1,,10,,accessories,,,111,,
1823,طقم فرش 8*1,,45,,accessories,,,10,,
1824,بونيه ستان + توكه,,55,,hijab,,,20,,
1825,عدسات سيلفر Attitude Desio,,195,,accessories,,,0,,
1826,عدسات جولد Attiitedus Desio,,210,,accessories,,,1,,
1827,بوكس عدسات 5جوز Desio,,170,,accessories,,,19,,
1828,فرشة شعر ضفيره,,45,,accessories,,,3,,
1829,فرشة شعر Qian Wel,,67.5,,accessories,,,19,,
1830,مجموعة مشط شعر لوكس,,42.5,,accessories,,,8,,
1831,مبشرة قدم 2*1,,15,,kitchen,,,11,,
1832,مبرد قدم معكوف لوكس,,35,,accessories,,,8,,
1833,مبرد اظافر Ma10,,9,,accessories,,,16,,
1834,ملقاط فضي كنزي,,25,,accessories,,,6,,
1835,حمالة برا شفافهر,,20,,accessories,,,11,,
1836,استراس,,23,,accessories,,,33,,
1837,مبرد اظافر خشب,,15,,accessories,,,5,,
1838,كارت مبرد + اصافه لوكس,,27.5,,accessories,,,12,,
1839,2ق رموش + بالت وان باي وان,,47.5,,accessories,,,12,,
1840,رموش MILA 3D,,35,,accessories,,,9,,
1841,طقم فواصل اظافر,,22.5,,accessories,,,9,,
1842,بندانة شعر فرو - Amina,,30,,accessories,,,11,,
1843,طقم كلينج باد + بلندر amina,,95,,accessories,,,10,,
1844,رموش  5D  MU.HAN,,25,,accessories,,,11,,
1845,برايه شفاف - جميلة,,12.5,,accessories,,,3,,
1846,بدارة,,10,,accessories,,,7,,
1847,رموش ثلاثية,,30,,accessories,,,8,,
1848,طقم عناية با البشرة amina,,60,,accessories,,,11,,
1849,طقم بادي كير 4*1,,20,,accessories,,,7,,
1850,مبشرة قدم ليزر 2*1 بلاستيك,,17.5,,kitchen,,,8,,
1851,مجموعة مشط 8*1,,30,,accessories,,,2,,
1852,حجر قدم خفاف Mleisza,,15,,accessories,,,12,,
1853,ديرما رول مساج,,20,,accessories,,,6,,
1854,فرشة صبغة فردي,,7.5,,accessories,,,17,,
1855,فرشة شعر بيبي هير لوكس,,35,,accessories,,,0,,
1856,مبرد ساندوتش ميرنا,,12.5,,accessories,,,4,,
1857,طقم باديكير 9*1 علي كارت,,50,,accessories,,,11,,
1858,مشط kenzy,,15,,accessories,,,18,,
1859,طقم عناية 5*1,,75,,accessories,,,10,,
1860,قصافة و مابرد + قصافة علي كارت,,22.5,,accessories,,,12,,
1861,مجموعة طباعة حواجب,,27.5,,accessories,,,11,,
1862,فرش استشوار لوكس,,27.5,,accessories,,,11,,
1863,اظافر لوكس علبة باغ,,32.5,,accessories,,,9,,
1864,حجر بولندي موف,,60,,accessories,,,20,,
1865,مرايا استاند,,37.5,,accessories,,,8,,
1866,بكر شعر بكلبس,,37.5,,accessories,,,10,,
1867,رموش باليت 6 قطع,,85,,accessories,,,11,,
1868,طقم بخاخة,,100,,accessories,,,3,,
1869,مبرد خشب ميرنا,,22.5,,accessories,,,20,,
1870,مشط شعر لوكس,,10,,accessories,,,22,,
1871,رموش MILA NEW,,30,,accessories,,,11,,
1872,مبرد قدم بلاستيك شكل قدم,,20,,accessories,,,11,,
1873,تناية رموش لوكس اشكال,,45,,accessories,,,0,,
1874,ابرة بثور,,5,,accessories,,,125,,
1875,طقم باديكير الوان فاكيوم,,85,,accessories,,,1,,
1876,فرش مكياج شمعة بونجور,,27.5,,accessories,,,9,,
1877,بنز جلد لوكس جميلة,,40,,accessories,,,8,,
1878,طقم عناية بالأظافر,,22.5,,accessories,,,11,,
1879,ملقاط ستانلس دكتور جيمي,,32.5,,accessories,,,9,,
1880,كيس فرش ايشادو كينزي,,20,,makeup,,,9,,
1881,مبرد اظافر 2 ق في كيس,,15,,accessories,,,0,,
1882,حمالة برا 233+234+235+236,,12.5,,accessories,,,21,,
1883,دلكه سوداني صغير,,35,,accessories,,,27,,
1884,سبلاش صغير Amor,,20,,perfume,,,10,,
1885,سبلاش جليتر صغير Amor,,25,,perfume,,,1,,
1886,سبلاش جليتر وسط Amor,,40,,perfume,,,17,,
1887,سبلاش عادس وسط Amor,,30,,perfume,,,24,,
1888,بودي لوشن صغير Amor,,55,,accessories,,,16,,
1889,بودي لوشن كبير Amor,,85,,accessories,,,23,,
1890,بكر شعر Yizhilian,,32.5,,accessories,,,4,,
1891,مبرد اظافر F&L,,12.5,,accessories,,,16,,
1892,مبرد قدم مستطيل,,25,,accessories,,,9,,
1893,مجموعة فرشة لوكس,,50,,accessories,,,0,,
1894,علبة خاتم 5*1,,80,,accessories,,,117,,
1895,كرتيره مسمار,,60,,accessories,,,49,,
1896,اسوره استانلس,,90,,accessories,,,75,,
1897,مجموعة حلقان 6قطع,,50,,accessories,,,106,,
1898,طقم استانلس 2*1,,35,,accessories,,,117,,
1899,سلسلة ظهر حيه 6مل,,55,,accessories,,,10,,
1900,خلخال ظهر حيه,,35,,accessories,,,10,,
1901,انسيال ظهر حيه,,25,,accessories,,,4,,
1902,انسيال ظهر حيهى,,25,,accessories,,,10,,
1903,ستانلس,,60,,accessories,,,12,,
1904,استانلس 360,,50,,accessories,,,67,,
1905,استانلس S300,,40,,accessories,,,20,,
1906,استانلس Nk151,,25,,accessories,,,23,,
1907,استانلس Br240,,35,,accessories,,,64,,
1908,خاتم استانلس W3-3,,25,,accessories,,,17,,
1909,خاتم استانلس RG22,,35,,accessories,,,24,,
1910,خاتم TB240,,35,,accessories,,,117,,
1911,حلق لوان,,15,,accessories,,,918,,
1912,كارت خاتم SB Lux,,40,,accessories,,,89,,
1913,حلق كارت استانلس,,40,,accessories,,,264,,
1914,اساور 3*1,,125,,accessories,,,80,,
1915,كارت حلق استانلس,,20,,accessories,,,38,,
1916,خاتم استانلس TB432,,30,,accessories,,,21,,
1917,خاتم استانلس 4M,,60,,accessories,,,24,,
1918,خاتم نجوم,,25,,accessories,,,15,,
1919,اسوره ستانلس أصلي,,85,,accessories,,,142,,
1920,سلسله استانلس - INSTA,,30,,kitchen,,,117,,
1921,حلق استانلس,,30,,accessories,,,63,,
1922,حلق استانلس اشكال,,20,,accessories,,,116,,
1923,حلق استانلس INSTA,,35,,accessories,,,7,,
1924,حلق استانلس ACERO,,20,,accessories,,,77,,
1925,اسوره استانلس .,,95,,accessories,,,9,,
1926,مجموعة اطفال حلق + خاتم + سلسلة,,35,,accessories,,,0,,
1927,توكه ورده لوكس,,50,,accessories,,,5,,
1928,ميداليه كريز لوكس,,85,,accessories,,,8,,
1929,ميداليه كريز,,55,,accessories,,,23,,
1930,فرشة  بمراية,,60,,accessories,,,18,,
1931,فرشة اطفال نجوم,,60,,accessories,,,22,,
1932,فرشة الملكة,,95,,accessories,,,7,,
1933,فرشة اطفال,,35,,accessories,,,23,,
1934,مبرد اظافر + فرشه,,15,,accessories,,,12,,
1935,حنه MX,,10,,accessories,,,214,,
1936,ايشادو احترافي 35 لون,,275,,makeup,,,6,,
1937,فرشة شعر باربي,,45,,accessories,,,11,,
1938,ساعة Quatrz Lux,,120,,accessories,,,65,,
1939,ساعة لوكس,,140,,accessories,,,68,,
1940,ساعة Ermido,,125,,accessories,,,36,,
1941,ساعة XIGE,,110,,accessories,,,145,,
1942,ساعة Bubble Time,,115,,accessories,,,66,,
1943,Bubble Time Lux watch,,130,,accessories,,,10,,
1944,حلق كارت استانللس,,55,,accessories,,,293,,
1945,حلق استانلس لوكس,,70,,accessories,,,546,,
1946,Golden YFAN Watch,,175,,accessories,,,8,,
1947,Carbon watch,,120,,accessories,,,14,,
1948,باندوره جلد بناتي,,110,,accessories,,,14,,
1949,Rollex - Women watch,,270,,accessories,,,14,,
1950,ساعة جلد بناتي,,115,,accessories,,,58,,
1951,Golden Watch Org,,280,,accessories,,,11,,
1952,بانادورا رابر بناتي,,100,,accessories,,,38,,
1953,Shein watch,,110,,accessories,,,11,,
1954,Cartier Watch,,220,,accessories,,,27,,
1955,Rollex High Copy,,550,,accessories,,,1,,
1956,Cartier Watch high copy,,485,,accessories,,,2,,
1957,Casio,,550,,accessories,,,2,,
1958,جلد بناتي بندورة,,95,,accessories,,,46,,
1959,انسيال حريمي Bosimat,,280,,accessories,,,8,,
1960,انسيال حريمي Michaelkors,,220,,accessories,,,25,,
1961,سلسله استانلس لوكس,,120,,kitchen,,,869,,
1962,سلسله استانلس ماجيك,,90,,kitchen,,,323,,
1963,سلسله استانلس,,70,,kitchen,,,146,,
1964,حزام برونز GG,,130,,accessories,,,36,,
1965,CC حزام برونز,,120,,accessories,,,24,,
1966,حزام برونز لوكس,,105,,accessories,,,109,,
1967,حزام بناتي,,85,,accessories,,,102,,
1968,Org سلسله استانلس,,110,,kitchen,,,104,,
1969,سلسلة ستانلس اشكال,,75,,accessories,,,72,,
1970,انسيال استانلس لوكس,,80,,accessories,,,14,,
1971,انسيال استانلس فاكتوري,,55,,accessories,,,12,,
1972,انسيال استانلس لوكس اشكال,,80,,accessories,,,28,,
1973,سلسله استانلس,,65,,kitchen,,,49,,
1974,سلسله استانلس Org,,85,,kitchen,,,179,,
1975,انسيال استانلس Org,,70,,accessories,,,54,,
1976,كارت خاتم 5*1,,40,,accessories,,,27,,
1977,كارت خاتم 3*1 استانلس,,35,,accessories,,,43,,
1978,كارت خاتم Queen 8*1,,60,,accessories,,,39,,
1979,كارت خاتم ومحبس استانلس,,50,,accessories,,,110,,
1980,نظارة بناتي,,60,,accessories,,,181,,
1981,نظارة بناتي لوكس,,75,,accessories,,,28,,
1982,نظارات لوكس,,70,,accessories,,,135,,
1983,نظارة عضم بناتي,,120,,accessories,,,25,,
1984,نظارة شقاوة حريمي وسط,,150,,accessories,,,9,,
1985,نظارة فريمليس,,175,,accessories,,,28,,
1986,نظارة عضم حريمي لوكس,,235,,accessories,,,44,,
1987,نظارة حريمي مركات كوبي,,245,,accessories,,,4,,
1988,نظارة جراند لوكس,,285,,accessories,,,3,,
1989,طرحة جل ببندانه-المدينة,,150,,hijab,,,53,,
1990,بونيه سوري مفتوح-كيان,,30,,hijab,,,83,,
1991,طرحة جل - Applescarf,,100,,hijab,,,34,,
1992,AppleScarf,,130,,hijab,,,34,,
1993,بندانه بدون خياطه-Levoile,,35,,accessories,,,2,,
1994,طرحه شيفون ساده,,90,,hijab,,,154,,
1995,طرحه ديجيتال لازورد,,110,,hijab,,,152,,
1996,بدي حريمي - ميجا,,150,,accessories,,,9,,
1997,بنطلون حريمي - ميجا,,150,,accessories,,,8,,
1998,طرحة هاند ميد فلورا,,150,,hijab,,,6,,
1999,طرحه كتان مطرز ايراني,,150,,hijab,,,76,,
2000,طرحه ايراني سلسله,,160,,hijab,,,3,,
2002,طرحة سفنجه-,,135,,hijab,,,73,,
2003,طرحة اورجانزا,,125,,hijab,,,17,,
2005,طرحه كوبي ايما ابل,,120,,hijab,,,146,,
2006,تلبيسه كامله -لافوال,,95,,hijab,,,28,,
2007,طرحة تايجر بالبندانه,,165,,hijab,,,10,,
2008,طرحه كرستاله,,135,,hijab,,,11,,
2010,حجاب لافويل,,140,,hijab,,,18,,
2011,طرحه سفنجه ديجيتال,,175,,hijab,,,44,,
2013,طرحة تايلاندي فلورا,,175,,hijab,,,40,,
2015,كونفرت ديجيتال,,175,,accessories,,,10,,
2016,جاكار فلورا,,180,,accessories,,,12,,
2018,طرحه تايلاندي مطرز,,245,,hijab,,,8,,
2019,طرحه تايلاندي فلورا اوريجنال,,265,,hijab,,,39,,
2020,تلبيسه بالكابيشو,,160,,hijab,,,7,,
2021,شيفون بالبندانه,,225,,accessories,,,6,,
2022,جاكار اورجنال,,170,,accessories,,,18,,
2023,LV طرحه ماركات,,323.8,,hijab,,,8,,
2024,جاكار ب البندانه,,190,,accessories,,,41,,
2025,ليفه مغربية كيلوباترا,,65,,accessories,,,10,,
2026,كريم شعر بندولين للشعر الويفي,,195,,accessories,,,3,,
2027,جل بومباستك 500مل,,90,,accessories,,,2,,
2028,Nature results مجموعة 500مل,,175,,kitchen,,,3,,
2029,بوبانا شيت ماسك فحم ورمان وفيتامين سي,,35,,skincare,,,4,,
2030,شامبو سانوسان 500ملي,,480,,haircare,,,3,,
2031,قطن فيلفيت 100ق دائري,,70,,accessories,,,1,,
2032,قطن ميكب 100ق Viona,,95,,accessories,,,0,,
2033,مجموعة حمام مغربي,,145,,accessories,,,2,,
2034,شامبو كلاري 300 مل,,325,,haircare,,,2,,
2035,صابونة Star Ville,,65,,accessories,,,1,,
2036,عود ملكي اصلي,,35,,accessories,,,46,,
2037,عبوة سفر نونو 5*1 100مل,,265.5,,accessories,,,1,,
2038,صابون مغربي بوبانا 500جم,,60,,accessories,,,11,,
2039,عرض شامبو sunsilk + بلسم 350 ملي,,210,,haircare,,,3,,
2040,عرض شامبو وبلسم تريزمي,,355,,haircare,,,9,,
2041,زبدة حليب الامارات,,145,,accessories,,,5,,
2042,مرطب للجسم روائح 200مل - Mood,,85,,skincare,,,3,,
2043,لصق انف 3ق,,70,,accessories,,,23,,
2044,عرض شامبو وبلسم - Leven,,190,,haircare,,,9,,
2045,شامبو اطفال بيندولين 250مل,,195,,haircare,,,6,,
2046,كريم باليوريا 100مل Moist,,165,,accessories,,,4,,
2047,مرطب شفاه - Moist,,92,,skincare,,,4,,
2048,لوشن جليتر,,70,,accessories,,,4,,
2049,شفرات سيمبلي ماكس 4ق,,30,,accessories,,,0,,
2050,شفرات سيمبلي ماكس 12ق,,75,,accessories,,,0,,
2051,كريم اماندا للقدم واليد,,80,,accessories,,,11,,
2052,ماء ورد العراب 250مل,,25,,accessories,,,10,,
2053,كريم ترطيب الليل - اماندا,,260,,accessories,,,3,,
2054,مخمرية 50جم - فريدة,,130,,accessories,,,4,,
2055,اسيتون ايفا بدون رائحة,,60,,accessories,,,4,,
2056,كريم حليب الامارات,,120,,accessories,,,14,,
2057,استون هيرجيينا بخاخ,,15,,accessories,,,6,,
2058,استون وسط عادي,,15,,accessories,,,24,,
2059,مكسيمنس مناديل مبلله 120ق,,40,,accessories,,,3,,
2060,Gel Enliven 500ml,,225,,accessories,,,4,,
2061,مخمريه فازلين Kraehnto,,65,,accessories,,,10,,
2062,كريم الكاركار السوداني للشعر 410جم,,125,,accessories,,,5,,
2063,سيرم للشعر 125مل Shiny Star,,175,,skincare,,,2,,
2064,كريم كاندي  امبوبه,,160,,accessories,,,0,,
2065,سانوسان كريم زنك 150مل,,480,,accessories,,,3,,
2066,غسيل وفوم - ديزار/دون,,75,,accessories,,,6,,
2067,عرض كريم ميلانو كول 200مل +75مل,,100,,accessories,,,9,,
2068,سيرم بشرة ايفا 30مل,,250,,skincare,,,6,,
2069,حمام كريم بلوب 1كجم,,135,,haircare,,,2,,
2070,اسيتون دون 100مل,,20,,accessories,,,9,,
2071,كريم بالمرز 150جم,,210,,accessories,,,10,,
2072,سيرم 125 Boutique,,285,,skincare,,,3,,
2074,سيرم انرجي كرستال 60مل,,280,,skincare,,,3,,
2075,سكراب - كاندي 100مل,,125,,accessories,,,3,,
2076,كريم شعر - Kuza,,385,,accessories,,,6,,
2077,حمام كريم بيندولين للاطفال,,210,,haircare,,,3,,
2078,شاور جل بيندولين 300مل,,205,,accessories,,,3,,
2079,ان ليفين مضمضه 500مل,,185,,accessories,,,2,,
2080,سيرم اماندا ميلانو 40مل,,220,,skincare,,,3,,
2081,كريم بشرة 250مل- Byphasse,,240,,skincare,,,3,,
2082,اسبراي كوري لتفتيح البشرة 150مل,,165,,perfume,,,15,,
2083,عرض لوشن -انشانتر 2*1 250مل,,365,,accessories,,,5,,
2084,شامبو ببندوابن 450مل,,210,,haircare,,,6,,
2085,كريم شعر بيندولين بالمورينجا 150مل,,180,,accessories,,,2,,
2086,ماسك تفتيح - Kiss Beauty,,40,,accessories,,,24,,
2087,مورد خدود وشفايف - ستونة,,30,,accessories,,,10,,
2089,معطر فم بخاخ - فريش,,40,,perfume,,,12,,
2090,جل الصبار - فلافي 250جم,,65,,accessories,,,10,,
2091,كريم شعر 200جم- فلافي,,70,,accessories,,,11,,
2092,بودره معطره 125مل اصلي - Enchanteur,,180,,perfume,,,1,,
2093,مناديل فيونا,,30,,accessories,,,6,,
2094,سيرم انتي فريز 100مل,,270,,skincare,,,2,,
2095,ميسيلار بلزيوت 100مل - Garnier,,160,,skincare,,,6,,
2096,ماء ميسيلار منظف 100مل - Garnier,,130,,skincare,,,0,,
2097,جل هيركود 185مل,,35,,accessories,,,1,,
2098,جو كريم بشرة 60جم,,30,,skincare,,,10,,
2099,شامبو بلوب 850مل,,105,,haircare,,,5,,
2100,بلسم بلوب 850مل,,105,,haircare,,,6,,
2101,شامبو وبلسم ارجان الاصلي 500مل,,285,,haircare,,,3,,
2102,حمام كريم ارجان 50مل,,175,,haircare,,,3,,
2103,حمام كريم مينك 800مل,,140,,haircare,,,6,,
2104,كعب غزال225جم,,30,,accessories,,,2,,
2105,سيرم ارجان اصلي 125مل,,275,,skincare,,,3,,
2106,داكس شيا 100جم,,95,,accessories,,,1,,
2107,كريم فرد بلوب هير واي 500جم,,90,,haircare,,,4,,
2108,غسول وجه بلكولاجين - ايفا 150مل,,155,,skincare,,,1,,
2109,سيرم 100مل Clary,,355,,skincare,,,2,,
2110,شان - كريم لليدين 60جم,,100,,accessories,,,8,,
2111,لوشن افريكانا 250مل,,180,,accessories,,,2,,
2112,مخمريه دبدوب لابيترا,,35,,accessories,,,8,,
2114,صبغة باليت الوان,,150,,accessories,,,10,,
2115,غسول نسائي شان,,175,,skincare,,,2,,
2116,بيكيني باتر,,350,,accessories,,,3,,
2117,صابونة  - روكا,,40,,accessories,,,14,,
2118,سيرم فيتامين سي ديزار,,75,,skincare,,,21,,
2119,Herbal Shampoo,,75,,haircare,,,7,,
2120,Herbal Hair mask,,80,,accessories,,,4,,
2121,صابون مغربي افريكانا,,195,,accessories,,,0,,
2122,كريم تفتيح Dear,,170,,accessories,,,3,,
2123,StaVille غسول تفتيح 100مل,,115,,skincare,,,4,,
2124,ستارفل-غسول 100مل,,95,,skincare,,,3,,
2125,ستارفيل رول اون,,145,,accessories,,,11,,
2126,بدي سبلاش اماندا,,265,,perfume,,,6,,
2127,مسك الطهارة - الفيصل,,30,,accessories,,,24,,
2128,سبلاش ايفا 250مل,,195,,perfume,,,24,,
2129,قطن فيلفيت مدور 70ق,,60,,accessories,,,2,,
2130,شان بدي ميلك 300مل بالحليب والورد,,240,,accessories,,,6,,
2131,StaVille غسول تفتيح 200مل,,160,,skincare,,,10,,
2132,غسول ستارفيل 400مل,,210,,skincare,,,4,,
2133,ماء ميسيلار + وايتينج ستارفيل 100مل,,75,,skincare,,,2,,
2134,حنة يد جوليتشا,,48,,accessories,,,64,,
2135,حنة اظافر جوليتشا,,40,,accessories,,,89,,
2136,كريم تفتيح ديزار,,145,,accessories,,,2,,
2137,كريم لتصفيف الشعر - ايفا 200مل,,145,,accessories,,,3,,
2138,كريم مرطب 200جم Dear,,305,,skincare,,,6,,
2139,عرض صن بلوك Kolagra,,245,,accessories,,,3,,
2140,غسول للبشره الدهنيه 200مل,,130,,skincare,,,0,,
2141,سيرم 30مل - Moist,,275,,skincare,,,4,,
2142,شامبو كلينك-ايفا,,140,,haircare,,,2,,
2143,كريم جل للترطيب - Moist,,220,,accessories,,,4,,
2144,Moist كريم ترطيب 100مل,,180,,accessories,,,0,,
2145,جل ملطف شان 60مل,,105,,accessories,,,5,,
2146,غسول ستارفيل تفتيح400مل,,250,,skincare,,,1,,
2147,شيت ماسك برون + وايتينج StarVille,,60,,skincare,,,0,,
2148,عرض كولاجرا 200مل,,240,,accessories,,,3,,
2149,عرض غسول + سيرم Kolagra,,275,,skincare,,,2,,
2150,عرض غسول + صن بلوك Kolagra,,255,,skincare,,,0,,
2151,غسول بوبانا 50مل,,28,,skincare,,,11,,
2152,جل الصبار-بيوسوفت 500مل,,93,,accessories,,,4,,
2153,غسول ترطيب بوبانا 150مل,,65,,skincare,,,18,,
2154,زيت فاستر 100مل,,265,,accessories,,,4,,
2155,غسول ستارفيل 200مل,,130,,skincare,,,2,,
2156,Moist-1 غسول ميلكي 200مل,,210,,skincare,,,3,,
2157,Moist-1 غسول فوم 150مل,,220,,skincare,,,7,,
2158,عرض كولاجار فيتامين سي 30مل,,395,,skincare,,,3,,
2159,بدي لوشن 240مل - ايفا,,135,,accessories,,,9,,
2160,كريم تغذية للشعر 150مل - Leven,,55.37,,accessories,,,10,,
2161,فزلين شفاه 17جم,,30,,accessories,,,0,,
2162,سكرب 283 جرام - ST.IVES,,620,,accessories,,,4,,
2163,شاور كريم - ايفا 250مل,,110,,accessories,,,3,,
2164,سيرام فيتامين سي ديزار اوريجنال,,160,,skincare,,,12,,
2165,شامبو/بلسم سوارية 500مل,,120,,haircare,,,1,,
2166,زيت مساج  - الاسكا,,95,,accessories,,,8,,
2167,سلسله استانلس بليكا,,50,,kitchen,,,342,,
2168,سلسله استانلس.,,60,,kitchen,,,1368,,
2169,سلسله استانلس فرز اول,,90,,kitchen,,,945,,
2170,-سلسله استانلس,,75,,kitchen,,,1439,,
2171,علبة بيوتي بلندر صغيرة 5*1,,17,,accessories,,,39,,
2172,بيوتي بلندر 4*1 HEUXIA,,40,,accessories,,,5,,
2173,غويشه 12ملي,,95,,accessories,,,8,,
2174,غويشه كيمك 12ملي,,95,,accessories,,,8,,
2175,اسوره مسمار,,80,,accessories,,,3,,
2176,غويشه كارتير,,40,,accessories,,,15,,
2177,غويشه عود + كيميك,,85,,accessories,,,21,,
2178,غويشة أستنالس 7 مل,,65,,accessories,,,5,,
2179,غويشة أستانلس عود,,55,,accessories,,,11,,
2180,غويشة أستانلس كميت,,55,,accessories,,,9,,
2181,غويشة أستنالس دقاق,,80,,accessories,,,18,,
2182,اسوره ستانلس لوكس,,95,,accessories,,,84,,
2183,حزام ستانلس,,135,,accessories,,,31,,
2184,اسوره ستانلس,,115,,accessories,,,26,,
2185,أسوره ستانلس.,,95,,accessories,,,16,,
2186,أسوره ستانلس 75,,75,,accessories,,,20,,
2187,محبس برشوم أستانلس,,120,,accessories,,,99,,
2188,خاتم أستانلس عادي,,30,,accessories,,,1588,,
2189,خاتم أستانلس فردي,,45,,accessories,,,1455,,
2190,خاتم أستانلس فردي لوكس,,60,,accessories,,,681,,
2191,خاتم عين,,50,,accessories,,,36,,
2192,كوليه حيه اخضر,,125,,accessories,,,8,,
2193,كوليه اشكال فوكس,,130,,accessories,,,20,,
2194,كوليه تايجر,,120,,accessories,,,3,,
2195,كوليه اشكال,,125,,accessories,,,9,,
2196,كوليه احجار الوان,,130,,accessories,,,20,,
2197,انسيال لعب لولي,,135,,accessories,,,80,,
2198,انسيال كوينز,,130,,accessories,,,9,,
2199,انسيال كوينز جنزير,,130,,accessories,,,3,,
2200,انسيال تنس 3 دور,,130,,accessories,,,12,,
2201,انسيال تنس اشكال,,90,,accessories,,,4,,
2202,انسيال تنس وسط,,145,,accessories,,,6,,
2203,خلخال استانلس,,120,,accessories,,,63,,
2204,كوليه الوان بلايتد,,120,,accessories,,,18,,
2205,انسيال تنس,,120,,accessories,,,53,,
2206,كوليه فوكس,,115,,accessories,,,4,,
2207,كوليه تايجر .,,115,,accessories,,,11,,
2208,كوليه فهد,,130,,accessories,,,6,,
2209,كوليه بلايتد  اشكال,,115,,accessories,,,10,,
2210,انسيال ورده الوان جديد,,70,,accessories,,,33,,
2211,كوليه اسد مجدول,,120,,kitchen,,,12,,
2212,انسيال لعب فواكه,,135,,accessories,,,10,,
2213,انسيال قفل سيلفر,,105,,accessories,,,12,,
2214,انسيال كابلز جديد,,105,,accessories,,,5,,
2215,كوليه تيفني,,135,,accessories,,,12,,
2216,انسيال جروميت عريض,,100,,accessories,,,26,,
2217,انسيال قوقعة,,140,,accessories,,,11,,
2218,انسيال كوينز عين فصوص,,110,,accessories,,,2,,
2219,انسيال نانو اشكال,,130,,accessories,,,29,,
2220,انسيال استنالس العين,,120,,accessories,,,6,,
2221,انسيال استانلس حجر,,120,,accessories,,,5,,
2222,انسيال كوينز حلبي,,145,,accessories,,,3,,
2223,انسيال تنس الوان,,110,,accessories,,,19,,
2224,انسيال فيرزتشي,,150,,accessories,,,6,,
2225,انسيال بجت اشكال,,140,,accessories,,,9,,
2226,انسيال اشكال تنس,,150,,accessories,,,15,,
2227,انسيال سي دي جنزير,,120,,accessories,,,5,,
2228,انسيال تنس الجديد,,90,,accessories,,,4,,
2229,انسيال تنس صف,,140,,accessories,,,6,,
2230,خلخال ترندي,,125,,accessories,,,12,,
2231,خلخال اشكال,,135,,accessories,,,7,,
2232,خلخال نجمة القلب,,100,,accessories,,,3,,
2233,انسيال قلب,,155,,accessories,,,6,,
2234,DoD انسيال,,145,,accessories,,,6,,
2235,انسيال سكارف,,180,,accessories,,,35,,
2236,كوليه تايجر دهبي,,120,,accessories,,,3,,
2237,سلسلة تايجر شانيل,,125,,accessories,,,3,,
2238,انسيال لازوردي,,135,,accessories,,,2,,
2239,انسيال كرتير تنس,,170,,accessories,,,9,,
2240,انسيال الشمس,,160,,accessories,,,44,,
2241,خلخال الفراشة,,120,,accessories,,,3,,
2242,انسيال استانلس فصوص,,170,,accessories,,,5,,
2243,كوليه استانلس اشكال,,135,,accessories,,,59,,
2244,كوليه بلايتد اشكال,,120,,accessories,,,13,,
2245,كوليه كريز فصوص,,100,,accessories,,,11,,
2246,كوليه استانلس,,80,,accessories,,,5,,
2247,كوليه كريز استانلس,,95,,accessories,,,11,,
2248,كوليه فراوله استانلس,,75,,accessories,,,6,,
2249,كوليه كريز,,100,,accessories,,,4,,
2250,كوليه كريز ضهر حيه,,125,,accessories,,,5,,
2251,طقم اطفال استانلس,,75,,accessories,,,30,,
2252,سلسلة ضهر حيه,,35,,accessories,,,1,,
2253,خلخال ضهر حيه,,35,,accessories,,,9,,
2254,انسيال ذيل فار,,40,,accessories,,,5,,
2255,سلسله استانلس قطه,,50,,kitchen,,,18,,
2256,سلسله حمصه,,70,,kitchen,,,12,,
2257,انسيال استانلس جنزير,,60,,accessories,,,9,,
2258,انسيال فراشة حمصة,,75,,accessories,,,25,,
2259,خلخال استانلس اشكال,,85,,accessories,,,72,,
2260,كوليه استانلس لوكس اشكال,,205,,accessories,,,29,,
2261,كوليه ستانلس اشكال,,185,,accessories,,,61,,
2262,كوليه استانلس اشكال لوكس,,150,,accessories,,,64,,
2263,كونتور  4 الوان,,100,,makeup,,,6,,
2264,ايلاينر لكويد MN,,65,,makeup,,,11,,
2265,قلم كحلMN,,35,,makeup,,,26,,
2266,بلاشر MIGHT CINEMA,,40,,makeup,,,34,,
2267,مسكره FLY - HIGH,,70,,makeup,,,12,,
2268,مسكرة لاشر بيوتي اشكال,,70,,makeup,,,23,,
2269,لاشر BB CREAM,,135,,accessories,,,18,,
2270,كونسلد كرلا روز,,60,,accessories,,,12,,
2271,بلاشر جولد روز,,60,,makeup,,,36,,
2272,بلاشر سائل جولد روز,,60,,makeup,,,23,,
2273,مسكرة MIGHT CINEMA,,95,,makeup,,,35,,
2274,روج مط MIGHT CINEMA,,45,,makeup,,,38,,
2275,.روج مط  MIGHT CINEMA,,50,,makeup,,,47,,
2276,روج لفتر MIGTH CINEMA,,65,,makeup,,,37,,
2277,مسكرة + مشط MIGHT CINEMA,,70,,makeup,,,16,,
2278,كونسلد م.س غطاء فضي,,55,,accessories,,,41,,
2280,SHEGLAM LIP GLOSS دهبي,,35,,makeup,,,91,,
2281,قلم سحري LIP BALM,,20,,accessories,,,95,,
2282,روج مط SANDRA,,35,,makeup,,,91,,
2283,LIP OIL DISAAR ابيض,,25,,accessories,,,84,,
2284,SANDRA LIP GLOSS GEL,,55,,makeup,,,95,,
2285,SANDRA MOISTURIZER,,60,,skincare,,,116,,
2286,بلاشر 2 لون روز بيري,,40,,makeup,,,18,,
2287,SANDRA TINT,,45,,accessories,,,42,,
2288,SANDRA CONCEALER CREAM,,55,,makeup,,,50,,
2289,تنت بليه 2*1,,10,,accessories,,,38,,
2290,قلم كحل ام.ان انصاص,,25,,makeup,,,53,,
2291,مذيل ميكب Might Cinema,,85,,accessories,,,23,,
2292,برايمر بخاخ م.س,,150,,makeup,,,12,,
2293,مسكرة شجلام,,35,,makeup,,,68,,
2294,مسكره بيوتي موديل,,35,,makeup,,,180,,
2295,مثبت ميكب بخاخ م.س,,75,,accessories,,,3,,
2296,فاونديشن مايت سينما,,100,,makeup,,,5,,
2297,مسكره 7 زيوت مايت سينما,,100,,makeup,,,0,,
2298,مسكره ثري دي م.س,,85,,makeup,,,12,,
2299,ملمع شفايف مط نايت سينما,,40,,accessories,,,5,,
2300,كريم اساس مايت سينما,,100,,accessories,,,12,,
2301,مسكرة شيكولاتة م.س,,75,,makeup,,,23,,
2302,مسكره دبل اكستند مايت سينما,,90,,makeup,,,1,,
2303,فاونديشن مط مايت سينما,,155,,makeup,,,12,,
2304,ملمع شفايف كارلا روز,,45,,accessories,,,13,,
2305,5D مسكره مايت سينما,,70,,makeup,,,36,,
2306,فاونديشن مايت سينما مط,,145,,makeup,,,12,,
2307,فاونديشن ووتر بروف م.س,,150,,makeup,,,31,,
2308,لكويد فاونديشن م.س,,145,,makeup,,,12,,
2309,لكويد فاونديشن مط,,145,,makeup,,,11,,
2310,مسكره فايبر مايت سينما,,70,,makeup,,,22,,
2311,حجر قدم 4*1,,35,,accessories,,,25,,
2312,طقم فرشه 7*1 دبدوب,,50,,accessories,,,21,,
2313,طقم فرشه نبيتي خشب 8*1,,100,,accessories,,,0,,
2314,كحل ثابت شجلام,,50,,makeup,,,59,,
2315,Cottonn Pads 80Pcs,,38.5,,accessories,,,6,,
2316,مناديل قطن-Fanity 80Pcs,,35,,accessories,,,0,,
2317,اكلادور بريتي,,25,,accessories,,,184,,
2318,مرطب شفايف سحري,,20,,skincare,,,126,,
2319,باليت ميكب ساندرا,,140,,accessories,,,11,,
2320,ليب ستيك مط BB Rose,,40,,accessories,,,23,,
2321,Sandra ليب ستيك مط,,35,,accessories,,,48,,
2322,ايشادو 12 لون BB Rose,,105,,makeup,,,7,,
2323,ليب جلوس مط 5دي,,38,,makeup,,,41,,
2324,Sandra ليب جلوس جل,,50,,makeup,,,48,,
2325,بلاشر فردي BB Rose,,80,,makeup,,,39,,
2326,Rose Gold كونسيلر,,42,,makeup,,,58,,
2327,Might Cinema ليفتر 3*1,,60,,makeup,,,9,,
2328,Gold Beauty بلاشر هايلايتر,,45,,makeup,,,21,,
2329,Rose Gold ملمع سحري,,45,,accessories,,,24,,
2330,Rose Gold بلاشر,,65,,makeup,,,18,,
2331,Note بودر,,180,,accessories,,,23,,
2332,Sandra ايشادو 48 لون,,165,,makeup,,,11,,
2333,Gold Beauty مسكره دبل 4D,,75,,makeup,,,3,,
2334,Gold Beauty مسكره,,70,,makeup,,,24,,
2335,Rose Berry صابونة حواجب,,50,,accessories,,,9,,
2336,Rose Gold ليب ستيك مط,,35,,accessories,,,38,,
2337,بلاشر سائل,,45,,makeup,,,44,,
2338,Romantic روج جيلاتيني,,45,,makeup,,,44,,
2339,Gold Beauty كريم اساس مضغوط,,135,,accessories,,,9,,
2340,Ruby Rose ايشادو 26 لون,,110,,makeup,,,12,,
2341,Rose Gold ليب جلوس مط,,48,,makeup,,,24,,
2342,حزام جلد عريض,,350,,accessories,,,3,,
2343,حزام استك,,90,,accessories,,,4,,
2344,Sandra روج مط,,35,,makeup,,,37,,
2345,Rose  Gold,,50,,accessories,,,19,,
2346,Rose Gold ليب جلوس,,60,,makeup,,,22,,
2347,Gold Beauty ليب جلوس مط,,45,,makeup,,,37,,
2348,Flormar روج خشب ببرايه,,20,,makeup,,,129,,
2349,Shegllam مصحح جل,,140,,makeup,,,47,,
2350,Ruby Rose ايشادو 36 لون,,170,,makeup,,,3,,
2351,Rose Gold ليب بالم,,35,,accessories,,,31,,
2352,Ever Beauty ايلاينر 3D,,63,,makeup,,,23,,
2353,RoseGold ايشادو 41 لون,,275,,makeup,,,12,,
2354,Sandra ايشادو 18لون,,120,,makeup,,,10,,
2355,Shine Queen بلاشر سائل,,62,,makeup,,,26,,
2356,Monaya باليت ميكب 3*1,,165,,accessories,,,10,,
2357,Monaya مسكرا دبل,,95,,makeup,,,0,,
2358,Maybelline مسكره سكاي هاي,,45,,makeup,,,5,,
2359,Bonioijr كحل مط اسود,,15,,makeup,,,65,,
2360,M.N قلم ايلاينر,,15,,makeup,,,115,,
2361,Boujonr كحل عادي,,14,,makeup,,,40,,
2362,Gold Beauty برايمر,,140,,makeup,,,18,,
2363,Ever beauty فاونديشن,,170,,makeup,,,17,,
2364,Monaya هايلايتر سائل,,89.6,,makeup,,,10,,
2365,Gold Beauty كونسيلر,,100,,makeup,,,45,,
2366,Ruby Rose كونتور 6لون,,52,,makeup,,,5,,
2367,Sandra ليب جلوس مط,,45,,makeup,,,39,,
2368,Karite ايلاينر 2*1,,90,,makeup,,,23,,
2369,Monaya روج مط,,35,,makeup,,,80,,
2370,Monaya لوس باودر,,85,,makeup,,,14,,
2371,Sandra ليب جلوس,,45,,makeup,,,52,,
2372,Rose Gold مورد شفاه وخدود,,90,,accessories,,,1,,
2373,Monaya باليت هايلايتر + كنتور,,125,,makeup,,,12,,
2374,Rose Gold ليفتر سائل,,45,,makeup,,,21,,
2375,Monaya روج سائل,,50,,makeup,,,47,,
2376,Pretty Women هايلايتر 4لون 3D,,100,,makeup,,,24,,
2377,Pretty Women مصحح بودر + جل,,60,,makeup,,,66,,
2378,BB Rose روج شايني,,55,,makeup,,,40,,
2379,Kiss Beauty مسكرة فوليوم,,55,,makeup,,,45,,
2380,Pretty Woman ايشادو سائل,,22,,makeup,,,197,,
2381,Sandra ملمع سحري,,50,,accessories,,,44,,
2382,Nude بلاشر & هايلايتر,,12,,makeup,,,172,,
2383,Sandra روج سائل,,45,,makeup,,,99,,
2384,Sandra بلاشر ستيك,,52.71,,makeup,,,61,,
2385,BB Rose بلاشر كريمي,,70,,makeup,,,24,,
2386,Gold Beauty تنت كريمي,,82,,accessories,,,16,,
2387,Monaya تنت سائل,,48,,accessories,,,44,,
2388,Rose. Gold ليب جلوس,,48,,makeup,,,17,,
2389,Rose Gold مصحح دابل 2*1,,160,,makeup,,,29,,
2390,Shine Queen,,32,,accessories,,,43,,
2391,Gold Beauty هايلايتر 4لون,,55,,makeup,,,34,,
2392,Gold Beauty بلاشر فردي,,55,,makeup,,,23,,
2393,M.Cinema بلاشر فردي,,42,,makeup,,,25,,
2394,Gold Beauty هايلايتر + بلاشر 3D,,20,,makeup,,,112,,
2395,M.Cinema روج مط,,40,,makeup,,,84,,
2396,بلاشر  روز بيري,,110,,makeup,,,20,,
2397,Sheglam هايلايتر + تنت,,23,,makeup,,,173,,
2398,Shaglam مثبت مكياج جديد,,110,,accessories,,,20,,
2399,Gold Beauty  روج سائل,,38,,makeup,,,11,,
2401,M.C كريم اساس,,75,,accessories,,,48,,
2402,M.C باليت ميك اب,,850,,accessories,,,3,,
2403,Sugar اساس بخاخ,,85,,accessories,,,24,,
2404,BB Rose بودرة مضغوط,,100,,accessories,,,35,,
2405,حلق استنالس,,45,,accessories,,,183,,
2406,حلق استانلس .,,40,,accessories,,,154,,
2407,BB Rose مورد سحري,,95,,accessories,,,14,,
2408,Shine لفتر سائل,,48,,accessories,,,47,,
2409,Shine Queen مصحح حواجب,,55,,makeup,,,12,,
2410,Rose Gold هايلايتر,,55,,makeup,,,19,,
2413,Monaya ليفتر سائل,,55,,makeup,,,44,,
2414,BB Rose ملمع شفاه,,52,,accessories,,,71,,
2415,Shine َQueen ملمع جليتر,,42,,accessories,,,46,,
2416,Sephora قلم كحل ثابت,,45,,makeup,,,26,,
2417,Shine Queen مسكرة حواجب,,52,,makeup,,,64,,
2418,Romantic روج سائل,,38,,makeup,,,79,,
2419,Shine Queen ليب اويل,,42,,accessories,,,43,,
2420,Rose Gold ليفتر,,48,,makeup,,,45,,
2421,Shine Queen ليفتر,,48,,makeup,,,44,,
2422,Monaya روج سائل.,,25,,makeup,,,17,,
2423,Rose Gold كونسيلر سائل,,55,,makeup,,,18,,
2424,Top Feeling ليب جولس ماجيك,,50,,accessories,,,29,,
2425,Gold Beauty مسكرا,,55,,makeup,,,17,,
2426,Sandra برايمر,,130,,makeup,,,24,,
2427,Sandra BB كريم اساس,,125,,accessories,,,12,,
2428,BB Rose كريم اساس,,150,,accessories,,,20,,
2429,Monaya روج ماتيك,,35,,makeup,,,42,,
2430,Rose Berry مثبت مكياج,,170,,accessories,,,22,,
2431,RomanticBird باليت ايشادو + هايلايتر + بلاشر,,350,,makeup,,,3,,
2432,BB Rose برايمر,,162,,makeup,,,14,,
2433,Bissan Beauty مسكره فوليوم,,82,,makeup,,,24,,
2434,ايلاينر صبوحة,,55,,makeup,,,24,,
2435,Gold Beauty ليب بالم,,35,,accessories,,,7,,
2437,M.N ديبلاينر فضي,,55,,makeup,,,24,,
2438,BB Rose مرطب شفاه,,94.2,,skincare,,,45,,
2439,Last Look ملمع فواكه,,42,,accessories,,,48,,
2440,Sandra كونسيلر,,50,,makeup,,,46,,
2441,Sandra ايشادو 16لون,,90,,makeup,,,20,,
2442,Monaya مصحح حواجب,,67.85,,makeup,,,30,,
2443,Ever Beauty قلم حواجب,,70,,makeup,,,7,,
2444,IClass قلم حواجب بفرشه,,14,,makeup,,,113,,
2445,M.N ايلاينر قلم,,15,,makeup,,,60,,
2446,BB Rose مصحح حواجب,,70,,makeup,,,54,,
2447,BB Rose ليفتر,,52,,makeup,,,47,,
2448,BB Rose ايلاينر,,63,,makeup,,,20,,
2449,BB Rose روج سائل,,52,,makeup,,,37,,
2450,M.N قلم كحل,,7,,makeup,,,28,,
2451,Gold.Beauty كونسيلر,,104,,makeup,,,11,,
2452,Gold Beauty كريم اساس,,105,,accessories,,,12,,
2453,Lady Model مسكره,,82,,makeup,,,12,,
2454,Ever Beauty تاتو دبل,,85,,accessories,,,11,,
2455,Rose Gold مسكره,,85,,makeup,,,12,,
2456,M.N ايلاينر دايناميك,,50,,makeup,,,48,,
2457,BB Rose ايشادو,,350,,makeup,,,5,,
2458,Sandra ايشادو 10لون,,80,,makeup,,,11,,
2459,BB Rose كونسيلر,,69.57,,makeup,,,42,,
2460,Rose Gold ايشادو 25 لون,,205,,makeup,,,10,,
2461,BB Rose بودره,,100,,accessories,,,24,,
2462,BB Rose ملمع شفايف,,48,,accessories,,,68,,
2463,Miss Demi قلم كحل مشط,,15,,makeup,,,392,,
2464,Lady Model مسكره فحم,,84,,makeup,,,12,,
2465,Ms ايلاينر,,84,,makeup,,,31,,
2466,BB Rose فاونديشن,,140,,makeup,,,20,,
2467,Sandra ملمع شفاه سحري,,48,,accessories,,,45,,
2468,BB Rose روج مط,,35,,makeup,,,45,,
2469,Might Cinema كونسيلر,,65,,makeup,,,32,,
2470,Might Cinema مسكره,,85,,makeup,,,24,,
2471,Might Cinema مسكرة,,70,,makeup,,,24,,
2472,M.Cinema مسكرة سموكي,,95,,makeup,,,24,,
2473,Might.C مسكرة 3D,,90,,makeup,,,24,,
2474,Monaya لوس بودر,,80,,accessories,,,21,,
2475,Might Cinema برايمر,,155,,makeup,,,23,,
2476,M.Cinema مسكرة,,70,,makeup,,,24,,
2477,Might.C مسكرة الترا بلاك,,80,,makeup,,,24,,
2478,M.Cinema ليفتر سائل,,55,,makeup,,,48,,
2479,Rose Gold بلاشر فردي,,52,,makeup,,,7,,
2480,Rose Gold بلاشر مدور,,52,,makeup,,,22,,
2481,BB Rose بودرة مضغوطة,,85,,accessories,,,47,,
2482,BB Rose لوس باودر,,105,,makeup,,,18,,
2483,BB Rose بودره مضغوطه,,90,,accessories,,,10,,
2484,Gold Beauty هايلايتر فردي,,45,,makeup,,,77,,
2485,برايمر بيبي سكين,,70,,makeup,,,20,,
2486,BB Rose بلاشر 8لون,,175.5,,makeup,,,21,,
2487,M.N قلم فلوماستر دايناميك,,55,,accessories,,,46,,
2488,Pretty Woman مصحح جل+فرشة,,98,,makeup,,,24,,
2489,Rose Berry هايلايتر زجاج,,128,,makeup,,,27,,
2490,Rose Berry كحل تحديد ثابت,,75,,makeup,,,9,,
2491,Sandra مسكره,,62,,makeup,,,23,,
2492,Lareen مورد خدود,,75,,accessories,,,22,,
2493,Kiss Beauty ايلاينر,,75,,makeup,,,11,,
2494,M.N ديبلاينر,,55,,makeup,,,19,,
2495,M.N ديب ديبلاينر,,60,,makeup,,,23,,
2496,Monaya مسكره,,95,,makeup,,,24,,
2497,Lady Model مسكرة فحم,,82,,makeup,,,12,,
2498,Rose Gold ايلاينر فلوماستر,,65,,makeup,,,16,,
2499,Sheglam سيرم رموش,,68,,skincare,,,11,,
2500,Ever Beauty قلم سنون,,75,,accessories,,,4,,
2501,Sandra ملمع سائل سحري,,45,,accessories,,,47,,
2502,Rose Berry لوس بودر,,150,,accessories,,,39,,
2503,Monaya بلاشر بودر,,70,,makeup,,,34,,
2504,Pretty Women لوس باودر بنانا,,65,,makeup,,,11,,
2505,Kiss Beauty ملمع شفايف سحري,,50,,accessories,,,47,,
2506,Kiss Beauty ليب بالم,,35,,accessories,,,91,,
2507,Karite روج سائل,,48,,makeup,,,48,,
2508,M.Cinema روج مط ميني,,25,,makeup,,,141,,
2509,Note صابونة حواجب,,105,,accessories,,,0,,
2510,Sheglam كريم مصحح,,62,,makeup,,,24,,
2511,M.Cinema ايلاينر,,58,,makeup,,,22,,
2512,Rose Gold كريم مزيل مكياج,,40,,accessories,,,23,,
2513,Monaya بلاشر + هايلايتر,,80,,makeup,,,21,,
2514,Sheglam كونسيلر,,40,,makeup,,,24,,
2515,Lchear كونسيلر سائل,,40,,makeup,,,46,,
2516,Karite مرطب شفايف بالعسل,,38,,skincare,,,45,,
2517,Rose Gold مسكره 5D,,70,,makeup,,,11,,
2518,Kiss Beauty روج سائل,,45,,makeup,,,31,,
2519,TaiLaiMei كونسيلر دبل,,48,,makeup,,,47,,
2520,Monaya كحل ثابت + قلم حواجب,,60,,makeup,,,35,,
2521,Kiko كحل ثابت,,70,,makeup,,,10,,
2522,Shine Queen روج سائل,,43,,makeup,,,39,,
2523,Gold Beauty روج سائل,,45,,makeup,,,45,,
2524,Last Look مسكره اتش دي,,65,,makeup,,,34,,
2525,Rose Gold هايلايتر سائل,,58,,makeup,,,19,,
2526,Note روج خشب جديد,,40,,makeup,,,54,,
2527,Golden Rose قلم روج خشب,,27,,makeup,,,47,,
2528,Tarte روج خشب,,40,,makeup,,,51,,
2529,M.N قلم كحل بسفنجه,,18,,makeup,,,63,,
2530,Miss Demi كحل,,15,,makeup,,,67,,
2531,Monaya بودره,,80,,accessories,,,21,,
2532,Kiss Flower,,95,,accessories,,,47,,
2533,كحل ثابت ماركات,,48,,makeup,,,35,,
2534,Pretty Women روج دابل مط,,45,,makeup,,,20,,
2535,Bissan Beauty قلم مصحح حواجب تاتو,,70,,makeup,,,12,,
2536,Gold Beauty روج ماط,,35,,makeup,,,42,,
2537,Might.C اساس موس,,180,,accessories,,,12,,
2538,Gold Beuty ديبلاينر,,35,,makeup,,,24,,
2539,Rose Gold ايلاينر,,55,,makeup,,,23,,
2540,M.N قلم لاب جديد,,20,,accessories,,,33,,
2541,Gold Beauty هايلايتر,,45,,makeup,,,46,,
2542,Sheglam تنت 3*1,,68,,accessories,,,14,,
2543,Sheglam ايلاينر 4D,,12,,makeup,,,64,,
2544,Gold Beauty ملمع سحري,,45,,accessories,,,17,,
2545,Monaya مسكره ازرق,,75,,makeup,,,12,,
2546,GB بودره معطره للجسم,,480,,perfume,,,14,,
2547,WetEver مصحح حواجب بالمثبت,,68,,makeup,,,18,,
2548,Karite قلم حواجب,,135,,makeup,,,10,,
2549,BB Rose ايشادو 16لون,,105,,makeup,,,10,,
2550,Rose Berry مزيل ميكب,,180,,accessories,,,0,,
2552,Think Pink مزيل ميكب,,85,,accessories,,,6,,
2553,Sandra كريم اساس,,125,,accessories,,,8,,
2554,Rose Berry مثبت ميكب,,210,,accessories,,,2,,
2555,M.Cinema لوس باودر,,165,,makeup,,,7,,
2556,Ever Beauty مثبت مكياج,,165,,accessories,,,5,,
2557,BB Rose كريم اساس.,,162,,accessories,,,6,,
2558,Rose Berry مثبت مكياج سبراي,,325,,accessories,,,2,,
2559,Golf Gitrl لوس باودر,,95,,makeup,,,5,,
2560,Wet Ever ايشادو,,420,,makeup,,,2,,
2561,Sheglam قلم سنون,,48,,accessories,,,23,,
2562,TopSkin مزيل ميكب 200مل مع قطن,,88,,accessories,,,2,,
2563,Qiawes قلم حواجب سنون,,55,,makeup,,,8,,
2564,BB Rose ايشادوو,,165,,makeup,,,6,,
2565,Snow Bright ايشادو 15لون,,105,,makeup,,,12,,
2566,Monaya ايشادو 20لون,,170,,makeup,,,6,,
2567,Ever Beauty كريم اساس,,102,,accessories,,,51,,
2568,Sheglam صابونة حواجب,,80,,accessories,,,10,,
2569,Ever Beauty ايلاينر فلوماستر,,75,,makeup,,,12,,
2570,M.Cinema بلاشر سائل,,82,,makeup,,,18,,
2571,Sandra. كريم اساس,,110,,accessories,,,10,,
2572,Ever Beauty مسكرا,,125,,makeup,,,9,,
2573,Ever Beauty كريم اساس زجاج,,165,,accessories,,,22,,
2574,BB Rose بودرة,,98,,accessories,,,12,,
2575,Rose Berry بودرة,,190,,accessories,,,11,,
2576,Might.C كريم اساس,,135,,accessories,,,6,,
2577,Might.C ايشادو 48لون,,170,,makeup,,,0,,
2578,Rose Berry برايمر,,205,,makeup,,,2,,
2579,EverBeauty برايمر,,170,,makeup,,,3,,
2580,Sugar كريم اساس,,118,,accessories,,,10,,
2581,Monaya ماسكرا زرقاء,,75,,makeup,,,12,,
2582,Ever Beauty اي لاينر,,82,,accessories,,,22,,
2583,Ever Beauty ماسكرا,,117,,makeup,,,10,,
2584,Might Cinema ايشادو 80 لون,,445,,makeup,,,0,,
2585,Might .C ايشادو 50 لون,,410,,makeup,,,0,,
2586,M.N ايشادو 41 لون,,273,,makeup,,,3,,
2587,Dodo Girl كومباكت باودر,,116,,makeup,,,23,,
2588,Sandra بوك ايشادو 4*1,,130,,makeup,,,12,,
2589,Ever Beauty ماسكرا اسود,,122,,makeup,,,11,,
2590,Last Look مصحح حواجب,,48,,makeup,,,24,,
2591,Sandra فونديشن,,129,,accessories,,,7,,
2592,Sugar فونديشن,,115,,accessories,,,5,,
2593,Ever Beauty فونديشن,,165,,accessories,,,4,,
2594,BB Rose ايلاينر دبل بي,,80,,makeup,,,10,,
2595,Sheglam ايلاينر فلوماستر,,48,,makeup,,,22,,
2596,Top Skin روج سائل,,40,,makeup,,,38,,
2597,Bissan Beauty قلم سنون فلوماستر,,88,,accessories,,,19,,
2598,Sheglam.ايلاينر فلوماستر,,27,,makeup,,,21,,
2599,Ever Beauty كريم اساس 3*1,,165,,accessories,,,6,,
2600,Ever Beauty برايمر,,170,,makeup,,,6,,
2601,Ever Beauty مسكره 4D,,115,,makeup,,,24,,
2602,Suger كريم اساس,,110,,accessories,,,11,,
2603,Anastasia مصحح,,45,,makeup,,,19,,
2604,Sugar ايلاينر فلوماستر,,50,,makeup,,,6,,
2605,Ever Beauty مثبت ميكب,,165,,accessories,,,3,,
2606,Might.C روج سائل 4*1,,62,,makeup,,,16,,
2607,Findy Beauty روج سائل,,48,,makeup,,,44,,
2609,Sandra فاونديشن 2*1,,110,,makeup,,,8,,
2610,Rose.Berry برايمر,,165,,makeup,,,11,,
2611,Miss Pretty برايمر,,135,,makeup,,,2,,
2612,Suger فاونديشن,,87,,makeup,,,6,,
2613,Rose Berry برايمر جل,,125,,makeup,,,1,,
2614,Might.Cinema كريم اساس,,170,,accessories,,,5,,
2615,ٍSnow Bright برايمر,,150,,makeup,,,3,,
2616,EverBeauty.برايمر,,165,,makeup,,,3,,
2617,Karite.روج سائل,,45,,makeup,,,39,,
2618,Miabella روج سائل دبل,,40,,makeup,,,4,,
2619,Suger ايلاينر فلوماستر,,52,,makeup,,,5,,
2620,BB Rose ايلاينر فلوماستر,,62,,makeup,,,12,,
2621,BB Rose مصحح حواجب تكات,,65,,makeup,,,12,,
2622,Miabella روج سائل ثابت,,40,,makeup,,,13,,
2623,Kiss Beauty.روج سائل,,58,,makeup,,,24,,
2624,Sasimi روج سائل,,55,,makeup,,,22,,
2625,Art Skin قلم حواجب سنون,,55,,makeup,,,7,,
2626,Miss Bretty روجس سائل جلوس,,95,,makeup,,,20,,
2627,Top Skin هايلايتر,,42,,makeup,,,10,,
2628,Gloria ايشادو 32 لون,,105,,makeup,,,5,,
2629,Luul Caty ايشادو 16لون,,90,,makeup,,,6,,
2630,Rose Berry قلم حواجب سنون,,80,,makeup,,,5,,
2631,Think Pink روج سائل جلوس,,40,,makeup,,,7,,
2632,M.Nباليت ايشادو 21لون,,135,,makeup,,,6,,
2633,Ever Beauty مسكره,,115,,makeup,,,16,,
2634,Top Skin برايمر,,135,,makeup,,,3,,
2635,Ever Beauty كريم اساس 3D,,165,,accessories,,,8,,
2636,Might.Cinema.كريم اساس,,150,,accessories,,,6,,
2637,ُEver Beauty ماسكرا,,105,,makeup,,,12,,
2638,Ever Beauty مسكرة,,98,,makeup,,,24,,
2639,Art Skin مسكره زرقاء,,84,,makeup,,,5,,
2640,Suger Nude كريم اساس,,120,,accessories,,,6,,
2641,Ever Beauty.برايمر,,162,,makeup,,,3,,
2642,Kiko-m كريم اساس,,145,,accessories,,,8,,
2643,3Q Beauty هايلايتر سائل,,55,,makeup,,,18,,
2644,Gold Beauty ايلاينر فلوماستر دبل طباعة,,55,,makeup,,,12,,
2645,BB Rose لوس بودر,,105,,accessories,,,12,,
2646,Rose Gold روج سائل وبلاشر,,52,,makeup,,,24,,
2647,Sheglam لوس بودر,,62,,accessories,,,9,,
2648,Top Skin قلم كحل ثابت,,30,,makeup,,,36,,
2649,BB Rose كحل الوان,,45,,makeup,,,24,,
2650,Rose Berry كحل فردي,,65,,makeup,,,82,,
2651,Rose Berry كحل ثابت,,60,,makeup,,,23,,
2652,Rose Berry ليب لاينر,,55,,makeup,,,4,,
2653,Sheglam ليبلاينر كريمي,,15,,accessories,,,1,,
2654,Sheglam ليبلاينر,,20,,accessories,,,12,,
2655,Kiko روج خشب,,15,,makeup,,,12,,
2656,Kiko.m روج ثابت,,55,,makeup,,,24,,
2657,ForEver ليبلاينر,,15,,accessories,,,6,,
2658,Flormar ليب ستيك قلم,,15,,accessories,,,117,,
2659,Flormar كحل/ايلاينر,,15,,makeup,,,215,,
2660,Sheglam مسكره ذهبي,,61.87,,makeup,,,24,,
2661,Findy Beauty ليفتر,,48,,makeup,,,17,,
2662,Rose Gold كومبكت بودر,,155,,accessories,,,22,,
2663,مج مشكل,,65,,kitchen,,,106,,
2664,مج مشكل لوكس,,70,,kitchen,,,352,,
2665,مج برسلين فيونكه,,225,,kitchen,,,7,,
2666,مج شي ان كريز بالطبق,,205,,kitchen,,,6,,
2667,مج سحابه حلزوني,,170,,kitchen,,,8,,
2668,مج ستيتش الوان,,110,,kitchen,,,12,,
2669,مج ستيتش وانجل,,110,,kitchen,,,18,,
2670,مج لابوبو الوان,,55,,kitchen,,,3,,
2671,طقم توابل خزف 7*1,,1420,,accessories,,,5,,
2672,طقم برسلين ستيتش 3*1,,530,,accessories,,,1,,
2673,فوطه 2 وجه شعبي,,10,,accessories,,,23,,
2674,فوطه 2وجه مستورده صغيره,,20,,accessories,,,41,,
2675,فوطه 2وجه كبير لوكس,,25,,accessories,,,21,,
2676,فوطه 5*1مقلمه,,40,,accessories,,,0,,
2677,فوطه بونيه,,20,,hijab,,,0,,
2678,جوانتي حراري لوكس,,120,,accessories,,,2,,
2679,حبل كتان,,10,,accessories,,,12,,
2680,فوطه تنشيه صغيره,,20,,accessories,,,0,,
2681,فوطه 2 وجه لوكس,,20,,accessories,,,24,,
2682,فوطه مطبخ لوكس,,55,,kitchen,,,0,,
2683,مج فينكه,,105,,kitchen,,,12,,
2684,مج لوكس,,215,,kitchen,,,12,,
2685,مج,,185,,accessories,,,10,,
2686,مج لوكس 0,,110,,kitchen,,,9,,
2687,مج +سخان,,220,,kitchen,,,4,,
2688,مج بورسلين بالطبق   0,,240,,kitchen,,,1,,
2689,مج +معلقه سميل اصفر,,90,,kitchen,,,6,,
2690,مج فلور,,190,,kitchen,,,3,,
2691,مج 1,,205,,kitchen,,,6,,
2692,مج المزاج,,215,,kitchen,,,1,,
2693,مج خزف,,185,,kitchen,,,4,,
2694,مج لوكس 1,,250,,kitchen,,,2,,
2695,مج لوكس121,,250,,kitchen,,,0,,
2696,كيس طعام عاده,,15,,accessories,,,24,,
2697,كيس طعام باندا,,20,,accessories,,,22,,
2698,حقنه تواليت 120,,50,,accessories,,,22,,
2699,مج غطاع خشب,,60,,kitchen,,,6,,
2700,مج فراوله,,90,,kitchen,,,145,,
2701,مج زجاج فيونكه,,80,,kitchen,,,1,,
2702,مج فيونكه غطا خشب,,80,,kitchen,,,7,,
2703,مج نايس,,40,,kitchen,,,10,,
2704,مج حراري,,130,,kitchen,,,0,,
2705,حافظ طعام بطوط,,230,,accessories,,,12,,
2706,حافظ طعام ا,,220,,accessories,,,9,,
2707,مج حراري 800,,160,,kitchen,,,1,,
2708,مج حراري 1000,,175,,kitchen,,,3,,
2709,مناديل احذيه,,25,,accessories,,,37,,
2710,مناديل دهون,,60,,accessories,,,38,,
2711,فواحه قله 60,,120,,accessories,,,1,,
2712,مج جود مورنينج  غط خشب,,85,,kitchen,,,56,,
2713,مج شي ان ا,,170,,kitchen,,,43,,
2714,مج كريمي الوان,,160,,kitchen,,,18,,
2715,مج مديني صغير,,370,,kitchen,,,6,,
2716,مج مديني كبير,,400,,kitchen,,,3,,
2717,زجاجه رابر الوان,,200,,accessories,,,11,,
2718,مج رابر اسود,,170,,kitchen,,,7,,
2719,كوفي عادي,,170,,accessories,,,0,,
2720,كوفي ديجتال,,200,,accessories,,,6,,
2721,زجاجه غطاء سلفر الوان,,215,,accessories,,,2,,
2722,مج حبل لابوبو,,165,,kitchen,,,5,,
2723,حامل موبيل,,50,,accessories,,,8,,
2724,اباجوره اطفال,,190,,bags,,,22,,
2725,مج 2كوب لوكس,,170,,kitchen,,,8,,
2726,مج ستار باكسي,,160,,kitchen,,,6,,
2727,مج سنبله عادي,,250,,kitchen,,,4,,
2728,مج ميدليه استش,,240,,kitchen,,,8,,
2729,مج كريمي ص,,150,,kitchen,,,11,,
2730,دبدوب مشكل,,180,,accessories,,,7,,
2731,دبدواب,,190,,accessories,,,8,,
2732,دبدواب0,,239,,accessories,,,8,,
2733,دابدوب .,,250,,accessories,,,11,,
2734,دبدوب .,,120,,accessories,,,4,,
2735,دبدوب ..,,100,,accessories,,,13,,
2736,دبدوب .....,,140,,accessories,,,24,,
2737,دبدوب ..1,,290,,accessories,,,4,,
2738,دبدوب .3..,,350,,accessories,,,4,,
2739,دبدوب 3..,,300,,accessories,,,4,,
2740,دبدوب 5000,,160,,accessories,,,1,,
2741,دبدوب 2000,,260,,accessories,,,9,,
2742,دبدوب 21,,400,,accessories,,,4,,
2743,مجموعة مسك الطهارة تشيز كيك,,55,,accessories,,,5,,
2744,EMPER - Spray.200ml,,120,,accessories,,,71,,
2745,خاتم فيروز,,30,,accessories,,,31,,
2746,مبرد قدم,,45,,accessories,,,20,,
2747,خاتم جولد/سيلفر بلاتيد,,85,,accessories,,,107,,
2748,دبله جولد بليتد,,110,,accessories,,,94,,
2749,خاتم,,15,,accessories,,,520,,
2750,حلق استانلس.ACERO,,30,,accessories,,,67,,
2751,سواريه عظيمه,,650,,accessories,,,10,,
2752,سواريه سوسته,,620,,accessories,,,12,,
2753,سواريه جميله,,665,,accessories,,,1,,
2754,حريمي بيور,,585,,accessories,,,3,,
2755,سواريه sw4-3,,265,,accessories,,,3,,
2756,سواريه sw-2 حلاوه,,265,,accessories,,,4,,
2757,5-srr سواريه,,265,,accessories,,,4,,
2758,1-srr سواريه,,265,,accessories,,,2,,
2759,احلام 6-sw  سواريه,,330,,accessories,,,6,,
2760,بلح6-sw سواريه,,450,,accessories,,,3,,
2761,7-sw سواريه,,405,,accessories,,,3,,
2762,رزه 8-sw سواريه,,405,,accessories,,,1,,
2763,22-sw سواريه,,600,,accessories,,,0,,
2764,خوخ 33- ay ترتر,,300,,accessories,,,8,,
2765,ترتر صغير 14,,275,,accessories,,,3,,
2766,ترتر كبير 14,,330,,accessories,,,8,,
2767,كروس حدوته,,405,,accessories,,,5,,
2768,سواريه روما,,495,,accessories,,,4,,
2769,حريمي فريش,,570,,accessories,,,4,,
2770,حريم ع م,,630,,accessories,,,6,,
2771,حريمي الملكه,,600,,accessories,,,4,,
2772,حريمي سيور 2026,,550,,accessories,,,2,,
2773,حريمي قمرايه,,678.06,,accessories,,,3,,
2774,حريمي سيور كروه,,485,,accessories,,,3,,
2775,حريمي موسه,,380,,accessories,,,5,,
2776,حريمي ليزر,,570,,accessories,,,6,,
2777,كروس ماكس,,455,,accessories,,,4,,
2778,حريمي رشاش,,575,,accessories,,,3,,
2779,كروس تمبمي,,423.7,,accessories,,,6,,
2780,كروس زرعه,,410,,accessories,,,2,,
2781,كورس بسكوته,,495,,accessories,,,6,,
2782,كروس كرشه,,415,,accessories,,,1,,
2783,كروس الاموره,,270,,accessories,,,1,,
2784,كورس الحمد,,465,,accessories,,,6,,
2785,كورس طنطا,,415,,accessories,,,2,,
2786,باك جاك 2027,,455,,accessories,,,3,,
2787,سواريه سعودي,,730,,accessories,,,6,,
2788,كروس wh-0105,,450,,accessories,,,4,,
2789,كورس 002282,,570,,accessories,,,7,,
2790,كورس 0017,,390,,accessories,,,5,,
2791,كورس 0036,,450,,accessories,,,6,,
2792,كورس 00219,,502.5,,accessories,,,5,,
2793,mo2s30007ladu,,450,,accessories,,,3,,
2794,az00105كورس,,610,,accessories,,,5,,
2795,كورس 0115,,414.21,,accessories,,,4,,
2796,كروس 0062,,300,,accessories,,,2,,
2797,كورس 0002,,390,,accessories,,,3,,
2798,كورس 0007,,300,,accessories,,,3,,
2799,كورس 0046,,675,,accessories,,,3,,
2800,eve00440/lady,,700,,accessories,,,3,,
2801,a.z0055 كورس,,530,,accessories,,,4,,
2802,كورس  0014,,510,,accessories,,,4,,
2803,كورس0041,,380.6,,accessories,,,5,,
2804,كورس 006,,420,,accessories,,,6,,
2805,كورس 0012,,687.29,,accessories,,,4,,
2806,كورس 0081,,610,,accessories,,,3,,
2807,كورس 0084,,230,,accessories,,,4,,
2808,كورس 0077,,689.99,,accessories,,,5,,
2809,lady0243,,675,,accessories,,,5,,
2810,كورس,,380,,accessories,,,6,,
2811,كورس 00012,,450,,accessories,,,4,,
2812,lady 0072,,570,,accessories,,,7,,
2813,lady 0079,,455,,accessories,,,5,,
2814,كورس 0020,,280,,accessories,,,4,,
2815,كورس 0043,,575,,accessories,,,5,,
2816,كورس 0022,,680,,accessories,,,4,,
2817,كورس 0071,,950,,accessories,,,4,,
2818,كورس 0028,,575,,accessories,,,6,,
2819,كورس0012,,756.6,,accessories,,,6,,
2820,كورس 0072,,780,,accessories,,,2,,
2821,كورس 00036,,450,,accessories,,,4,,
2822,بوك مستورد 1,,180,,accessories,,,79,,
2823,بوك مستورد11,,200,,accessories,,,97,,
2824,بوك مستورد 1/1,,160,,accessories,,,105,,
2825,بوك مستورد 1/11,,150,,accessories,,,21,,
2827,بوك مستورد .,,130,,accessories,,,3,,
2828,بوك مستورد ..,,130,,accessories,,,4,,
2829,بوك مستورد ....,,120,,accessories,,,18,,
2830,بوك مستورد 1..,,75,,accessories,,,30,,
2831,يوك مستورد ..,,110,,accessories,,,12,,
2832,بوك مستورد 1.1,,110,,accessories,,,20,,
2833,Face Charm كحل,,20,,makeup,,,40,,
2834,طقم برفان 4قطع لوكس,,565,,perfume,,,2,,
2835,Al.ola Perfume 100ml,,180,,perfume,,,32,,
2836,شنطه الاموره,,450,,bags,,,4,,
2837,كورس ك,,730,,accessories,,,4,,
2838,كروس دلع,,450,,accessories,,,5,,
2839,كورس ع,,375,,accessories,,,7,,
2840,شنطه كيان,,430,,bags,,,3,,
2841,شنطه لوزه,,530,,bags,,,4,,
2842,معلقه خشب سليكون,,160,,accessories,,,33,,
2843,مقصوصه خشب سليكون,,160,,accessories,,,35,,
2844,شياله خشب سليكون,,160,,accessories,,,35,,
2845,مقصوصه خشب اسبكتي,,160,,accessories,,,35,,
2846,مقصوصه سيليكون *خشب,,135,,accessories,,,24,,
2847,مغرفه سيليكون *خشب,,135,,accessories,,,24,,
2848,مقصوص سيليكون *خشب,,135,,accessories,,,24,,
2849,مقصوصه سيليكون *خشب .,,135,,accessories,,,24,,
2850,شماعه 6*1.,,180,,accessories,,,18,,
2851,شماعه 6*1. هوك,,70,,accessories,,,9,,
2852,شماعه 5*1. هوك,,30,,accessories,,,6,,
2853,شماعه 3*1. هوك,,65,,accessories,,,10,,
2854,شماعه 2*1. هوك,,60,,accessories,,,23,,
2855,شماعه 3*1. هوك.,,40,,accessories,,,10,,
2856,شماعه 3*1. هوك...,,40,,accessories,,,10,,
2857,شماعه 2*1. هوك.,,60,,accessories,,,12,,
2858,مقص  .,,55,,accessories,,,8,,
2859,DS مقص,,105,,accessories,,,10,,
2860,مسن,,70,,accessories,,,8,,
2861,نشابه خش,,95,,accessories,,,8,,
2862,قالب كيك سيليكون 1,,90,,accessories,,,12,,
2863,قالب كيك سيليكون 1.,,75,,accessories,,,11,,
2864,قالب كيك سيليكون .1.,,90,,accessories,,,12,,
2865,كيك سيليكون .1.,,90,,accessories,,,12,,
2866,كيك سيليكون شوكولاته,,75,,accessories,,,8,,
2867,قالب ...كيك سيليكون,,90,,accessories,,,12,,
2868,قالب كيك سيليكون .1..,,90,,accessories,,,12,,
2869,YoumeIمقص,,35,,accessories,,,9,,
2870,مقص 1,,105,,accessories,,,10,,
2871,Losyahs شنطه,,400,,bags,,,27,,
2872,Dolce Gabbana شنطة,,650,,bags,,,16,,
2873,Coach شنطة,,500,,bags,,,33,,
2874,Coach شنطة ك,,550,,bags,,,12,,
2875,Gucci شنطة,,500,,bags,,,45,,
2876,شنطه بمب,,350,,bags,,,4,,
2877,Sishang شنطة,,600,,bags,,,8,,
2878,شنطة الوان,,650,,bags,,,8,,
2879,V شنطة,,350,,bags,,,14,,
2880,Jacobs شنطة,,800,,bags,,,15,,
2881,Gucci.شنطة,,500,,bags,,,9,,
2882,DIESEL شنطة,,500,,bags,,,21,,
2883,مصفاهاستالس مقاس 10,,95,,kitchen,,,24,,
2884,مصفاهاستالس مقاس 14,,105,,kitchen,,,23,,
2885,مصفاهاستالس مقاس 18,,140,,kitchen,,,24,,
2886,مصفاهاستالس مقاس 20,,145,,kitchen,,,22,,
2887,مصفاهاستالس مقاس 22,,155,,kitchen,,,23,,
2888,مصفاه استالس فضي مقاس 10-12-14,,110,,kitchen,,,3,,
2889,مصفاه استالس اسود مقاس 10-12-14,,125,,kitchen,,,2,,
2890,مصفاه استالس اسود مقاس8-10-12,,90,,kitchen,,,4,,
2891,مصفاه استالس اسود مقاس 14-16-18,,205,,kitchen,,,5,,
2892,مصفاه استالس اسود مقاس 16-20-24,,265,,kitchen,,,6,,
2893,اسباتو لا سيليوكن,,75,,accessories,,,20,,
2894,معلقه سيليكون,,75,,accessories,,,21,,
2895,مقصوصه سيليكون,,75,,accessories,,,23,,
2896,كبشه سيليكون,,75,,kitchen,,,34,,
2897,مقصوصه سيليكون .,,75,,accessories,,,23,,
2898,مقصوصه سيليكون ..,,75,,accessories,,,24,,
2899,صبانه,,70,,accessories,,,14,,
2900,مضرب نسكافيه كبير 1*2 usb,,150,,accessories,,,9,,
2901,مضرب نسكافيه كبير usb,,175,,accessories,,,19,,
2902,زياته,,40,,accessories,,,7,,
2903,طاسه مقاس 24,,390,,kitchen,,,5,,
2904,طاسه مقاس 26,,420,,kitchen,,,6,,
2905,طاسه مقاس 28,,460,,kitchen,,,0,,
2906,مقلابه بني مقاس 20سم,,520,,kitchen,,,3,,
2907,مقلابه اسود مقاس 22سم,,565,,kitchen,,,3,,
2908,مقلابه اسود مقاس 24سم,,605,,kitchen,,,2,,
2909,مقلابه اسود مقاس 20 سم,,525,,kitchen,,,3,,
2910,مقلابه اسود مقاس 26 سم,,695,,kitchen,,,3,,
2911,طقم مقلابه برولي 3 ق,,1850,,kitchen,,,1,,
2912,طاسه 26 سم,,545,,kitchen,,,3,,
2913,طاسه 22سم,,475,,kitchen,,,2,,
2914,طاسه 18 سم,,405,,kitchen,,,3,,
2915,طاسه 20سم,,440,,kitchen,,,3,,
2916,طاسه 12سم,,160,,kitchen,,,5,,
2917,طاسه 14 سم,,180,,kitchen,,,6,,
2918,طاسه 16 سم,,195,,kitchen,,,5,,
2919,مصفاه اسود مقاس 34 سم,,315,,kitchen,,,5,,
2920,مصفاه اسود بيدين مقاس .22.5سم,,220,,kitchen,,,11,,
2921,فوطف مطبخ الوان .,,40,,accessories,,,58,,
2922,مريله مطبخ,,190,,accessories,,,50,,
2923,ليفه مواعين,,50,,accessories,,,5,,
2924,مساحه لون اسود,,60,,accessories,,,4,,
2925,علاقه شكل,,55,,accessories,,,11,,
2926,شماعه,,115,,accessories,,,5,,
2927,علاقه .,,120,,accessories,,,12,,
2928,علاقه ..,,35,,accessories,,,19,,
2929,فوشه جاروف لوان اصفر,,35,,accessories,,,7,,
2930,فرشه شيش,,90,,accessories,,,12,,
2931,شماعه لون سيموني,,160,,accessories,,,3,,
2932,شماعه لون بيبي بلو,,130,,accessories,,,1,,
2933,شماعه لون بينك,,165,,accessories,,,4,,
2934,شماعه .,,210,,accessories,,,2,,
2935,شماعه لون بيبي بلي 0,,105,,accessories,,,6,,
2936,شماعه لون ازرق,,145,,accessories,,,6,,
2937,شماعه....,,220,,accessories,,,6,,
2938,شماعه لون بنطلون,,100,,accessories,,,2,,
2939,علاقه بنطلون,,225,,accessories,,,6,,
2940,ورق ايرفلاير 5.4*20,,85,,accessories,,,5,,
2941,عجله بيتزا,,105,,kitchen,,,5,,
2942,قشارة بطاطس,,80,,kitchen,,,5,,
2943,قشارة,,105,,kitchen,,,6,,
2944,قطاعة تفاح لوكس,,275,,accessories,,,4,,
2945,قشارة استانلس,,105,,kitchen,,,6,,
2946,عصارة برتقال لوكس,,305,,accessories,,,6,,
2947,كسارة بندق كرت,,165,,accessories,,,6,,
2948,عجلة بيتزا لوكس,,75,,accessories,,,5,,
2949,عارة لموان اسود لوكس,,305,,accessories,,,6,,
2950,شاكوش بفتيك,,205,,accessories,,,5,,
2951,قطاعه بيض اسود لوكس,,230,,kitchen,,,5,,
2952,ترمس يد خشب 1لتر بومبيه,,850,,accessories,,,6,,
2953,ترمس يد خشب عدل,,830,,accessories,,,6,,
2954,خلاط كهرباءي جامبو كاتم صوت,,6000,,accessories,,,1,,
2955,صفايه معالق,,130,,accessories,,,1,,
2956,صفايه معالق معدن,,135,,accessories,,,4,,
2957,حامل معدن,,250,,accessories,,,6,,
2958,صفايه معالق .,,280,,accessories,,,4,,
2959,مبشرة مقاس 9,,130,,kitchen,,,5,,
2960,مبشرة مقاس 8,,120,,kitchen,,,5,,
2961,مبشرة مقاس 9.,,135,,kitchen,,,4,,
2962,مبشرة مقاس 9لوكس ...,,205,,kitchen,,,6,,
2963,مبشرة ..,,125,,kitchen,,,6,,
2964,مطبقيه معدن اسود دهبي,,960,,kitchen,,,2,,
2965,صفاية اطباق,,820,,accessories,,,3,,
2966,صفايه معدان,,950,,accessories,,,3,,
2967,حامل اكواب,,240,,accessories,,,3,,
2968,طبق فاكهة جولد 2دور,,550,,accessories,,,6,,
2969,طقم سكاكين .,,2600,,accessories,,,2,,
2970,طقم سكاكين ..,,2400,,accessories,,,2,,
2971,مساحه 0,,240,,accessories,,,6,,
2972,مساحه 0.,,125,,accessories,,,6,,
2973,مساحه تميمة,,185,,accessories,,,6,,
2974,مساحه.0,,240,,accessories,,,6,,
2975,مساحه-,,180,,accessories,,,6,,
2976,مساحه -.,,230,,accessories,,,5,,
2977,جردل +مساحه,,325,,kitchen,,,6,,
2978,مساحه*.,,320,,accessories,,,5,,
2979,فرشاه,,75,,accessories,,,5,,
2980,علبه بلاستك للتلاجه,,170,,accessories,,,9,,
2981,طقم حمام الوان,,660,,accessories,,,12,,
2983,طقم حمام .,,680,,accessories,,,6,,
2984,طقم حمام بلاستك .,,680,,accessories,,,3,,
2985,طقم توزيع سيلكون *خشب دوار,,830,,accessories,,,5,,
2986,حامل سكاكين باص,,1050,,accessories,,,5,,
2987,سكاكين باص استالس,,1300,,accessories,,,6,,
2988,طفاية زجاج فامية,,90,,accessories,,,7,,
2989,طفاية زجاج,,55,,accessories,,,7,,
2990,طفاية زجاج  عسلي,,90,,accessories,,,7,,
2991,طفاية زجاج .,,70,,accessories,,,9,,
2992,طفاية زجاج ..,,85,,accessories,,,11,,
2993,طفاية زجاج فامية .,,95,,accessories,,,10,,
2994,طفاية زجاج عسلي ..,,95,,accessories,,,8,,
2995,ركنه حمام لوكس,,405,,accessories,,,6,,
2996,براد استالس 3لتر,,980,,accessories,,,3,,
2997,براد استالس 3لتر .,,1050,,accessories,,,2,,
2998,ترمس 2لتر,,650,,accessories,,,3,,
2999,ترمس 1.5لتر,,600,,accessories,,,3,,
3000,ترمس3لتر,,600,,accessories,,,3,,
3001,علب حفظ طعام 850+1500+3750ملي,,465,,kitchen,,,15,,
3002,علب حفظ طعام .لوكس,,760,,kitchen,,,3,,
3003,مصفاه بلاسيتك 4*1,,900,,kitchen,,,2,,
3004,شماعه لون اخضر,,85,,accessories,,,7,,
3005,علاقه fsdl,,30,,accessories,,,9,,
3006,طقم حمام ..,,700,,accessories,,,5,,
3007,علبه بلاستك للتلاجه .,,165,,accessories,,,6,,
3008,طفايه زجاج /,,105,,kitchen,,,9,,
3009,مشبك خشاب,,20,,accessories,,,47,,
3010,مقصوصه سيلكون .,,75,,accessories,,,23,,
3011,مقصوصه سيلكون ..,,75,,accessories,,,14,,
3012,كبشه سيلكون,,75,,kitchen,,,42,,
3013,مقصوصه سيلكون ...,,75,,accessories,,,23,,
3014,اسباتو لا سيلكون,,75,,accessories,,,24,,
3015,مصفاه استالس يد خشب,,115,,kitchen,,,6,,
3016,مصفاه استالس اسود يد خشب,,105,,kitchen,,,3,,
3017,مبشره استالس يد خشب كبيره,,110,,kitchen,,,6,,
3018,عجله بيتزا  استالس يد خشب,,110,,kitchen,,,4,,
3019,شياله +عجله بيتزا  استالس يد خشب,,105,,kitchen,,,6,,
3020,مبشاره استالس يد خشب قلم,,115,,accessories,,,6,,
3021,قشاره  استالس يد خشب,,110,,kitchen,,,6,,
3022,قشاره  استالس يد خشب .,,105,,kitchen,,,6,,
3023,قشاره  استالس عريضه,,140,,kitchen,,,5,,
3024,مقوار استالس,,87.5,,accessories,,,6,,
3025,بوله ايس كريم يد خشب,,95,,accessories,,,5,,
3026,شياله اكريليك اسود يدخشب,,90,,accessories,,,6,,
3027,قطاعه استالس يد خشب,,95,,accessories,,,5,,
3028,مضرب بيض استالس يد خشب,,105,,accessories,,,6,,
3029,قشاره استالس قلم اسود يد خشب,,95,,kitchen,,,4,,
3030,طبق تسالي .,,350,,accessories,,,12,,
3031,طبق تسالي عسلي,,285,,accessories,,,11,,
3032,طبق تسالي ...,,340,,accessories,,,8,,
3033,مكعبات ثلج,,30,,accessories,,,0,,
3034,سدادة كيس,,25,,accessories,,,5,,
3035,طاسه مقاس 28.,,465,,kitchen,,,3,,
3036,شياله +عجل بيتزا استالس يد خشب,,95,,accessories,,,5,,
3037,مساحه لو,,220,,accessories,,,5,,
3038,مساحه او فتاله,,105,,accessories,,,6,,
3039,سبلاش دون 60مل,,25,,perfume,,,22,,
3040,فوطه تجفيف فايبر,,40,,accessories,,,19,,
3041,فوطه ماركات,,35,,accessories,,,83,,
3042,جاروف وينز,,30,,accessories,,,7,,
3043,حبل غسيل سلك,,35,,accessories,,,20,,
3044,فرشه بوتجاز 3*1 كبيرة,,40,,accessories,,,4,,
3045,فرشه سمك 3*1,,20,,accessories,,,4,,
3046,قطاعه جزر,,20,,accessories,,,3,,
3047,قشاره,,25,,kitchen,,,16,,
3048,مبشره كف,,30,,kitchen,,,20,,
3049,مصفي بطاطس بيد بلاستك,,65,,accessories,,,7,,
3050,مضرب بيض استلس,,30,,accessories,,,31,,
3051,مضرب بيض سيلكون,,30,,accessories,,,14,,
3052,مضرب بيض سيلكون مروحه,,30,,accessories,,,5,,
3053,عصاره ليمون عاده,,40,,accessories,,,18,,
3054,هراسه جرانيت,,40,,accessories,,,17,,
3055,ولاعه شرز,,80,,accessories,,,11,,
3056,ولاعه غاز كارت,,30,,accessories,,,15,,
3057,مقص مفك برتقالي,,40,,accessories,,,9,,
3058,هراسه توم,,80,,accessories,,,2,,
3059,بخاخ كروت ماكس,,45,,accessories,,,20,,
3060,بخاخ ماء لمسه,,40,,accessories,,,19,,
3061,بخاخه  مستورده,,30,,accessories,,,6,,
3062,برطمان 1250فيلوباتير,,40,,kitchen,,,9,,
3063,برطمان 330 فيلوباتير,,25,,kitchen,,,12,,
3064,برطمان 660 فيلوباتير,,30,,kitchen,,,12,,
3065,برطمان ثماني كلاسيك لمسه,,120,,kitchen,,,12,,
3066,برطمان رويال باليد لمسه,,55,,kitchen,,,17,,
3067,برطمان غطاء فراوله 1250 فيلوباتير,,40,,kitchen,,,9,,
3068,برطمان غطاء فراوله 212 فيلوباتير,,15,,kitchen,,,20,,
3069,برطمان غطاء فراوله 660 فيلوباتير,,30,,kitchen,,,12,,
3070,برطمان غطاء مجدول 1250 فيلوباتير,,40,,kitchen,,,12,,
3071,برطمان لوكس2000 لمسه,,45,,kitchen,,,16,,
3072,برطمان لومينا رباعي لمسه,,180,,kitchen,,,12,,
3073,بوله اركو 3.5لتر لمسه,,55,,accessories,,,0,,
3074,بوله مدوره 1 الوطنيه,,35,,accessories,,,32,,
3075,بوله مدوره 2 الوطنيه,,50,,accessories,,,20,,
3076,بوله مدوره 3الوطنيه,,65,,accessories,,,13,,
3077,ترابيزه ماءده 76*184 هايل,,3600,,accessories,,,1,,
3078,ترابيزه مكوه اليجانت هايل,,990,,accessories,,,1,,
3079,ترابيزه مكوه اورجينال هايل,,1150,,accessories,,,1,,
3080,ترابيزه مكوه خشب هايل,,575,,accessories,,,1,,
3081,ترابيزه مكوه سوليتير  هايل,,1100,,accessories,,,1,,
3082,ترابيزه مكوه غزاله  هايل,,1180,,accessories,,,1,,
3083,ترابيزه مكوه كلاسيك هايل,,870,,accessories,,,1,,
3084,ترابيزه مكوه ميجا  هايل,,1055,,accessories,,,1,,
3085,ربو 3د مدور معدن اسود لوكس,,580,,accessories,,,1,,
3086,ربو 4د مدور معدن اسود لوكس,,730,,accessories,,,2,,
3087,ربو 5د مدور معدن اسود لوكس,,870,,accessories,,,1,,
3088,تربو تركي 3 د الوطنيه,,420,,accessories,,,2,,
3089,تربو تركي 4 د الوطنيه,,520,,accessories,,,3,,
3090,جردل اوتوماتك الوطنيه,,1050,,kitchen,,,2,,
3091,جردل اوسكار 18لتر بيدمعدن الوطنيه,,150,,kitchen,,,2,,
3092,جردل اوفال ماكس,,160,,kitchen,,,6,,
3093,جردل تورنيدو الوطنيه,,930,,kitchen,,,1,,
3094,جردل جرانيت استلس,,425,,kitchen,,,2,,
3095,جردل دلوعه استلس الوطنيه,,650,,kitchen,,,2,,
3096,جردل رويال الوطنيه,,160,,kitchen,,,6,,
3097,جردل سوبر كلين الوطنيه,,770,,kitchen,,,2,,
3098,جردل فرنساوي  استلس الوطنيه,,975,,kitchen,,,2,,
3099,جردل كلينو مدور شفاف 15لتر لمسه,,125,,kitchen,,,12,,
3100,جردل كيمو بالعجل الوطنيه,,160,,kitchen,,,5,,
3101,جزامه راتان 4د الوطنيه,,495,,kitchen,,,2,,
3102,جزامه كلاسيك 5د  الوطنيه,,452.58,,kitchen,,,2,,
3103,جزامه كلاسيك 6د  الوطنيه,,450,,kitchen,,,2,,
3104,حامل معالق بالقاعده لمسه,,40,,accessories,,,10,,
3105,جردل التر فيدا الوطنيه,,1090,,kitchen,,,2,,
3106,حماله معالق سيلا,,25,,accessories,,,8,,
3107,درج معالق لمسه,,55,,accessories,,,6,,
3108,دولاب ايليت كبير 3د الوطنيه,,2100,,accessories,,,1,,
3109,دولاب ايليت كبير 4د الوطنيه,,2700,,accessories,,,1,,
3110,دولاب ايليت ميني  3د الوطنيه,,1480,,accessories,,,1,,
3111,ركنه حمام لمسه لمسه,,150,,accessories,,,2,,
3112,رول مناديل مطبخ قلي لمسه,,85,,kitchen,,,10,,
3113,زباله جرند روكا الوطنيه 50لتر,,571.84,,kitchen,,,1,,
3114,زباله راتان 1 الوطنيه,,145,,kitchen,,,1,,
3115,زباله راتان 2 الوطنيه,,210,,kitchen,,,2,,
3116,زباله راتان 3 الوطنيه,,300,,kitchen,,,2,,
3117,زباله روكي الوطنيه 35 لتر,,360,,kitchen,,,0,,
3118,زباله كليك 1 الوطنيه,,145,,kitchen,,,1,,
3119,زباله كليك 2 الوطنيه,,180,,kitchen,,,1,,
3120,زباله نيو روكا الوطنيه,,330,,kitchen,,,2,,
3121,زباله يوناني 1 الوطنيه,,175,,kitchen,,,3,,
3122,زباله يوناني 2 الوطنيه,,270,,kitchen,,,2,,
3123,زباله يوناني 3 الوطنيه,,280,,kitchen,,,3,,
3124,زجاجه مياه ورده فيلوباتير,,30,,kitchen,,,15,,
3125,سبت غسيل يلايا كبير الوطنيه,,450,,accessories,,,2,,
3126,سبت غسيل فيلو بالغطاء الوطنيه,,475,,accessories,,,1,,
3127,سبت غسيل نت بالغطاء الوطنيه 50لتر,,525,,accessories,,,2,,
3128,سبت غسيل نوفا بالغطاء الوطنيه,,450,,accessories,,,2,,
3129,سبت غسيل نت 1الوطنيه,,265,,accessories,,,2,,
3130,سبت غسيل نت 2الوطنيه,,315,,accessories,,,3,,
3131,سبت فاكه معدن 1 د اسود,,120,,accessories,,,5,,
3132,سبت فاكه معدن 2 د اسود,,150,,accessories,,,6,,
3133,ستاند توابل روما الوطنيه,,250,,accessories,,,2,,
3134,ستاند مطبخ 3 د الوطنيه,,300,,accessories,,,2,,
3135,ستاند مطبخ 4 د الوطنيه,,400,,accessories,,,2,,
3136,سكينه يد خشب ص,,30,,kitchen,,,5,,
3137,سكينه يد خشب ك,,35,,kitchen,,,3,,
3138,سلم 5د نيو ستار هايل,,1300,,accessories,,,2,,
3139,سلم 6د سمارت هايل,,1500,,accessories,,,2,,
3140,سله بلايا الوطنيه,,90,,kitchen,,,8,,
3141,سله روتانا 1  الوطنيه,,15,,kitchen,,,64,,
3142,سله روتانا 2  الوطنيه,,25,,kitchen,,,9,,
3143,سله روتانا 3 الوطنيه,,45,,kitchen,,,3,,
3144,سله روتانا 4  الوطنيه,,65,,kitchen,,,6,,
3145,سله ريكا   الوطنيه,,120,,kitchen,,,12,,
3146,سله فيلو مدوره  الوطنيه,,70,,kitchen,,,4,,
3147,سله فيلو مربعه  الوطنيه,,70,,kitchen,,,4,,
3148,سوبر بامب لمسه,,55,,accessories,,,10,,
3149,طبق ارت لمسه,,500,,accessories,,,6,,
3150,طقم ثلاجه تيك توك مدور  فيلوباتبر,,85,,accessories,,,16,,
3151,طقم ثلاجه تيك توك مربع  فيلوباتبر,,90,,accessories,,,24,,
3152,طقم روبيك الوطنيه,,180,,accessories,,,4,,
3153,طقم سلايد الوطنيه,,300,,accessories,,,1,,
3154,طقم عجان استلس 3*1,,300,,accessories,,,0,,
3155,طقم قالب ثلج بالغطاء 2*1 لمسه,,70,,kitchen,,,1,,
3156,طقم ماستر لاين مربع  الوطنيه,,140,,accessories,,,8,,
3157,طقم ماستر لاين مستطيل الوطنيه,,140,,accessories,,,8,,
3158,طقم مصفي روما مدوره الوطنيه 3*1,,125,,accessories,,,1,,
3159,طقم مصفي روما مربعه  الوطنيه 3*1,,145,,accessories,,,5,,
3160,طقم مصفي صني الوطنيه,,150,,accessories,,,3,,
3161,علبه مسحوق صغيره الوطنيه,,150,,accessories,,,5,,
3162,غلايه قهوه كهرباء سينكو,,200,,kitchen,,,5,,
3163,فريش بوكس 1 الوطنيه,,35,,accessories,,,24,,
3164,فريش بوكس 2 الوطنيه,,56,,accessories,,,10,,
3165,فريش بوكس 4 الوطنيه,,130,,accessories,,,12,,
3166,فريش بوكس 5 الوطنيه,,170,,accessories,,,12,,
3167,كرسي الجامعه الوطنيه,,260,,accessories,,,4,,
3168,كرسي برايم الاندلس,,110,,accessories,,,6,,
3169,كرسي حمام راتان,,100,,kitchen,,,3,,
3170,كرسي حمام سندباد,,125,,kitchen,,,5,,
3171,كرسي حمام كلاسيك صغير الوطنيه,,125,,kitchen,,,1,,
3172,كرسي حمام كلاسيك كبير  الوطنيه,,150,,kitchen,,,0,,
3173,كرسي حمام كيمو 2لون التعلب,,105,,kitchen,,,5,,
3174,كرسي معدن هايل,,800,,accessories,,,4,,
3175,كوب فاميلي  لمسه,,35,,kitchen,,,16,,
3176,كيك ستور مدور لمسه,,125,,accessories,,,5,,
3177,طبق مع مصفي مربعه لافا ماكس,,145,,accessories,,,11,,
3178,طبق نانا 1 الوطنيه,,45,,accessories,,,2,,
3179,طبق نانا 2 الوطنيه,,55,,accessories,,,0,,
3180,طبق نانا 3 الوطنيه,,90,,accessories,,,1,,
3181,طقم عجان استلس بالمبشره,,300,,kitchen,,,7,,
3182,لايت بوكس30الوطنيه,,278.24,,accessories,,,6,,
3183,لايت بوكس 47 لتر النوطيه,,360,,accessories,,,5,,
3184,لايت بوكس 72 الوطنيه,,500,,accessories,,,4,,
3185,مشر مربع استلس,,30,,accessories,,,5,,
3186,مجفف خضار الوطنيه,,175.5,,accessories,,,6,,
3187,مرايا حمام لمسه,,210,,accessories,,,4,,
3188,مساكه استلس صغيره,,20,,accessories,,,13,,
3189,مطبقيه الجوكر الوطنيه,,280,,kitchen,,,1,,
3190,مطبقيه برو الاشفاء,,578.58,,kitchen,,,1,,
3191,مطبقيه راتان الوطنيه,,330,,kitchen,,,3,,
3192,مطبقيه لؤلؤه الوطنيه,,250,,kitchen,,,0,,
3193,مقص مفك برتقلي ك,,35,,accessories,,,12,,
3194,مقوار خشب يد منقوشه,,10,,accessories,,,47,,
3195,منشر استاند3 د,,1500,,accessories,,,1,,
3196,منشر فضي هايل,,500,,accessories,,,2,,
3197,منشر لوكس 2د سوبر,,925,,accessories,,,2,,
3198,منشر لوكس هايل,,670,,accessories,,,2,,
3199,منشر ليزر 1د هايل,,1250,,accessories,,,1,,
3200,منشر ليزر 2د بلس,,1500,,accessories,,,1,,
3202,منظم 2لون  صغير 24 ق الوطنيه,,50,,kitchen,,,19,,
3203,منظم 2 لون كبير 24قالوطنيه,,55,,kitchen,,,24,,
3204,منظم بولات ميرا الوطنيه,,40,,kitchen,,,24,,
3205,منظم راتان صغير الوطنيه,,50,,kitchen,,,11,,
3206,منظم راتان كبير الوطنيه,,65,,kitchen,,,9,,
3207,هراسة توم باليد,,75,,accessories,,,6,,
3208,بطرمان غطاء مجدول330,,20,,kitchen,,,6,,
3209,طقم ثلاجه تيك توك مدور فيلوباتير,,80,,accessories,,,24,,
3210,شماعه الحسن,,45,,accessories,,,2,,
3211,شانون اورجانيزر 4,,1050,,accessories,,,2,,
3212,فريش بوكس 3 الوطنيه,,80,,accessories,,,11,,
3213,مصفي رز صغيره الطنيه,,42.67,,accessories,,,13,,
3214,مبش مربعه استلس,,60,,accessories,,,2,,
3215,بخاخه مستورده,,30,,accessories,,,4,,
3216,طقم مصفي استلس 3*1بيدسيلكون,,400,,accessories,,,3,,
3217,طقم مصفي استلس 3*1بيد استلس,,380,,accessories,,,3,,
3218,توكه.استك,,7.5,,accessories,,,0,,
3219,Dosh شاور جل,,110,,accessories,,,1,,
3220,Rivoli شاور 500مل,,75,,accessories,,,0,,
3221,kamena شامبو 750مل,,135,,haircare,,,3,,
3222,Bobana شامبو 400مل ارجان,,110,,haircare,,,1,,
3223,Bobana بلسم400مل,,90,,haircare,,,1,,
3224,Bobana شامبو 400مل,,105,,haircare,,,1,,
3225,Frida شاور جل 250مل,,55,,accessories,,,12,,
3226,Dove سبراي مستورد 250مل,,240,,accessories,,,5,,
3227,Flo سبراي 75مل,,30,,accessories,,,16,,
3228,TRi سبراي امارتي 75مل,,40,,accessories,,,23,,
3229,Msa سبراي امراتي 75مل,,95,,accessories,,,39,,
3230,Kamena شاور 750مل,,110,,accessories,,,3,,
3231,Evona كريم جلسرين,,25,,accessories,,,7,,
3232,Evona جل صبار برطمان,,20,,kitchen,,,3,,
3233,Evona ماسك طمي,,20,,skincare,,,9,,
3234,Rolls كريم 500مل,,100,,accessories,,,1,,
3235,Butterfly جل كعب الغزال,,20,,accessories,,,1,,
3237,Evona كريم بشرة 50مل,,20,,skincare,,,14,,
3238,مكسيمنس 90منديل,,30,,accessories,,,3,,
3239,مكسيمنس 72 منديل,,25,,accessories,,,5,,
3240,Onge 72 منديل,,22,,accessories,,,1,,
3241,Bembo 72 منديل,,25,,accessories,,,6,,
3242,Coco اكلادور,,40,,accessories,,,78,,
3243,Himalaya غسول 100مل,,90,,skincare,,,11,,
3244,Armory اسبراي تركي 150مل,,75,,perfume,,,51,,
3245,دودج ليف ان كريم 250مل,,65,,accessories,,,16,,
3246,ايفونا كعب الغزال 300جرام,,30,,accessories,,,6,,
3247,Pure رول اون,,35,,accessories,,,8,,
3248,كنوز الشام 100مل,,75,,accessories,,,0,,
3249,كنوز الشام 250مل,,130,,accessories,,,23,,
3250,Coco واكس زيت,,65,,accessories,,,5,,
3251,Coco بودي سبلاش لوكس,,165,,perfume,,,0,,
3252,Evona كريم صنفرة 250مل,,25,,accessories,,,9,,
3253,فيونا مناديل شمع 100ق,,55,,accessories,,,12,,
3254,فيشر خلة اسنان بلاستيك,,15,,accessories,,,20,,
3255,قطن خشب 200عود,,30,,accessories,,,9,,
3256,Velvet قطن اذن 120عود,,20,,accessories,,,7,,
3257,Smile قطن اذن 100عود,,12,,accessories,,,11,,
3258,Lijh قطن خشب كبير,,15,,accessories,,,4,,
3259,Lijhقطن خشب ص,,10,,accessories,,,11,,
3260,فرشة صبغة الوان,,10,,accessories,,,10,,
3261,فرشة استشوار شعر حراري,,45,,accessories,,,8,,
3262,Tina فرشه زيرو,,45,,accessories,,,0,,
3263,Jiamei Combo,,65,,accessories,,,0,,
3264,Coco فرشة شعر كف,,90,,accessories,,,2,,
3265,Coco فرشة شعر بيضاوي,,80,,accessories,,,3,,
3266,Andra سبراي 125مل,,65,,accessories,,,6,,
3267,Shails Spray 150ml,,85,,accessories,,,7,,
3268,First مناديل شمع ايطالي,,40,,accessories,,,10,,
3269,Bambino قطن مكياج 120ق,,95,,accessories,,,0,,
3270,Bambino قطن ميكب 100ق,,80,,accessories,,,5,,
3271,Viona قطن ميكب 70ق,,80,,accessories,,,5,,
3272,Lovely عود قطن 200ق,,20,,accessories,,,8,,
3273,Velvet قطن ميكب 120ق,,70,,accessories,,,0,,
3274,Easy care مناديل مبلله 40ق,,25,,accessories,,,1,,
3275,Easy care مناديل مبلله 80ق,,45,,accessories,,,0,,
3276,نونو شامبو 300مل,,70,,haircare,,,6,,
3277,جونسون زيت 200مل,,135,,accessories,,,12,,
3278,زيت نونو 100مل,,30,,accessories,,,1,,
3279,Fly Baby زيت,,110,,accessories,,,6,,
3280,جونسون كريم 170جرام,,105,,accessories,,,12,,
3281,جونسون كريم 100جرام,,80,,accessories,,,8,,
3282,جونسون شامبو 200مل,,105,,haircare,,,4,,
3283,مبشرة قدم,,30,,kitchen,,,22,,
3284,مبشرة قدم فسفوري,,12.5,,kitchen,,,24,,
3285,Ruska سيرم,,225,,skincare,,,3,,
3286,جونسون زيت 75مل,,70,,accessories,,,4,,
3287,مشط عسلي مجوز,,15,,kitchen,,,3,,
3288,Aishu مشط,,20,,accessories,,,13,,
3289,Lova  سيرم للشعر 90مل,,190,,skincare,,,2,,
3290,Devi سيرم 100ملي,,220,,skincare,,,3,,
3291,نتائج طبيعية بديل بروتين 200جرام,,65,,accessories,,,6,,
3292,نتائج الطبيعية كريم تفتيح 100مل,,40,,accessories,,,5,,
3293,جونسون بلسم 500مل,,185,,haircare,,,3,,
3294,نونو زيت 200مل,,110,,accessories,,,3,,
3295,BleuFleur صابون لبان الدكر,,60,,accessories,,,0,,
3296,BleuFleur صابون جلسرين بيبي+جوزالهند,,65,,accessories,,,6,,
3297,BlueFleur صابون فحم+حبة البركة,,60,,accessories,,,2,,
3298,Beesline رول اون 1+1,,550,,accessories,,,3,,
3299,Bobana ماسك حليب 250مل,,45,,accessories,,,0,,
3300,مملكة مسك الطهارة,,30,,accessories,,,41,,
3301,Vitalty سبلاش 250مل,,150,,perfume,,,26,,
3302,Don بودي سبلاش 250مل,,70,,perfume,,,14,,
3303,Dollar سبلاش 250مل,,160,,perfume,,,12,,
3304,Dove شاور 500مل,,120,,accessories,,,1,,
3305,Lux شاور 250مل,,60,,accessories,,,8,,
3306,Lolooa هاند وش,,45,,accessories,,,0,,
3307,Pantene شامبو 600مل,,285,,haircare,,,5,,
3308,Pantene شامبو 400مل,,215,,haircare,,,4,,
3309,Pantene شامبو 200مل,,115,,haircare,,,6,,
3310,Pantene بلسم 1,,160,,haircare,,,6,,
3311,Pantene بديل الزيت,,225,,accessories,,,11,,
3312,Coco Spray 120ml,,115,,accessories,,,25,,
3313,Infinity رول اون 1+1,,135,,accessories,,,1,,
3314,Drakon رول اون 1+1,,230,,accessories,,,17,,
3315,Mink شامبو 800مل,,90,,haircare,,,11,,
3316,Nevia رول اون 50مل,,85,,accessories,,,16,,
3317,Mink كريم هيرفود 350مل,,65,,accessories,,,5,,
3318,Brillante غسول 200مل,,75,,skincare,,,3,,
3319,Cedage كريم بخاخ 250مل,,50,,accessories,,,5,,
3320,Care&More رول اون 1+1,,95,,accessories,,,1,,
3321,فيبكس رول اون 50مل,,60,,accessories,,,9,,
3322,Care&More رول اون,,42.25,,accessories,,,2,,
3323,Bobana رول اون,,55,,accessories,,,8,,
3324,Dove رول اون,,110,,accessories,,,6,,
3325,Rexona رول اون 50 ملي,,85,,accessories,,,3,,
3326,رول اون 50 ملي Rexona,,95,,accessories,,,8,,
3327,BObana سيرم 100 ملي,,120,,skincare,,,1,,
3328,Dorall بادي سبلاش,,160,,perfume,,,17,,
3329,Vitaity بادي سبلاش,,150,,perfume,,,2,,
3330,Dityo بادي اسبلاش 200 ملي,,95,,perfume,,,29,,
3331,بادي سبلاش 200 ملي Diamond,,85,,perfume,,,5,,
3332,مناديل مبلله 72 ق Grand,,25,,accessories,,,16,,
3333,Perchious برفيوم 65 ملي,,75,,accessories,,,3,,
3334,Memwa بادي سبلاش 200 ملي,,130,,perfume,,,35,,
3335,Bo bana ماسك قناع 120 ملي,,50,,accessories,,,3,,
3336,Bo bana ليف ان 200 ملي,,90,,accessories,,,1,,
3337,Bo bana بادي لوشن 240 ملي,,100,,accessories,,,9,,
3338,Vatika حمام كريم 900مل,,165,,haircare,,,15,,
3339,Vatika حمام كريم 450مل,,85,,haircare,,,5,,
3340,Vatika حمام كريم 225 ملي,,50,,haircare,,,11,,
3341,Amla اسبراي اطفال 200مل لا تشابك,,90,,perfume,,,6,,
3342,Amla شامبو اطفال 200مل,,80,,haircare,,,5,,
3343,Vatika كريم شعر 65مل,,42,,accessories,,,23,,
3344,Vatika كريم شعر 190مل,,80,,accessories,,,13,,
3345,Mink كريم بلبلسم 200مل,,60,,haircare,,,17,,
3346,Mink كريم هيرفوود 125جم,,35,,accessories,,,6,,
3347,Lova حمام كريم 500م,,135,,haircare,,,2,,
3348,بريانكا هير واكس ستيك,,98,,accessories,,,0,,
3349,Devi حمام كريم,,130,,haircare,,,3,,
3350,Mink حمام كريم 400جم,,75,,haircare,,,12,,
3351,Mink كريم هيرفوود 250جم,,57,,accessories,,,10,,
3352,Mink كريم واكس ملمع 100جم,,35,,accessories,,,12,,
3353,جونسون شامبو اطفال 300مل مستورد,,115,,haircare,,,3,,
3354,جونسون شامبو 750مل ميجا,,265,,haircare,,,3,,
3355,Nono شامبو عرض 2*1 750مل,,160,,haircare,,,6,,
3356,Nono شامبو 750مل عرض زيت,,185,,haircare,,,2,,
3357,جونسون شامبو 100مل,,60,,haircare,,,2,,
3358,FlyBaby شامبو 100مل,,55,,haircare,,,6,,
3359,Head&Shoulders 400مل,,242,,accessories,,,5,,
3360,Starky مخمريه 50مل,,30,,accessories,,,11,,
3361,FlyBaby شامبو 450مل,,135,,haircare,,,3,,
3362,Beesline غسول 5*1 اناره فوريه,,455,,skincare,,,3,,
3363,First-مخمريه للجسم صغير,,42,,accessories,,,26,,
3364,Coco بودي سبلاش 250مل,,160,,perfume,,,6,,
3365,Moist-1 سيكا كريم,,160,,accessories,,,5,,
3366,Nunu شامبو 500مل عرض شاور,,95,,haircare,,,2,,
3367,Nunu شامبو400 مل عرض شامبو,,120,,haircare,,,1,,
3368,Nunu شامبو 400مل عرض زيت,,140,,haircare,,,0,,
3369,Moist مرطب+سنتيلا  للبشرة الجافه,,285,,skincare,,,3,,
3370,Boon لوشن سبراي 250مل,,235,,accessories,,,2,,
3371,Boon شامبو 250مل,,310,,haircare,,,3,,
3372,Boon بلسم 250مل,,325,,haircare,,,4,,
3373,Boon شاور جل 500مل,,340,,accessories,,,3,,
3374,فازلين زيت جسم 200مل,,425,,accessories,,,2,,
3375,Shaan جل مرطب 120مل,,165,,skincare,,,0,,
3376,Shaan كريم مرطب 120مل,,145,,skincare,,,4,,
3377,كولاجرا صابون تفتيح 10جم,,65,,accessories,,,2,,
3378,Kolagra صن سكرين لوشن 2*1  120مل,,250,,skincare,,,0,,
3379,Moist كريم حب الشباب 60جم,,145,,accessories,,,2,,
3380,Beesline روتين تفتيح غسول+كريم,,800,,skincare,,,3,,
3381,Beesline غسول لتفتيح الوجه + تونر,,700,,skincare,,,1,,
3382,Beesline سبراي تفتيح 150مل,,498,,accessories,,,2,,
3383,شان بدي ميلك 300مل بالحليب,,220,,accessories,,,0,,
3384,StaVille غسول تفتيح 100مل.,,95,,skincare,,,5,,
3385,بريانكا زيت مساج,,110,,accessories,,,2,,
3386,زيت زعفران دكتور فيلر,,95,,accessories,,,3,,
3387,بريانكا بلسم فوت بالم 250جم,,55,,haircare,,,0,,
3388,زيت توم130مل+30مل كولاجين د فيلر,,120,,skincare,,,5,,
3389,بريانكا جل لبان الدكر 250مل,,35,,accessories,,,5,,
3390,بريانكا جل كعب الغزال250مل,,22,,accessories,,,3,,
3391,بريانكا جل صبار 250 ملي,,25,,accessories,,,5,,
3392,بريانكا قناع الطمي 250 ملي,,35,,accessories,,,8,,
3393,بريانكا خميره بيره,,50,,accessories,,,3,,
3394,بريانكا مقشر شفايف 50جم,,38,,skincare,,,3,,
3395,Starky صابون تفتيح 100جم,,30,,accessories,,,2,,
3396,Elone شيت ماسك,,30,,accessories,,,17,,
3397,Coco شمع شرائح 10*2,,85,,accessories,,,1,,
3398,سيرم سم النحل د فيلر 130مل +30مل كولاجين,,150,,skincare,,,1,,
3399,زيت السعد د فيلر 130مل+30مل كولاجين,,150,,skincare,,,2,,
3400,بريانكا قدم بطرمان,,78,,accessories,,,0,,
3401,بريانكا كريم لبان الدكر 250مل,,55,,accessories,,,2,,
3402,بريانكا كريم نبت السعد 250مل,,55,,accessories,,,3,,
3403,بريانكا كريم تين شوكي 250مل,,55,,accessories,,,3,,
3404,بريانكا كريم ذيل الحصان 250مل,,80,,accessories,,,3,,
3405,بريانكا خلطة حرير هندية 250جم,,80,,accessories,,,1,,
3406,كريم سم النحل د/فيلر 250مل اكسترا,,135,,accessories,,,3,,
3407,زيت مساج 10مل قابل للتذوق  د/فيلر,,82,,accessories,,,3,,
3408,سباركل شامبو 600مل,,106.26,,haircare,,,7,,
3409,سباركل شامبو 170مل,,40,,haircare,,,5,,
3410,عرض دراكون صن سكرين 1+1,,280,,skincare,,,0,,
3411,فازلسين لوشن 200مل,,150,,accessories,,,2,,
3412,INFINITY غسول بشره 150مل +50مل,,98,,skincare,,,6,,
3413,INFINITY سيرم فيتامين سي+غسول,,210,,skincare,,,1,,
3414,Capixy كريم لتساقط الشعر 120مل,,310,,haircare,,,2,,
3415,INFINITY غسول بشره 150+50مل,,88,,skincare,,,2,,
3416,INFINITY مارين كولاجين 1+1,,105,,skincare,,,2,,
3417,Capixy شامبو لتساقط الشعر 250مل,,270,,haircare,,,1,,
3418,بايو سوفت حمام كريم,,110,,haircare,,,0,,
3419,INFINITY ترياتو شامبو +بلسم,,180,,haircare,,,3,,
3420,Vaseline بادي اويل 200 ملي,,425,,accessories,,,1,,
3421,Garnier سيرم برايت 30 ملي,,260,,skincare,,,3,,
3422,Drakon غسول بخاخ 200 ملي,,230,,skincare,,,2,,
3423,Drakon غسول العنايه الشخصيه,,190,,skincare,,,2,,
3424,Drakon غسول بفرشه 175 ملي,,225,,skincare,,,2,,
3425,Mink بلسم 800مل,,90,,haircare,,,10,,
3426,Mink بلسم 700مل,,85,,haircare,,,11,,
3427,Mink شامبو 700مل,,85,,haircare,,,11,,
3428,Mink شامبو 400مل,,65,,haircare,,,5,,
3429,Mink بلسم 400مل,,70,,haircare,,,3,,
3430,Mink شامبو800مل,,90,,haircare,,,3,,
3431,Garnier صبغة خصم15%,,140,,accessories,,,6,,
3432,Garnier صبغة 20%,,130,,accessories,,,7,,
3433,Garnier كريم نفنيح امبوبه 25مل,,82,,accessories,,,6,,
3434,Garnier كريم نفنيح امبوبه 50مل,,137,,accessories,,,6,,
3435,Nivea Soft كريم ترطيب,,35,,accessories,,,0,,
3436,Nevia Soft كريم ترطيب 100مل,,62,,accessories,,,0,,
3437,Nevia Soft كريم ترطيب 200مل,,110,,accessories,,,11,,
3438,فاتيكا زيت الوفيرا 90مل,,23,,accessories,,,0,,
3439,Amla زيت 180مل,,85,,accessories,,,6,,
3440,Amla hfcزيت 180مل,,80,,accessories,,,6,,
3441,lonaكريم ملطف لليد 300مل,,162,,accessories,,,0,,
3442,vatika شامبو افوكادو 425مل,,130,,haircare,,,2,,
3443,vatikaزيت كبير 180 مل,,45,,accessories,,,3,,
3444,LUNA كريم سوفت عرض 3*1,,70,,accessories,,,10,,
3445,LUNA تشققات عرض 4*1,,175,,accessories,,,10,,
3446,LUNA ليب ثرابي 10جم,,55,,accessories,,,10,,
3447,GLYSOLID كريم يد 80مل,,67,,accessories,,,12,,
3448,GLYSOLID كريم  صغير 40مل,,37,,accessories,,,3,,
3449,BLANKIE كريم شعر 150مل,,325,,accessories,,,6,,
3450,BLANKIE كريم شعر اطفال120 مل,,291,,accessories,,,7,,
3451,blankie كريم حفاضه 75 مل,,188,,accessories,,,8,,
3452,BLANKIE كريم مرطب 40مل,,154,,skincare,,,7,,
3453,BLANKIE شامبو +بلسم+غسول منظف للجسم 200مل,,291,,skincare,,,7,,
3454,BLANKIE زيت شعر اطفال 100مل,,205,,haircare,,,8,,
3455,فيانسيه كريم شعر يخاخ 240مل,,60,,accessories,,,20,,
3456,EVA كريم مقشر وجه 100مل,,70,,skincare,,,5,,
3457,EVA غسول وجه  للبشره الدهنيه 100مل,,70,,skincare,,,11,,
3458,FIANCEE حمام كريك 7*1 450 مل,,70,,accessories,,,3,,
3459,HERBSINDIA اعشاب الهند 180مل,,120,,accessories,,,12,,
3461,AMLA زيت شعر ياسمين 180 مل,,90,,haircare,,,12,,
3462,ALOA AVA بديل الزيت  250 مل,,85,,accessories,,,1,,
3463,EVA غسول ومقشر  150 م,,120,,skincare,,,3,,
3464,فاتيكا زيت زيتون180 مل,,45,,accessories,,,37,,
3465,فاتيكا زيت زيتون 90مل,,46,,accessories,,,9,,
3466,فاتيكا زيت زيتون 45 مل,,20.7,,accessories,,,9,,
3467,بلوب اوكسجين 1 لتر,,70,,accessories,,,17,,
3468,ايقاغسول مقشر 150 مل,,60,,skincare,,,18,,
3469,ايفا كولاجين 150مل,,125,,skincare,,,6,,
3470,فيانسيه زيت الخلطات 150مل 7*1,,37,,accessories,,,23,,
3471,فيانسيه زيت مغذي بالصل  85 مل,,25,,accessories,,,2,,
3472,فيانسيه زيت 90مل,,24,,accessories,,,3,,
3473,LUNA صابونه جلسرين 115 جم,,50,,accessories,,,12,,
3474,فيانسيه  شامبو 340مل,,90,,haircare,,,11,,
3475,فيانسيه شامبو 170مل,,37,,haircare,,,11,,
3476,فيانسه حمام كريم 7*1 950 مل,,120,,haircare,,,3,,
3477,بلوب حمام كريم,,125,,haircare,,,2,,
3478,فيانسيه حمام كريم 7*1 450مل,,70,,haircare,,,5,,
3479,فاتيكا كريم شعر 125 ملي,,60,,accessories,,,4,,
3480,لونا ذيده  شكل جديد,,20,,accessories,,,33,,
3481,ايفا شامبو  ريبسي350مل,,100,,haircare,,,2,,
3482,ايفا كريم استحمام 370مل,,125,,accessories,,,10,,
3483,ايفا بسلم ريبسي 350 مل,,110,,accessories,,,3,,
3484,ايفا شاور جيل 1 ليتر,,140,,accessories,,,5,,
3485,ايفا زيت صبار وزيتون 255مل,,90,,accessories,,,3,,
3486,ايفا زيت صبار 255 مل,,95,,accessories,,,3,,
3487,ايفا زيت صبار 170مل,,80,,accessories,,,1,,
3488,ايفا زيت صبار 85 مل,,50,,accessories,,,4,,
3489,ايفا سكين كير لوشن 240مل,,115,,accessories,,,24,,
3490,بلوب مخمريه بادي واي 100 جرام,,75,,accessories,,,12,,
3491,بلوب مخمريه 50جرام مني,,40.5,,accessories,,,12,,
3492,بلوب هيداوي كريم بشره 100مل,,27,,accessories,,,9,,
3493,كلير شامبو للرحال 600مل,,210,,haircare,,,4,,
3494,كلير شامبو للتساقط الشعر 360مل,,150,,haircare,,,6,,
3495,كلير شامبو حريمي 600مل,,210,,haircare,,,4,,
3496,لوريال شامبو 400مل,,160,,haircare,,,6,,
3497,لوريال شامبو 400 ملي دريم لونج,,170,,haircare,,,2,,
3498,لوريال شامبو جلايكوليك 400مل,,220,,haircare,,,4,,
3499,لوريال شامبو  دريم لونج موف 400 مل 3650,,160,,haircare,,,3,,
3500,لوريال شامبو 400ملي هاليورن,,190,,haircare,,,4,,
3501,رويال شامبو للشعر التالف الجاف 400 ملي,,160,,haircare,,,4,,
3502,رويال بلسم  هيالورن  بيور 360 ملي,,200,,haircare,,,7,,
3503,روريال شامبو 400 ملي اسود,,170,,haircare,,,2,,
3504,دوف  شامبو 350ملي عادي كبير,,150,,haircare,,,7,,
3505,دوف شامبو 600 ملي كبير,,210,,haircare,,,5,,
3506,كابيكسي هير مسك 250 مل,,360,,accessories,,,1,,
3507,كير اند مور كريم بشره 250مل,,170,,accessories,,,6,,
3508,هبيتا كارميد تويتنتي كريم 50جرام,,100,,accessories,,,1,,
3509,هيبتا كارباميد 50جرام,,70,,accessories,,,0,,
3510,دراكون  رول اون 250 جم,,240,,accessories,,,4,,
3511,بوبات حمام كريم 500م,,135,,haircare,,,1,,
3512,سباركل شامبو 600مل احمر,,105,,haircare,,,2,,
3513,ماش صن باوك 125 ملي,,190,,accessories,,,1,,
3514,ماش صن بلوك 125 ملي,,175,,accessories,,,3,,
3515,ماش صن باوك 60ملي,,135,,accessories,,,0,,
3516,باليت صبغه صغير 50ملي,,135,,accessories,,,21,,
3517,فوفا سويت وايت 100جرام,,32,,accessories,,,2,,
3518,دوف شامبو 180,,95,,haircare,,,4,,
3519,كلير شامبو رجالي 180ملي,,98,,haircare,,,9,,
3520,Loreal شامبو جلايكوليك 200 ملي,,140,,haircare,,,5,,
3521,Loreal بلسم جليكولك 360 ملي,,195,,haircare,,,2,,
3522,Loreal بديل الزيت توتال ريبير 300 ملي,,165,,accessories,,,0,,
3523,Loreal بديل الزيت دهبي 300 ملي,,165,,accessories,,,0,,
3524,Lorael بديل الزيت دريم لونج 300 ملي,,195,,accessories,,,4,,
3525,Loreal شامبو دهبي فاتح 200 ملي,,125,,haircare,,,6,,
3526,Lorael بلسم اسود 200 ملي,,130,,haircare,,,3,,
3527,Loreal بلسم دريم لونج 200 ملي,,130,,haircare,,,2,,
3528,Loreal بلسم جاف دهبي 200 ملي,,130,,haircare,,,0,,
3529,Loreal شامبو هيالورون موف 200 مل,,140,,haircare,,,5,,
3530,Loreal بلسم هيالورون 200 م,,145,,haircare,,,4,,
3531,Loreal شامبو هيالورون 200 مل,,140,,haircare,,,2,,
3532,Loreal بديل الزيت اسود 300 مل,,165,,accessories,,,1,,
3533,Loreal شامبو دريم لونج 200 م,,125,,haircare,,,2,,
3534,Loreal سيرم 100 ملي,,525,,skincare,,,2,,
3535,ليزا صابون كبريت 75 جرام,,40,,skincare,,,2,,
3536,ليزا صابون بشجره الشاي 70 ج,,35,,accessories,,,1,,
3537,ليزا صابون القهوه 70 جرام,,35,,accessories,,,1,,
3538,ليزا صابون الكركم,,45,,accessories,,,0,,
3539,ليزا صابون جلسرين 75 مل,,40,,accessories,,,0,,
3540,ليزا صابون لبان الدكر 70 جرام,,50,,accessories,,,1,,
3541,ليزا صابون الفحم 80 جرام,,40,,accessories,,,1,,
3542,الترا فير كبير 50 جرام,,95,,accessories,,,4,,
3543,my baby مناديل مبلله 72 منديل,,40,,accessories,,,2,,
3544,بوبانا صنفره 300 جرام,,45,,accessories,,,1,,
3545,بوبانا حمام كريم 500 ملي,,125,,haircare,,,0,,
3546,روك مبرد خشب صغير,,15,,accessories,,,15,,
3547,شراب سيلكون,,55,,accessories,,,9,,
3548,صنفره قدم,,30,,accessories,,,6,,
3549,مبشره قدم فسفوري,,15,,kitchen,,,11,,
3550,Garnier غسول 50 مل,,90,,skincare,,,4,,
3551,Garnier غسول 100 مل,,120,,skincare,,,4,,
3552,Starky شامبو 400 مل,,70,,haircare,,,9,,
3553,كوكو صبغه درجات 60 م,,105,,accessories,,,6,,
3554,ليزا زيت 150 ملي,,55,,accessories,,,2,,
3555,ليزا زيت 75 ملي,,30,,accessories,,,2,,
3556,بريانكا مجموعه غسول +جل 250م,,85,,skincare,,,1,,
3557,Sun silk بديل الزيت 300 مل,,145,,accessories,,,3,,
3558,Sun silk شامبو 350 ملي,,100,,haircare,,,5,,
3559,Starky واكس 140 ملي,,40,,accessories,,,6,,
3560,Starky كريم مرطب 150 ملي,,40,,skincare,,,14,,
3561,ليزا كريم وسط 150 جرام,,45,,accessories,,,5,,
3562,Sun silk شامبو 600 ملي,,145,,haircare,,,5,,
3563,Sun silk شامبو 600 ملي.,,160,,haircare,,,1,,
3564,Sun silk بلسم 350 ملي,,145,,haircare,,,8,,
3565,Leven حمام كريم 500 مل,,110,,haircare,,,7,,
3566,Leven كريم للشعر الكيرلي 250 م,,70,,accessories,,,7,,
3567,Leven كريم للشعر الكيرلي 495 مل,,125,,accessories,,,3,,
3568,Eva كريم ليلي + غسول 30 مل,,80,,skincare,,,1,,
3569,Eva كريم نهاري + غسول 30 مل,,95,,skincare,,,0,,
3570,Starky فازلين 70 مل,,25,,accessories,,,8,,
3571,Alien ملقاط بصمة,,15,,accessories,,,10,,
3572,Bobana بديل الزيت 240مل,,90,,accessories,,,5,,
3573,فازلين موحد اللون,,285,,accessories,,,2,,
3574,لوفا شامبو 400 مل,,150,,haircare,,,2,,
3575,لوفا بلسم 400 مل,,150,,haircare,,,2,,
3576,Ruska شامبو + بلسم 400مل,,250,,haircare,,,3,,
3577,Devi شامبو+ بلسم 500 مل,,250,,haircare,,,3,,
3578,Lux هاند وش بخاخ 500 مل,,108,,accessories,,,3,,
3579,Willy هاند وش 750 مل,,40,,accessories,,,4,,
3580,Lux هاند وش 500 مل.,,100,,accessories,,,2,,
3581,حمام كريم 400 مل Ruska,,150,,haircare,,,3,,
3582,تيجاني حنه بيضاء 250 مل,,25,,accessories,,,2,,
3583,نتائج طبيعية حمام كريم 500 مل,,125,,haircare,,,3,,
3584,نتائج طبيعية حمام كريم 750مل,,175,,haircare,,,4,,
3585,كليوباترا تنت املاح باديكير 500م,,55,,skincare,,,1,,
3586,Mood هاند وش 500 مل,,85,,accessories,,,8,,
3587,Mood شاور جل 750 مل,,125,,accessories,,,19,,
3588,Royal بودره تفتيح شعر 40gm,,45,,accessories,,,11,,
3589,دودج ليف ان كريم 450مل,,105,,accessories,,,15,,
3590,كليوباترا صابون مغربي250 مل,,55,,accessories,,,5,,
3591,كليوباترا صابون مغربي500 مل,,85,,accessories,,,1,,
3592,نتائج طبيعية حمام كريم 750مل.,,125,,haircare,,,9,,
3593,Eva شامبو جولد,,135,,haircare,,,6,,
3594,Evaماسك كيرليز زبدة الشيا بذور الكتان,,150,,accessories,,,6,,
3595,Eva شامبو كيرز زبدة شيا وبذور كتان 230مل,,125,,haircare,,,9,,
3596,نتائج الطبيعه شامبو 500 مل,,105,,haircare,,,13,,
3597,Blueline شامبو 1لتر,,85,,haircare,,,2,,
3598,Blueline بلسم 1لتر,,85,,haircare,,,1,,
3599,Blueline شاور بخاخ 1لتر,,90,,accessories,,,5,,
3600,Eva كريم شعر كيرلز,,155,,accessories,,,4,,
3601,Care&More لوشن 150مل,,85,,accessories,,,22,,
3602,Care&More غسول 150مل,,75,,skincare,,,5,,
3603,Care&More كريم قدمين 100مل,,80,,accessories,,,4,,
3604,Wide wave كريم كيرلي 250 مل,,65,,accessories,,,3,,
3605,High life كريم فرد 325 مل,,60,,haircare,,,5,,
3606,Bobana شيت ماسك,,30,,accessories,,,61,,
3607,كليوباترا شامبو 500 مل,,60,,haircare,,,2,,
3608,كليوباترا بلسم500 مل,,60,,haircare,,,3,,
3609,Wily حمام كريم 1000 جرام,,80,,haircare,,,0,,
3610,Wily حمام كريم 800مل,,75,,haircare,,,0,,
3611,Rolls ليف ان كريم 500 مل,,95,,accessories,,,1,,
3612,Rolls ليف ان كريم 250مل,,60,,accessories,,,3,,
3613,Evona غسول بشره 300مل,,30,,skincare,,,10,,
3614,جيل صبار ايفونا 150مل,,20,,accessories,,,0,,
3615,Starky ماسك قناع 100 جرام,,25,,accessories,,,11,,
3616,Butterfly سكراب كاندي 300 gm,,65,,accessories,,,0,,
3617,فرشة اظافر,,10,,accessories,,,8,,
3618,ملقاط,,25,,accessories,,,8,,
3619,Globeye قصافه 2*1,,20,,accessories,,,7,,
3620,Cute قصافة اظافر,,50,,accessories,,,11,,
3621,Melisa قصافه على كارت,,20,,accessories,,,8,,
3622,ملقاط فضي*ذهبي,,20,,accessories,,,9,,
3623,قصافه زنجر صلب كبيره,,20,,accessories,,,11,,
3624,صنفرة قدم مستطيله,,25,,accessories,,,7,,
3625,Coco فرشة شعر,,80,,accessories,,,0,,
3626,Jolly فرشة شعر كيرلي,,60,,accessories,,,11,,
3627,Coco فرشة شعر كف.,,85,,accessories,,,2,,
3628,Coco.فرشة شعر,,90,,accessories,,,0,,
3629,فرشة شعر تشابك,,42,,accessories,,,0,,
3630,مشط 8*1,,30,,accessories,,,11,,
3631,طقم باديكير لوكس في علبه,,90,,accessories,,,7,,
3632,فرشة شعر تشابك لوكس,,60,,accessories,,,0,,
3633,اليس ليفه مغربيه,,35,,accessories,,,8,,
3634,مبشرة قدم ليزر,,45,,kitchen,,,7,,
3635,Coco فرشة شعر بامبو,,110,,accessories,,,0,,
3636,فرشة تسريح خشب مربعه,,65,,accessories,,,0,,
3637,Ossum اسبراي 120مل,,125,,perfume,,,6,,
3638,Eva سكين كير كريم ليلي,,70,,accessories,,,4,,
3639,منشر حائط 100سم هايل,,450,,accessories,,,2,,
3640,سلاكه حوض بلاستك,,90,,accessories,,,11,,
3641,مساحه استاليس,,190,,accessories,,,6,,
3642,Don غسول وجه,,75,,skincare,,,3,,
3643,ْCute صنفرة قدم مستطيلة,,25,,accessories,,,5,,
3644,بروش كريز,,30,,accessories,,,17,,
3645,فرش ميك اب8 + بيوتي بلندر,,130,,accessories,,,8,,
3646,طقم برفان 3 قطع سوبر,,400,,perfume,,,2,,
3647,Hublot Geneve ساعة,,525,,accessories,,,6,,
3648,ساعة بينمي رقمي,,285,,accessories,,,11,,
3649,ساعة انسيال حريمي,,150,,accessories,,,5,,
3650,ساعة انسيال حريمي ك,,175,,accessories,,,7,,
3651,ساعة بناتي لوكس,,150,,accessories,,,15,,
3652,طرحة كويتي,,165,,hijab,,,38,,
3653,طرحة دوبيتا تيلاندي,,150,,hijab,,,8,,
3655,طرحة مودال قطن,,110,,hijab,,,23,,
3658,طرحه دماس,,125,,hijab,,,28,,
3659,شنطه بناتي لولوي,,170,,bags,,,9,,
3660,شنطه بناتي  قطه,,140,,bags,,,8,,
3661,طرحه جيل ابل,,90,,hijab,,,25,,
3662,مروحه بشاشه رقميه,,220,,accessories,,,48,,
3663,مروحه صغيره 1,,130,,accessories,,,2,,
3664,مروحه حامل موبايل 3سرعات,,100,,accessories,,,3,,
3665,مروحه يد كرتونه بطريه,,80,,accessories,,,2,,
3666,مروحه يد ب 4-57,,125,,accessories,,,0,,
3667,مروحه يد ميكي,,130,,accessories,,,3,,
3668,مروحه ص ب شحن,,105,,accessories,,,2,,
3669,مروحه مكتب ب شحن,,210,,accessories,,,12,,
3670,مروحه يد محموله,,120,,accessories,,,2,,
3671,مروحه يد شحن فراشه,,120,,accessories,,,8,,
3672,مروحه قابله للتمدد,,270,,accessories,,,4,,
3673,جراب غساله,,100,,bags,,,5,,
3674,مفرش عباد الشمس 5 متر,,180,,accessories,,,9,,
3675,مفرش عباد الشمس 3متر,,125,,accessories,,,10,,
3676,مفرش عباد الشمس متر 1.5,,65,,accessories,,,0,,
3677,مسكره شيجلام 182,,105,,makeup,,,3,,
3678,كونسيلر مايت سينما 1050,,120,,makeup,,,6,,
3679,كونسيلر سائل جولد بيوتي,,95,,makeup,,,9,,
3680,كونسيلر سائل روز بيري,,75,,makeup,,,8,,
3681,مسكره لاست لوك 9002,,95,,makeup,,,5,,
3682,بلاشر ستيك لوك 5008,,110,,makeup,,,11,,
3683,روج سائل جولوس,,95,,makeup,,,24,,
3684,بلاشر سائل tcontc+بينفت,,50,,makeup,,,1,,
3685,ميداليه شنطه,,60,,bags,,,21,,
3686,ميداليه تليفون,,40,,accessories,,,17,,
3687,مروحه,,20,,accessories,,,30,,
3688,رموش14*1,,90,,accessories,,,11,,
3689,اظافر 5*1,,115,,accessories,,,23,,
3690,اظافر 3*1,,65,,accessories,,,95,,
3691,اظافر  الوان,,35,,accessories,,,23,,
3692,اظافر شي ان 24 ق,,25,,accessories,,,10,,
3693,اظافر ش ن,,30,,accessories,,,1,,
3694,كبشه ستانلس,,125,,kitchen,,,6,,
3695,مصفي بلاستك مربعه 4*1,,900,,accessories,,,1,,
3696,حافظه طعام 4*1,,800,,accessories,,,2,,
3697,مج بورسلين tt-1098,,170,,kitchen,,,20,,
3698,مج بورسلين tt-1862,,210,,kitchen,,,5,,
3699,مج بورسلين tt-1867,,270,,kitchen,,,7,,
3700,مج بورسلين tt-1854,,240,,kitchen,,,4,,
3701,مج بورسلين tt-1863,,220,,kitchen,,,15,,
3702,مضرب لكس مستورد xk-27,,75,,accessories,,,0,,
3703,femfresh,,320,,accessories,,,5,,
3704,FRESH LOOKعداسات,,95,,accessories,,,17,,
3705,عدسات شيجلام,,95,,accessories,,,28,,
3706,جليسوليد لوشن 200 مل احمر,,100,,accessories,,,13,,
3707,اساسر سحري روز بيري brfm00010,,110,,accessories,,,1,,
3708,رةج  سائل روز بيري rb0966d1,,55,,accessories,,,11,,
3709,فلير شفايف  كاريت 70749-47,,55,,accessories,,,22,,
3710,ليب اويل kiss beauty 7033903,,50,,accessories,,,26,,
3711,مثبت مكياج ايفر بيوتي a12-25e,,150,,accessories,,,3,,
3712,مثبت مكياج بخاخ اليزابيث هلين,,285,,accessories,,,0,,
3713,مسكره ضد الماء,,120,,makeup,,,6,,
3714,مروحه.,,30,,accessories,,,10,,
3715,طرحه كومفرت,,150,,hijab,,,8,,
3716,اسوره اية الكرسي,,75,,accessories,,,15,,
3717,شماعة طرح,,130,,accessories,,,27,,
3718,Disaar غسول فيتامين سي,,95,,skincare,,,3,,
3719,ليب بالم فواكه,,35,,accessories,,,88,,
3720,سبلاش امور وسط,,35,,perfume,,,21,,
3721,طرحه ايما ابل,,135,,hijab,,,8,,
3722,روج ستيك روز جولد,,40,,makeup,,,18,,
3723,ليب جلوس روزجولد,,55,,makeup,,,30,,
3724,روج سائل دبل روز جولد,,75,,makeup,,,13,,
3725,روج ستيك روز جولد RG5170,,45,,makeup,,,23,,
3726,مسكره 3D,,95,,makeup,,,2,,
3727,كونسيلر سائل روز بيري R,,95,,makeup,,,10,,
3728,روج سائل روز جولد RG543,,65,,makeup,,,19,,
3729,Rose Gold ليب جلوس مط.,,60,,makeup,,,44,,
3730,Karite قلم تحديد شفايف,,30,,accessories,,,8,,
3731,Sandra كونسيلر سائل,,55,,makeup,,,57,,
3732,Rose Berry كونسيلر سائل,,105,,makeup,,,9,,
3733,Rose Gold.كونسيلر سائل,,75,,makeup,,,13,,
3734,Rose Gold كونسيلر.سائل,,65,,makeup,,,23,,
3735,Last Look كونسيلر سائل,,70,,makeup,,,9,,
3736,Rose Gold بلاشر 6لون,,135,,makeup,,,0,,
3737,Rose Gold.هايلايتر,,75,,makeup,,,13,,
3738,Might Cinema لوس باودر,,115.25,,makeup,,,11,,
3739,Rose Gold ماجيك ليب جلوس,,50,,makeup,,,13,,
3740,Might Cinema ليفتر سائل,,60,,makeup,,,24,,
3741,Rose Berry.برايمر,,150,,makeup,,,1,,
3742,Rose Gold ليب جلوس ليفتر,,65,,makeup,,,21,,
3743,Bissan Beauty قلم سنون,,85,,accessories,,,12,,
3744,Sandra هايلايتر 4لون,,125,,makeup,,,5,,
3745,شيت ماسك سالسيلك اسيد,,40,,accessories,,,31,,
3746,Sandra.كونسيلر,,50,,makeup,,,21,,
3747,Rose Gold كونسيلر ستيك,,55,,makeup,,,19,,
3748,Alice جوانتي سكراب,,105,,accessories,,,10,,
3749,اظافر شي ان فردي,,25,,accessories,,,5,,
3750,شنطة ميكب ك,,95,,bags,,,0,,
3751,Rose Berryبرايمر,,125,,makeup,,,22,,
3752,Sandra لوس باودر,,110,,makeup,,,11,,
3753,D.B مسكرة تايجر,,95,,makeup,,,21,,
3754,عدسات شيجلام,,110,,accessories,,,27,,
3755,Might Cinema ايلاينر,,75,,makeup,,,0,,
3756,Alice ليفه مغربيه,,45,,accessories,,,2,,
3757,شنطه مكياج ماركات,,35,,bags,,,0,,
3758,اظافر شي ان ..,,35,,accessories,,,59,,
3759,اظافر ....,,35,,accessories,,,41,,
3760,اظافر شي ان .*,,25,,accessories,,,167,,
3761,علبة ساعة,,25,,accessories,,,0,,
3762,خاتم ابلتين,,35,,accessories,,,30,,
3763,انسيال ح ل,,120,,accessories,,,63,,
3764,تاتو سحري,,20,,accessories,,,48,,
3765,عقد 105,,35,,accessories,,,21,,
3766,عقد 123,,55,,accessories,,,10,,
3767,عقد178,,40,,accessories,,,29,,
3768,سلسله100,,45,,kitchen,,,12,,
3769,عقد 28,,45,,accessories,,,12,,
3770,عقد نجمه,,110,,accessories,,,5,,
3771,سلسله داليه,,145,,kitchen,,,42,,
3772,انسيال  نجمه,,25,,accessories,,,14,,
3773,مادلية بحر,,35,,accessories,,,14,,
3774,م,,35,,accessories,,,12,,
3775,ميدالية كوره,,75,,accessories,,,8,,
3776,ميدالية نجمه,,75,,accessories,,,8,,
3777,خلخال بحر,,25,,accessories,,,14,,
3778,حظاظة بحر,,30,,accessories,,,108,,
3779,حلق لوكس,,75,,accessories,,,30,,
3780,برسينج جولد,,40,,accessories,,,31,,
3781,حلق بحر,,40,,accessories,,,12,,
3782,اسوره استانلس لؤلؤ,,70,,accessories,,,9,,
3783,طوق استانلس,,70,,accessories,,,9,,
3784,طوق استانلس.,,55,,accessories,,,11,,
3785,اسوره استانلس بشريطه,,50,,accessories,,,8,,
3786,حلق ورده,,75,,accessories,,,6,,
3787,اسوره استانلس ..,,70,,accessories,,,5,,
3788,قصافة اظافر اكرليك,,50,,accessories,,,4,,
3789,طقم بديكير 3قطع,,90,,accessories,,,16,,
3790,فرشة ميكب,,25,,accessories,,,44,,
3791,بوك ص.ل,,170,,accessories,,,21,,
3792,بوك لوكس,,140,,accessories,,,47,,
3793,بوك جالاكسي,,110,,accessories,,,32,,
3794,خمار ماليزى,,150,,accessories,,,16,,
3795,فوطه مطبخ ل1,,80,,kitchen,,,9,,
3796,ليفه مواعين -,,60,,accessories,,,12,,
3797,طاسه كريب 34سم,,670,,kitchen,,,3,,
3798,طاسه 28سم,,570,,kitchen,,,2,,
3799,طاسه كريب 30سم,,620,,kitchen,,,3,,
3800,حافظ طعام بالشنطه 4ق,,420,,bags,,,6,,
3801,طقم ثلاجه اكليرك,,130,,accessories,,,6,,
3802,شماعه اسمايل 9+1,,40,,accessories,,,11,,
3803,ماسك استالس,,110,,accessories,,,35,,
3804,ماسك سيلكون,,175,,accessories,,,12,,
3805,سكينه مقاس 8,,160,,kitchen,,,5,,
3806,سكينه مقاس .8,,150,,kitchen,,,7,,
3807,سكينه مقاس 8 مشرشر,,150,,kitchen,,,5,,
3808,ساطور استلس,,230,,kitchen,,,6,,
3809,ساطور لوكس استلس,,250,,kitchen,,,6,,
3810,هارست فول ياد الوان,,50,,accessories,,,6,,
3811,مصفاه اسود بيدين 25.5,,250,,kitchen,,,6,,
3812,مصفاه معدن اسود 29,,195,,kitchen,,,4,,
3813,علبة حافظ طعام لوكس,,720,,accessories,,,3,,
3814,حافظ طعام اسود ابيض,,1650,,accessories,,,2,,
3815,طقم توابل بيركس + ستاند,,700,,accessories,,,2,,
3816,طقم توابل بيركس قعدة خشب,,580,,accessories,,,1,,
3817,طقم توزيع استانلس,,1040,,accessories,,,2,,
3818,كوب خزف بشاليموه,,290,,hijab,,,6,,
3819,مج خزف بشاليموه بيد بينك,,260,,hijab,,,6,,
3820,مج خزف ايس كوفي الوان,,235,,kitchen,,,6,,
3821,مج بغطاء,,220,,kitchen,,,5,,
3822,كوب خزف بالشيموه غطاء,,230,,kitchen,,,6,,
3823,كوب خزف بالشليموه,,230,,kitchen,,,6,,
3824,مج خزف ورده,,210,,kitchen,,,5,,
3825,طقم توابل خزف 7*1.,,1650,,accessories,,,2,,
3826,طقم توابل خزف 3*1 قصير,,650,,accessories,,,1,,
3827,طقم توابل خزف 3*1,,550,,accessories,,,2,,
3828,طقم توابل خزف مدور 3*1,,630,,accessories,,,1,,
3829,طقم قهوة خزف فاخر,,870,,accessories,,,3,,
3830,ورق ايرفلاير 4.5*16,,60,,accessories,,,10,,
3831,قاعدة غسالة,,40,,accessories,,,12,,
3832,صينية استانلس فاخر,,1900,,accessories,,,3,,
3833,براد استالس 1.5لتر,,275,,accessories,,,5,,
3834,براد استالس 2لتر,,290,,accessories,,,4,,
3835,زباله دريم 1ستيل الوطنيه,,145,,kitchen,,,3,,
3836,زباله دريم 2ستيل الوطنيه,,205,,kitchen,,,3,,
3837,زمزميه اطفال,,45,,accessories,,,0,,
3838,2 سكنيه مشرشره,,25,,accessories,,,23,,
3839,طقم سكينه 6*1 الوان,,50,,kitchen,,,13,,
3840,طقم معلقه سيلفر لوكس ك,,60,,accessories,,,6,,
3841,طقم معلقه سيلفر لوكس ص,,50,,accessories,,,6,,
3842,طقم شوكه سيلفر لوكس ك,,60,,accessories,,,4,,
3843,طقم شوكه  سيلفر لوكس ص,,50,,accessories,,,4,,
3844,علبه مسحوق كبيره الوطنيه,,195,,accessories,,,4,,
3845,علبه مناديل فيونكه مستورده,,80,,accessories,,,3,,
3846,قورمه جرانيت ص 37*23,,65,,accessories,,,2,,
3847,قورمه جرانيت38 ك*30,,85,,accessories,,,2,,
3848,كبه يدوي 2لتر,,150,,accessories,,,8,,
3849,مخرطه يد سوداء لوكس,,65,,accessories,,,5,,
3850,مساكه سيلكون *استلس,,49.11,,accessories,,,6,,
3851,مفرمه عجين بسكويت,,390,,accessories,,,2,,
3852,ستيكر الربيع ثلاثي البعاد 1551,,120,,accessories,,,31,,
3853,ستيكر ثلاثي البعاد1550,,55,,accessories,,,20,,
3854,مج بورسالين بغطا لونين 1210,,195,,kitchen,,,11,,
3855,سلاكه اسنان كيس,,15,,accessories,,,43,,
3856,مج طويل عسلي 1527,,105,,kitchen,,,3,,
3857,ليفه استحمام 3*1,,60,,accessories,,,11,,
3858,قالب ثلج سلكون مدور,,50,,kitchen,,,13,,
3859,قالب ثلج سليكون خليه,,40,,kitchen,,,55,,
3860,شليموه استليس,,25,,accessories,,,15,,
3861,شليموه 3*1,,30,,accessories,,,32,,
3862,شليموه 5*1,,40,,accessories,,,27,,
3863,قالب ثلج لوكس,,60,,kitchen,,,24,,
3864,شليموه اكلراك,,30,,accessories,,,26,,
3866,شليموه اكلراك 0,,30,,accessories,,,36,,
3867,مج نجمه,,95,,kitchen,,,7,,
3868,مرواحه ج ن س,,120,,accessories,,,20,,
3869,مروحه 2*1 ك,,300,,accessories,,,8,,
3870,مروحه ابجوره,,180,,accessories,,,12,,
3871,كيس شربات,,15,,accessories,,,32,,
3872,مج غطاء اكلارك,,90,,kitchen,,,60,,
3873,مج غطاء خشب لوك,,110,,kitchen,,,15,,
3874,مج عسلي,,45,,kitchen,,,33,,
3875,مج غطاء سلكون,,75,,kitchen,,,10,,
3876,زجاجة ماء,,80,,accessories,,,13,,
3877,فوح كوري,,80,,accessories,,,10,,
3878,كحل روز بيري ابيض واسود,,65,,makeup,,,72,,
3879,مسكره ساسيمي 92013,,110,,makeup,,,24,,
3880,لوس بودر  ساندرا 606,,120,,accessories,,,12,,
3881,كونسيلر ساندرا 708a,,60,,makeup,,,16,,
3882,كحل روز بيري اسود + دهبي 1015,,75,,makeup,,,1,,
3883,مسكره شيجلام,,85.94,,makeup,,,0,,
3884,مسكره مايت سينما D3,,110,,makeup,,,12,,
3885,مسكره لاست لوك 9004,,95,,makeup,,,1,,
3886,مسكره كلينكو لونج,,110,,makeup,,,7,,
3887,مسكره روز جولد RG 2222,,90,,makeup,,,12,,
3888,مسكره ليفر بيوتي 3D,,120,,makeup,,,12,,
3889,مسكره روز جولدRG218,,110,,makeup,,,11,,
3890,صابونه حواجب شي  جلام كبيره,,40,,accessories,,,12,,
3891,مسكره لونج لاش وايت ايقر عنكبوتيه,,110,,makeup,,,11,,
3892,مسكره  روز جولد 238,,125,,makeup,,,12,,
3893,مسكره فوليوم روز بييري 0256,,130,,makeup,,,12,,
3894,مسكره ساندرا 557/534,,60,,makeup,,,120,,
3895,اظافر فو ايفر,,35,,accessories,,,20,,
3896,اظافر فو ايفر  ارت,,20,,accessories,,,0,,
3897,اظافر فو ايقر ساسله,,35,,kitchen,,,10,,
3898,خاتم بحر,,60,,accessories,,,0,,
3899,خاتم ابيض واسود,,50,,accessories,,,13,,
3900,خاتم نجمه,,70,,accessories,,,28,,
3901,اسوره بحر..,,75,,accessories,,,2,,
3902,سلسه ورده,,45,,accessories,,,12,,
3903,سلسه نجمه,,55,,accessories,,,14,,
3904,حلق,,50,,accessories,,,7,,
3905,سلسه لولو,,45,,accessories,,,10,,
3906,حلق شاهين,,65,,accessories,,,3,,
3908,خاتم حروف,,25,,accessories,,,15,,
3909,حلق الوان,,45,,accessories,,,7,,
3910,حلق شجره,,30,,accessories,,,3,,
3911,غوايش,,80,,accessories,,,9,,
3912,غوايش حجر,,85,,accessories,,,12,,
3913,خاتم توينز,,35,,accessories,,,85,,
3914,خاتن=م تونز بندوره,,35,,accessories,,,39,,
3915,خاتم  تونيز بندوره فصوص 3*1,,60,,accessories,,,51,,
3916,طقم لوكس زركون 2019,,370,,accessories,,,29,,
3917,اسوره مفتوحه 2295,,65,,accessories,,,14,,
3918,طقم غوايش 6 كارتير,,150,,accessories,,,6,,
3919,كوليه كوينز,,170,,accessories,,,80,,
3920,انسييال لوكس اشكال 2662,,125,,accessories,,,46,,
3921,انسيال اشكال 2616,,100,,accessories,,,8,,
3922,كوليه  اساملس خليجي 0760,,170,,accessories,,,7,,
3923,انسيال تتنس0664,,120,,accessories,,,12,,
3924,انسيال استانلس 2500,,120,,accessories,,,11,,
3925,انسيال 3 دور 0665,,110,,accessories,,,7,,
3926,انسيال تتس اشكال 2386,,90,,accessories,,,12,,
3927,انسال لعب بحر 2390,,100,,accessories,,,12,,
3928,انسال  العاب 1597,,155,,accessories,,,12,,
3929,كوليه فرعوني 2 دور 23149,,145,,accessories,,,10,,
3930,كوليه ظهر حيه 01181,,150,,accessories,,,14,,
3931,اسوره استاليس 2628,,160,,accessories,,,12,,
3932,اسوره مسمار جولد,,40,,accessories,,,14,,
3933,اسوره مسمار فصوص 23131,,120,,accessories,,,6,,
3934,كوليه مانكو جنزير 2109,,170,,accessories,,,7,,
3935,حلق لوكس اشكال 2625,,120,,accessories,,,40,,
3936,حلق لوكس اشكال 2624,,100,,accessories,,,57,,
3937,بروش صفقه 2886,,100,,accessories,,,19,,
3938,حلق  استانلس 1285,,85,,accessories,,,4,,
3939,حلق استانلس 01231,,85,,accessories,,,37,,
3940,حلق زهره كبير 1281,,100,,accessories,,,2,,
3941,حلق قلب استاليس 1294,,100,,accessories,,,8,,
3942,حلق تكه كرتير اسود 1277,,115,,accessories,,,12,,
3943,انسيال 3 1964,,115,,accessories,,,12,,
3944,انسيال* 3 1964,,80,,accessories,,,6,,
3945,انسيال 3 3 %1964,,70,,accessories,,,13,,
3946,Might.C Liquid Lifter,,60,,accessories,,,12,,
3947,معصم صابع,,40,,accessories,,,2,,
3948,Coco مناديل شمع,,45,,accessories,,,0,,
3949,مروحه يد كرتونيه شحن,,130,,accessories,,,12,,
3950,مروحه يد شحن بقعده وحبل,,135,,accessories,,,12,,
3951,دبل فيس 5متر,,55,,accessories,,,12,,
3952,Sheglam بلاشر سائل,,85,,makeup,,,14,,
3953,Pixi بلاشر,,120,,makeup,,,22,,
3954,جيب قميص,,75,,accessories,,,24,,
3955,Sheglam Org كونسيلر,,290,,makeup,,,8,,
3956,Last Look لوس بودر,,125,,accessories,,,8,,
3957,تاتو 5ma,,15,,accessories,,,45,,
3958,ايسينس مسكره بنك اوريجنال,,270,,makeup,,,2,,
3959,ايسين  س مسكره برنسيس خضراء اوريجنال,,285,,makeup,,,2,,
3960,ميبيلين مسكره كولوسال اصفر,,340,,makeup,,,4,,
3961,نوت كريم اساس نيو اير,,800,,accessories,,,3,,
3962,نوت كريم اساس نيو اير د 110,,800.01,,accessories,,,3,,
3963,نوت كريم اساس نيو اير د 100,,800,,accessories,,,3,,
3964,طقم فرشه 5*1,,40,,accessories,,,15,,
3965,جلوس لوك اير شجلام اوريجنال,,380,,accessories,,,12,,
3966,جونتي ليفه اليس شاور,,110,,accessories,,,12,,
3967,سكرب سكر للجسم,,65,,accessories,,,3,,
3968,فوطه مايكرو فايبر,,60,,accessories,,,12,,
3969,عقد نجمه وصادفا,,90,,accessories,,,8,,
3970,خاتم لزورد,,65,,accessories,,,28,,
3971,اظافر قدم,,25,,accessories,,,0,,
3972,اظافر,,45,,accessories,,,63,,
3973,For Ever برايه,,20,,accessories,,,6,,
3974,Copybara  مشط,,15,,accessories,,,23,,
3975,ميداليه,,115,,accessories,,,4,,
3976,مجموعة الرعايه ب الاطفال,,65,,accessories,,,11,,
3977,ليفه مغربيه,,30,,accessories,,,32,,
3978,ForEver طقم باديكير,,65,,accessories,,,11,,
3979,طقم باديكير  5*1,,85,,accessories,,,12,,
3980,ليفة ظهر,,55,,accessories,,,10,,
3981,hat 1110,,180,,accessories,,,5,,
3982,hat 1122,,115,,accessories,,,9,,
3983,hat1124,,115,,accessories,,,2,,
3984,hat 1114,,115,,accessories,,,6,,
3985,hat13,,160,,accessories,,,3,,
3986,hat 112,,160,,accessories,,,6,,
3987,hat 116,,145,,accessories,,,4,,
3988,hat 1127,,110,,accessories,,,2,,
3989,hat 11,,190,,accessories,,,5,,
3990,hat1121,,105,,accessories,,,6,,
3991,hat 1126,,120,,accessories,,,4,,
3992,hat113,,135,,accessories,,,5,,
3993,hat 11111,,140,,accessories,,,0,,
3994,hat 1113,,105,,accessories,,,9,,
3995,hat 119,,225,,accessories,,,5,,
3996,hat1125,,155,,accessories,,,5,,
3997,hat1128,,85,,accessories,,,8,,
3998,hat 15,,160,,accessories,,,3,,
3999,hat 1123,,115,,accessories,,,76,,
4000,hat114,,140,,accessories,,,5,,
4001,hat 1120,,180,,accessories,,,4,,
4002,hat 118,,150,,accessories,,,2,,
4003,مداليه  m50,,110,,accessories,,,7,,
4004,تاتو سحري و,,40,,accessories,,,53,,
4005,كاب اطفالي,,130,,accessories,,,46,,
4006,كاب اطفالي..,,115,,accessories,,,54,,
4007,كاب alo,,150,,accessories,,,8,,
4008,برسينج br12.11,,40,,accessories,,,9,,
4009,بريسنج br-13-11,,45,,accessories,,,11,,
4010,بيرسنج br-101,,25,,accessories,,,21,,
4011,Lv نظارة,,135,,accessories,,,10,,
4012,ساعة رجالي,,180,,accessories,,,5,,
4013,طرحه ماركات,,150,,hijab,,,7,,
4014,مريله مطبخ ..,,70,,accessories,,,22,,
4015,شاليمو ازاز علي كرت,,50,,hijab,,,79,,
4016,ماج لوكس حروف,,250,,accessories,,,12,,
4017,ماج وتر كوفي,,325,,accessories,,,9,,
4018,ماج قطه لوكس,,240,,accessories,,,10,,
4019,ماج اسكتش يد مفتوحه,,325,,accessories,,,6,,
4020,ماج ايد اسكتش,,280,,accessories,,,12,,
4021,قزازه بخاخه,,95,,accessories,,,11,,
4022,قزازه اسبورت ملون .,,160,,accessories,,,56,,
4023,طقم سكينه لوره,,350,,kitchen,,,9,,
4024,قورمه استلس,,650,,accessories,,,4,,
4025,قورمه خشب ك,,160,,accessories,,,12,,
4026,قورمه خشب و,,130,,accessories,,,4,,
4027,قورمه خشب ص,,110,,accessories,,,6,,
4028,طقم توابل خزف ..,,1450,,accessories,,,6,,
4029,طقم توابل خزفحالزون +دبدوب,,1750,,accessories,,,5,,
4030,شياله خزف,,1150,,accessories,,,6,,
4031,توابل تاتش,,650,,accessories,,,3,,
4032,توابلاستلس,,480,,accessories,,,2,,
4033,ازازه اتنين فتحه,,225,,accessories,,,43,,
4034,ازازه اتنين فتحه لوكس,,320,,accessories,,,12,,
4035,ازازه مشكل,,105,,accessories,,,17,,
4036,جواندي س,,15,,accessories,,,12,,
4037,معلقه مدهب قلب,,120,,accessories,,,12,,
4038,شنطه جامبو,,75,,bags,,,11,,
4039,شنطه بطانيه,,60,,bags,,,10,,
4040,لانش بوكس,,250,,kitchen,,,9,,
4041,مناديل صفرا ملابس,,45,,accessories,,,11,,
4042,منظم اكسسوار,,60,,kitchen,,,4,,
4043,منظم توابل,,120,,kitchen,,,5,,
4044,اظافر الوان...,,30,,accessories,,,140,,
4045,شفرات فردي,,65,,accessories,,,18,,
4046,Eva معطر جسم 240مل,,245,,perfume,,,36,,
4047,Nono بودره اطفال 50مل,,35,,accessories,,,15,,
4048,Nono بودره اطفال 100مل,,65,,accessories,,,11,,
4049,Sky حمام كريم 1ك,,105,,haircare,,,6,,
4050,كريم وايتي بانثينول 40جم,,54,,skincare,,,1,,
4051,LEOPARD ونك اوليف كريم 60مل,,60,,accessories,,,5,,
4052,Venus ماكينة جيليت,,520,,accessories,,,6,,
4054,ASK So Sexy Spray 120ml,,160,,accessories,,,18,,
4055,Loreal صبغه اكسلانس,,299.36,,accessories,,,2,,
4056,COCO شمع خرز كيس500جم,,150,,accessories,,,6,,
4057,COCO شمع خرز برطمان 350جم,,125,,kitchen,,,6,,
4058,Nono بودره اطفال 200جم,,105,,accessories,,,8,,
4059,TRESemme شامبو 400مل,,195,,haircare,,,4,,
4060,TRESemme شامبو تحكم بلتطاير 400مل,,175,,haircare,,,7,,
4061,TRESemme شامبو 600مل,,250,,haircare,,,6,,
4062,TRESemme بلسم 600مل,,250,,haircare,,,6,,
4063,Eva غسول وجه ومزيل ميكب,,125,,skincare,,,11,,
4064,Eva غسول وجه بحمض الهيالورونيك,,120,,skincare,,,6,,
4065,Vera Shampoo 250ml,,165,,haircare,,,5,,
4066,Vera بلسم 250مل,,165,,haircare,,,5,,
4067,Vera حمام كريم 400مل,,240,,haircare,,,5,,
4068,Baki شامبو 500مل,,110,,haircare,,,5,,
4069,Baki حمام كريم 5500مل,,110,,haircare,,,8,,
4070,Eva عسل كريم مرطب 55مل,,30,,skincare,,,18,,
4071,Baki سيرم 75مل,,135,,skincare,,,5,,
4072,الاسكا زيت مساج الوان 125مل,,105,,accessories,,,5,,
4073,Marolina شامبو 1لتر,,175,,haircare,,,7,,
4074,Marolina شاور جل 1لتر,,170,,accessories,,,6,,
4075,Marolina بلسم 1لتر,,175,,haircare,,,6,,
4076,Everest شاور 1لتر,,110,,accessories,,,15,,
4077,Everest بلسم 1 لتر,,95,,haircare,,,8,,
4078,Everest شامبو 1لتر,,110,,haircare,,,10,,
4079,Vera سيرم حراري قبل المكواه 100مل,,325,,skincare,,,2,,
4080,Vera سيرم ارجان للتغذيه 100مل,,295,,skincare,,,2,,
4081,Emami زيت شعر 200مل,,185,,haircare,,,6,,
4082,Emami زيت شعر 300مل,,275,,haircare,,,6,,
4083,Emami زيت شعر 100مل,,97,,haircare,,,6,,
4084,Emami زيت 50مل,,55,,accessories,,,1,,
4085,DR Rashel صن بلوك سبراي 150مل,,230,,accessories,,,6,,
4086,ٌDR Rashel صن بلوك كريم60جم,,215,,accessories,,,6,,
4089,Alice شفرات سكيلي سموث,,123.23,,accessories,,,9,,
4090,كانلي ماكينة حلاقة حريمي,,45,,accessories,,,0,,
4091,Venus جيليت,,95,,accessories,,,1,,
4092,ِAvuva ماكينة حلاقة 5 قطع,,75,,accessories,,,0,,
4094,Dear غسول البشره الدهنيه 200مل,,290,,skincare,,,6,,
4095,Dear جل مرطب 200جم,,315,,skincare,,,5,,
4097,Dermactive جلوبال كريم جل 50جم,,240,,accessories,,,2,,
4098,Dermactive ليب بالم 15مل,,150,,accessories,,,6,,
4099,Dima املاح باديكير  850مل,,25,,accessories,,,16,,
4100,التجاني طمي بودر مغربي,,22,,accessories,,,12,,
4101,Bobana طمي مغربي 400جم,,48,,accessories,,,6,,
4102,High Life طمي مغربي 300مل,,28,,accessories,,,4,,
4103,Karseell سيرم للشعر التالف 50مل,,635,,skincare,,,6,,
4104,Leaves شامبو وبلسم 250مل,,295,,haircare,,,4,,
4105,Leaves بلسم لتساقط الشعر 200مل,,280,,haircare,,,5,,
4106,TetraHydro سيراميد جل مرطب,,279.67,,skincare,,,3,,
4107,TetraHydro جل مرطب 75مل,,200,,skincare,,,3,,
4108,Alejon كريم يوريا 200جم,,365,,accessories,,,3,,
4109,Karseell ماسك 500مل,,795,,accessories,,,3,,
4110,Karseell بلسم 500مل,,620,,haircare,,,5,,
4111,Karseell شامبو 500مل,,620,,haircare,,,6,,
4112,Alejon كريم يوريا 500جم,,625,,accessories,,,3,,
4113,ِAlejon بدي ميلك تفتيح 200مل,,355,,accessories,,,3,,
4114,Leaves هير ماسك 250مل,,295,,accessories,,,4,,
4115,Leaves كريم تساقط وهيشان للشعر,,360,,haircare,,,6,,
4116,Melatime صن سكرين +50  60مل,,325,,skincare,,,6,,
4117,Melatime صن سكرين جل حماية   120مل,,460,,skincare,,,6,,
4118,Melatime صن سكرين جل شفاف 50جم,,625,,skincare,,,6,,
4119,Melatime صن سكرين تنتد 60جم,,460,,skincare,,,6,,
4120,Melatime صن سكرين سبراي  150مل,,550,,skincare,,,6,,
4121,ClaraPiel صن سكرين لوشن 60مل,,175,,skincare,,,12,,
4122,HighLife صنفره 300مل,,27,,accessories,,,6,,
4123,Evona جل صبار كوري 150مل,,20,,accessories,,,13,,
4124,TetraHydro كريم مرطب باليوريا,,130,,skincare,,,3,,
4125,Dermactive غسول جل للبشره الدهنيه 200مل,,199,,skincare,,,0,,
4126,Dermactive هيدرا كريم جل 1+1,,230,,accessories,,,6,,
4127,Dermactive ريبير سموزينج كريم 200مل,,305,,accessories,,,3,,
4128,Dermactive سيكا كريم 50مل,,198,,accessories,,,2,,
4129,Dermactive ريبير فوت كريم 60مل,,180,,accessories,,,1,,
4130,Dermactive عرض سيريوس غسول فوم 150مل,,295,,skincare,,,14,,
4131,Dermactive سيريوس كريم مقشر,,350,,skincare,,,12,,
4132,Dermactive سيريوس كريم مرطب,,335,,skincare,,,12,,
4133,سبلاش ايفا 85مل,,85,,perfume,,,10,,
4134,اظافر شي ان 2*1,,60,,accessories,,,12,,
4135,رموش كتاب.,,210,,accessories,,,35,,
4136,رموش 22810,,195,,accessories,,,11,,
4137,رموش مكس 21738,,210,,accessories,,,5,,
4138,رموش 22839,,180,,accessories,,,2,,
4139,رموش مكس 21748,,300,,accessories,,,5,,
4140,قطعه رموش انمي 111,,150,,accessories,,,5,,
4141,قطعه رموش 22824,,105,,accessories,,,5,,
4142,قطعه رموش 22825,,120,,accessories,,,4,,
4143,قطعه رموش مكس 21502,,85,,accessories,,,5,,
4144,قطعه رموش انمي 10صف777,,70,,accessories,,,4,,
4145,قطعه رموش 30شعره 2216125,,40,,accessories,,,16,,
4146,قطعه رموش انمي 10صف دبل فيس 555,,95,,accessories,,,5,,
4147,برسنج 5*1,,30,,accessories,,,23,,
4148,برسنج بطن 106,,15,,accessories,,,11,,
4149,شيت ماسك روزبيري,,25,,accessories,,,64,,
4150,برنسج 3*1,,15,,accessories,,,12,,
4151,دبل فيس طرحه,,15,,hijab,,,17,,
4152,لزق شوجر رمادي,,10,,accessories,,,6,,
4153,جفت استانلس,,95,,accessories,,,11,,
4154,اكسوار راستا,,25,,accessories,,,8,,
4155,Romantic كونسيلر,,55,,makeup,,,24,,
4156,Sheglam كريم اساس,,150,,accessories,,,11,,
4157,Romantic Bright مسكره,,85,,makeup,,,12,,
4158,Romantic Bright مسكره 5D,,95,,makeup,,,12,,
4159,Rose Gold مورد خدود سحري,,95,,accessories,,,0,,
4160,Rose Berry كونسيلر,,135,,makeup,,,11,,
4162,Monaya بلاشر,,110,,makeup,,,24,,
4163,Sheglam مسكره دبل,,70,,makeup,,,0,,
4164,كاب 1-,,95,,accessories,,,6,,
4165,كاب جنز استراس,,195,,accessories,,,7,,
4166,كاب,,175,,accessories,,,32,,
4167,شنطه صيفي,,610,,bags,,,4,,
4168,شنطه,,675,,bags,,,2,,
4169,غطاء شعر صيفي,,310,,accessories,,,7,,
4170,شنطه الوان,,540,,bags,,,2,,
4171,Sheglam صابونة حواجب.,,85,,accessories,,,2,,
4172,Rose Gold ايشادو 15لون,,125,,makeup,,,5,,
4173,Rose Berry لوس بودر.,,225,,accessories,,,11,,
4174,مسكره كشخة ارجنال,,180,,makeup,,,31,,
4175,بوباي صن سكرين جل 60ج,,385,,skincare,,,1,,
4176,بوباي صن سكرين جل تنتد,,385,,skincare,,,3,,
4177,بوباي صن سكرين لوشن حمايه 120م,,264,,skincare,,,2,,
4178,بوباي صن سكرين كريم 50م,,437,,skincare,,,3,,
4179,دراكون صن سكرين كريم 150+ صن سكرين حمايه,,389,,skincare,,,4,,
4180,بوباي صن سكرين50ج 1+1,,238,,skincare,,,3,,
4181,دراكون صن سكرين كريم50+عرض,,295,,skincare,,,17,,
4182,ماش صن بلوك تنتد60ج,,263,,accessories,,,6,,
4183,ماش صن سكرين ترطيب 125ج,,265,,skincare,,,6,,
4184,انفينتي صن سكرين لوشن عرض 1+1,,256,,skincare,,,4,,
4185,انفينتي صن سكرين جيل  عرض 1+,,243,,skincare,,,5,,
4186,ستاركي كريم صن,,67,,accessories,,,5,,
4187,فاكيشن صن سكرين اسبراي 200م,,510,,skincare,,,2,,
4188,فاكيشن غسول سبيو جل 200م,,272,,skincare,,,3,,
4189,ماش صن بلوك 125م,,234,,accessories,,,6,,
4190,ماش صن بلوك تنتد 60ج,,265,,accessories,,,6,,
4191,ماش صن سكرين ترطيب يومي 125ج,,265,,skincare,,,6,,
4192,ماش صن بلوك 125م.,,234,,accessories,,,6,,
4193,Eva سكين كير بلعسل 20جم,,14,,accessories,,,11,,
4194,La Vie est belle 75ml,,220,,accessories,,,4,,
4195,اميرة العرب 100مل,,210,,accessories,,,6,,
4196,Victoria Bombshell H.Copy 100ml,,195,,accessories,,,6,,
4197,أسد 100مل (بيت العطور),,190,,accessories,,,4,,
4198,M.LAVERNE 100ml,,225,,accessories,,,1,,
4199,رموش & جفت,,160,,accessories,,,45,,
4200,تناية رموش,,30,,accessories,,,25,,
4201,Romantic Cool اظافر,,40,,accessories,,,32,,
4202,Parrty Legend اظافر,,35,,accessories,,,10,,
4203,Rose Berry ايشادو,,995,,makeup,,,5,,
4204,رومش 5D,,25,,accessories,,,12,,
4205,Shushا فرشه,,55,,accessories,,,5,,
4206,Elite فرشه,,45,,accessories,,,6,,
4207,Bonita فرشه,,30,,accessories,,,1,,
4208,Anru فرشة خشب,,95,,accessories,,,3,,
4209,Bonita فرشة هابي لايف,,70,,accessories,,,6,,
4210,مرايه مستورده,,30,,accessories,,,2,,
4211,Bonita فرشة بيضاوي,,65,,accessories,,,6,,
4212,شفرة جسم,,250,,accessories,,,5,,
4213,فرشة شعر فاكيوم,,55,,accessories,,,12,,
4214,فرشة شعر,,45,,accessories,,,19,,
4215,كلينينج باد,,15,,accessories,,,10,,
4216,سفنجة غسول,,17,,skincare,,,13,,
4217,اظافر برجاندي,,35,,accessories,,,3,,
4218,استراس ورد + اشكال,,35,,accessories,,,35,,
4219,ليفه مغربية لوكس,,70,,accessories,,,6,,
4220,استراس فاكيوم,,70,,accessories,,,12,,
4221,Mely ستراس,,55,,accessories,,,12,,
4222,Migth cinema ايشادو,,315,,makeup,,,3,,
4223,Rose berry ماسكرا,,130,,makeup,,,12,,
4224,R.B BLACK ماسكرا,,145,,makeup,,,23,,
4225,R.B قلم تحديد,,90,,accessories,,,9,,
4226,R.B ليب لاينر,,95,,makeup,,,10,,
4227,R.B كحل ثابت,,70,,makeup,,,10,,
4228,R.B ماسكرا تايجر,,160,,makeup,,,10,,
4229,KARIT قلم جواجب,,100,,accessories,,,5,,
4230,R.B قلم حواجب,,90,,makeup,,,10,,
4231,طرحه مركات,,310,,hijab,,,2,,
4232,مسكره حواجب شفاف,,40,,makeup,,,11,,
4233,تنت روابي رواز,,45,,accessories,,,14,,
4234,كريم اساس روابي رواز,,115,,accessories,,,12,,
4235,مسكره راوبي روز,,75,,makeup,,,4,,
4236,اي برر بودر حواجاب,,40,,accessories,,,22,,
4237,ليب جلاس,,45,,accessories,,,19,,
4238,قالب ثلج 2*1,,40,,kitchen,,,23,,
4239,معلقه سليكون,,35,,accessories,,,56,,
4240,فرشه سليكن,,35,,accessories,,,24,,
4241,شاليمو ازاز لوكس 7*1,,60,,hijab,,,11,,
4242,اسياخ شوي,,15,,accessories,,,59,,
4243,مج ايس كوفي فرتشه ك,,240,,kitchen,,,10,,
4244,ليف مواعين,,35,,accessories,,,24,,
4245,قالب شوكليت سيليكون,,35,,accessories,,,12,,
4246,مج قهوه ص,,15,,kitchen,,,216,,
4247,زجاجه ازاز ميداليه,,280,,accessories,,,12,,
4248,Well مج 550 مل,,330,,kitchen,,,12,,
4249,مج استانلس 800مل,,345,,kitchen,,,12,,
4250,More مج استانلس,,315,,kitchen,,,12,,
4251,غطاء طعام المونيوم,,15,,accessories,,,11,,
4252,قفل تلاجه,,35,,accessories,,,11,,
4253,شنطة  غسيل احذية,,95,,bags,,,12,,
4254,WYOK جل غسيل 5*1,,95,,accessories,,,10,,
4255,مناديل ازالة بقع 20ق,,40,,accessories,,,10,,
4256,Crown مج ايس كوفي,,20,,kitchen,,,64,,
4257,Sohappy مج,,120,,kitchen,,,45,,
4258,HERBSINDIA اعشاب الهند 280مل,,160,,accessories,,,10,,
4259,Mood سبلاش 220مل,,205,,perfume,,,17,,
4260,Dove صابون 90جم,,60,,accessories,,,8,,
4261,فاشكول كريم 500 مل,,225,,accessories,,,5,,
4262,TRICHUP زيت 20مل,,150,,accessories,,,5,,
4263,Bigen صبغة شعر بودرة,,120,,haircare,,,9,,
4264,Vatika حنه هندية 60جم,,45,,accessories,,,24,,
4265,دوار الشمس,,595,,accessories,,,6,,
4266,البوري,,610,,accessories,,,6,,
4267,فيونا,,590,,accessories,,,6,,
4268,يلويري,,590,,accessories,,,6,,
4269,ياسمين,,630,,accessories,,,6,,
4270,لونا,,610,,accessories,,,6,,
4271,اوريو,,595,,accessories,,,6,,
4272,بيلي1410,,594.99,,accessories,,,6,,
4273,فانيليا 2410,,595,,accessories,,,6,,
4274,جيررجر 3410,,595,,accessories,,,6,,
4275,فينيسيا 1575,,880,,accessories,,,6,,
4276,وهم 1560,,855,,accessories,,,6,,
4277,فلوريا 2560,,855,,accessories,,,6,,
4278,شبايي مطبوع 2560,,855,,accessories,,,6,,
4279,AL2 .2400,,580,,accessories,,,6,,
4280,بيركن2490,,710,,accessories,,,3,,
4281,اليبانس 2610,,890,,accessories,,,3,,
4282,لاب مدرع *1100*,,1380,,accessories,,,2,,
4283,ماجيستك *1000*,,1390,,accessories,,,2,,
4284,ايلين 1825,,1200,,accessories,,,2,,
4285,لاب مستورد وسط,,655,,accessories,,,3,,
4286,لاب مركات وسط 1180,,280,,accessories,,,1,,
4287,هاف اندهاف 14*1470*,,750,,accessories,,,8,,
4288,جانكل *1370*13,,580,,accessories,,,4,,
4289,برنن يوني 14*525*,,830,,accessories,,,4,,
4290,اتشوكو 14*1505*,,750,,accessories,,,6,,
4291,انيمالز*1350*,,530,,accessories,,,2,,
4292,دبدوب*1180*,,270,,accessories,,,5,,
4293,درس تربروف *1120*,,180,,accessories,,,3,,
4294,AG5*1380*,,570,,accessories,,,4,,
4295,AG6*1390*,,585,,accessories,,,4,,
4296,بانكل 15.*1450*,,675,,accessories,,,4,,
4297,نشاميون 17 *1575*,,862.5,,accessories,,,6,,
4298,الفا 16*1505*,,757.5,,accessories,,,4,,
4299,طقم سيشل *1835*,,1200,,accessories,,,2,,
4300,طقم فيجن مشجر *1935*,,1350,,accessories,,,2,,
4301,طقم فيجن ساد*1925*,,1350,,accessories,,,2,,
4302,كالفه18*1990*,,1450,,accessories,,,2,,
4303,بتر فلاي صغير *1745*,,1090,,accessories,,,2,,
4304,فراشه كبير *1540*,,790,,accessories,,,3,,
4305,طقم هابي برنيس,,1097.25,,accessories,,,3,,
4306,اتشوكو 16 *1560*,,820,,accessories,,,4,,
4307,فروكير *1165*,,240,,accessories,,,7,,
4308,فرو وب *1130*,,190,,accessories,,,4,,
4309,انشوكو 14*1725*,,1060,,accessories,,,1,,
4310,كارت بنس شعر,,25,,accessories,,,0,,
4311,بلوند 15*500*,,730,,accessories,,,8,,
4312,لانش ستالس ك213,,280,,accessories,,,12,,
4313,لانش 2*1 ك 886,,180,,accessories,,,11,,
4314,زمزميه ستيش ك 43,,240,,accessories,,,11,,
4315,مج owalaaاشكال,,590,,kitchen,,,22,,
4316,ازازه ص مرواحه ك229,,165,,accessories,,,9,,
4317,ازازه لوكس ك99,,260,,accessories,,,12,,
4318,ازازه لوكس 750م ك111,,230,,accessories,,,12,,
4319,ازازه لوكس 650م ك117,,210,,accessories,,,12,,
4320,ازازه لوكس 1لتر *ك 120,,260,,accessories,,,12,,
4321,ازازه لوكس ك227,,185,,accessories,,,10,,
4322,ازازه لوكس  ك106,,240,,accessories,,,12,,
4323,ازازه لوكس 1لتر ك121,,290,,accessories,,,12,,
4324,ازازه اسود لوكس 900م ك139,,270,,accessories,,,12,,
4325,ازازه energy ك134,,260,,accessories,,,11,,
4326,ازازه لوكس ك105,,255,,accessories,,,12,,
4327,ازازه لوكس 1000م ك161,,215,,accessories,,,11,,
4328,ازازه 550م اشكال ك 126,,195,,accessories,,,24,,
4329,ازازه جودلاك1لتر اسود ك136,,255,,accessories,,,12,,
4330,ازازه جودلاك الوان 600م ك140,,225,,accessories,,,13,,
4331,ازازه جودلاك 600م ك137,,225,,accessories,,,28,,
4332,ازازه لوكس 850م ك163,,200,,accessories,,,11,,
4333,ازازه نايس 600م ك109,,210,,accessories,,,12,,
4334,زمزميه لوكس ك48,,170,,accessories,,,12,,
4335,ازازه لوكس ك 230,,170,,accessories,,,10,,
4336,زمزمبه ستيتش ك 1-70,,210,,accessories,,,120,,
4337,لانش استيكر,,80,,accessories,,,12,,
4338,فوطه مطبخ الوان لوكس,,85,,kitchen,,,24,,
4339,لانش هامر,,170,,accessories,,,18,,
4340,لانش اسمايل,,115,,accessories,,,15,,
4341,لانش الساعه,,155,,accessories,,,24,,
4342,لانش اسكرينا,,110,,accessories,,,23,,
4343,لانش مقسم شفاف,,60,,accessories,,,24,,
4344,مج لوكس ك0003,,275,,kitchen,,,11,,
4345,لانش ستالس مستورد ك 988-20,,310,,accessories,,,24,,
4346,كارت تلاجه مغنطيس,,25,,accessories,,,24,,
4347,زمزميه لوكس ك 236,,315,,accessories,,,12,,
4348,1 كبسولة فيتامين للبشره,,2,,accessories,,,71,,
4349,تصفايه معالق ...,,95,,accessories,,,12,,
4350,كابه يدوي استلس 2لتر,,210,,accessories,,,29,,
4351,مضرب بيض استلس.,,40,,accessories,,,12,,
4352,بخاخ زيت كبير لوكس,,55,,accessories,,,20,,
4353,بخاخ زيت كبير,,45,,accessories,,,20,,
4354,مبرد رجل,,120,,accessories,,,8,,
4355,كتل اكلرك لوكس,,540,,accessories,,,2,,
4356,كتل اكلرك لوكس .,,480,,accessories,,,2,,
4357,كتل ستلس,,470,,accessories,,,2,,
4358,عياشه,,90,,accessories,,,36,,
4359,كنكه اكلرك لوكس,,310,,accessories,,,4,,
4360,كنكه قهوه,,160,,accessories,,,2,,
4361,طقم فنجال قهوه ي,,510,,accessories,,,3,,
4362,طقم فنجال قهوه ا,,365,,accessories,,,3,,
4363,عصاره برتقال كهربا,,410,,accessories,,,3,,
4364,صواني مانمين,,360,,accessories,,,11,,
4365,صواني مانمين شي ان,,410,,accessories,,,11,,
4366,دواسه 2*1 شي ان,,220,,kitchen,,,25,,
4367,دواسه ص,,85,,kitchen,,,12,,
4368,دواسه وسط,,130,,kitchen,,,12,,
4369,طربيظ اطفال,,210,,accessories,,,10,,
4370,زجاجه مياه,,65,,kitchen,,,12,,
4371,كيس كريمه سيليكون,,55,,accessories,,,12,,
4372,كيس كريمه علي كرت,,50,,accessories,,,12,,
4373,بلاشر ليكود ساندرا,,60,,makeup,,,21,,
4374,روج سايل ساندرا فوشه عريضه,,60,,makeup,,,24,,
4375,بلاشر 4لون ساندر598,,125,,makeup,,,12,,
4376,تنت BENE,,45,,accessories,,,24,,
4377,شيت ماسك FARMSTAY,,30,,accessories,,,33,,
4378,شراب بناتي,,25,,accessories,,,117,,
4379,توكه مشبك 2,,25,,accessories,,,35,,
4380,توكه مشبك .ص,,20,,accessories,,,69,,
4381,توكه كلبس 0,,20,,accessories,,,60,,
4382,توكه كلبس لوكس .,,25,,accessories,,,24,,
4383,توكه باندانا,,25,,accessories,,,12,,
4384,توكه بندانه,,30,,accessories,,,12,,
4385,توكه كلبس فيونكه,,30,,accessories,,,12,,
4386,توكه طوق لوكس 0,,60,,accessories,,,12,,
4387,بنسه 7224,,15,,accessories,,,24,,
4388,بنسه  ارنب,,20,,accessories,,,24,,
4389,قطعه كبسول شيت ماسك,,2,,accessories,,,200,,
4390,اظافر شي ان فردي عرض 10,,10,,accessories,,,290,,
4391,اظافر شي ان 5*1 عرض,,35,,accessories,,,238,,
4392,شفرات2 غيار,,75,,accessories,,,12,,
4393,شفرات 4 علي كرت,,60,,accessories,,,12,,
4394,مروحه استاند,,30,,accessories,,,95,,
4395,جوانتي مطبخ,,85,,accessories,,,12,,
4396,زجاجه مياه فيونكه,,130,,kitchen,,,12,,
4397,صلصال ص,,25,,accessories,,,12,,
4398,صلصال ك,,33,,accessories,,,12,,
4399,علبه كاتشب 2*1,,17,,accessories,,,12,,
4400,عبوه ميكب1,,60,,accessories,,,12,,
4401,عبوه ميكب2,,70,,accessories,,,24,,